0,51,OR51E2,1
1,107,OR1A1,0
2,107,OR1D2,0
3,107,OR2M3_OR2M3P_OR2M6,0
4,107,OR2W1,0
5,107,OR5K1,0
6,107,OR5M3,0
7,107,OR8D1_OR8D3,0
8,111,OR51E2,0
9,176,OR10S1,0
10,176,OR1A1,0
11,176,OR2A1,0
12,176,OR2A7,0
13,176,OR2L13_OR2L14,0
14,176,OR2M3_OR2M3P_OR2M6,0
15,176,OR2T4,0
16,176,OR2W1,0
17,176,OR2W3_OR2W3P_OR2W8P,0
18,176,OR51B5,0
19,176,OR51E1_OR51E1P_OR52A3P,0
20,176,OR51E2,1
21,176,OR51I2,0
22,176,OR51L1,0
23,176,OR52A5,0
24,176,OR52B2,0
25,176,OR52D1,0
26,176,OR52E8,0
27,176,OR52L1,0
28,176,OR56A5_OR56A5P,0
29,176,OR5K1,0
30,176,OR5M3,0
31,176,OR8D1_OR8D3,0
32,177,OR1A1,0
33,177,OR2M3_OR2M3P_OR2M6,0
34,177,OR2W1,0
35,179,OR1A1,0
36,179,OR1G1_OR1G2,1
37,179,OR2M3_OR2M3P_OR2M6,0
38,179,OR2W1,0
39,179,OR52D1,1
40,179,OR5K1,0
41,179,OR5M3,0
42,179,OR8D1_OR8D3,0
43,196,OR1A1,0
44,196,OR1A2,0
45,240,OR1D2,0
46,240,OR1G1_OR1G2,1
47,240,OR1L3,0
48,240,OR2B3_OR2B3P,0
49,240,OR2G2,0
50,240,OR2M4,0
51,240,OR2T10,0
52,240,OR2T34,0
53,240,OR52D1,1
54,240,OR5AC2,0
55,240,OR5B17_OR5B20P,0
56,241,OR10H1,0
57,241,OR10J5,0
58,241,OR1A1,0
59,241,OR2C1,0
60,241,OR2J2,0
61,241,OR2M7,0
62,241,OR2W1,0
63,241,OR51E1_OR51E1P_OR52A3P,0
64,241,OR51E2,0
65,241,OR51L1,0
66,241,OR5P3,0
67,243,OR51E1_OR51E1P_OR52A3P,0
68,243,OR51E2,0
69,243,OR51I2,1
70,243,OR51L1,0
71,243,OR52A5,0
72,243,OR52B2,0
73,243,OR52D1,1
74,243,OR52E8,0
75,243,OR52L1,0
76,243,OR56A5_OR56A5P,0
77,244,OR1G1_OR1G2,1
78,244,OR1L3,0
79,244,OR2B3_OR2B3P,0
80,244,OR2G2,0
81,244,OR2M4,0
82,244,OR2T10,0
83,244,OR2T34,0
84,244,OR2W1,0
85,244,OR52D1,1
86,244,OR5AC2,0
87,244,OR5B17_OR5B20P,0
88,263,OR10A2_OR10A2P,0
89,263,OR10A3,0
90,263,OR10A4_OR10A4P,0
91,263,OR10A5_OR10A1,0
92,263,OR10A6,0
93,263,OR10A7,0
94,263,OR10AD1_OR10AD1P,0
95,263,OR10AG1,0
96,263,OR10C1_OR10C2,0
97,263,OR10D3,0
98,263,OR10G3,0
99,263,OR10G4,0
100,263,OR10G6_OR10G6P,0
101,263,OR10G7,0
102,263,OR10G8,0
103,263,OR10G9_OR10G10P,0
104,263,OR10H1,0
105,263,OR10H2,0
106,263,OR10H3,0
107,263,OR10H4,0
108,263,OR10H5,0
109,263,OR10J1,0
110,263,OR10J3_OR10J3P,0
111,263,OR10J5,0
112,263,OR10K1,0
113,263,OR10K2,0
114,263,OR10P1_OR10P1P_OR10P2P_OR10P3P,0
115,263,OR10Q1,0
116,263,OR10R2,0
117,263,OR10S1,0
118,263,OR10T2,0
119,263,OR10V1,0
120,263,OR10W1_OR10W1P,0
121,263,OR10X1_OR10X1P,0
122,263,OR10Z1,0
123,263,OR11A1_OR11A2,0
124,263,OR11G2,0
125,263,OR11H1,0
126,263,OR11H12,0
127,263,OR11H2_OR11H2P,0
128,263,OR11H4,0
129,263,OR11H6,0
130,263,OR11L1,0
131,263,OR12D2,0
132,263,OR12D3,0
133,263,OR13A1,0
134,263,OR13C2,0
135,263,OR13C3,0
136,263,OR13C4,0
137,263,OR13C5,0
138,263,OR13C8,0
139,263,OR13C9,0
140,263,OR13D1,0
141,263,OR13F1,0
142,263,OR13G1,0
143,263,OR13H1,0
144,263,OR13J1,0
145,263,OR14A2_OR5AX1_OR5AX1P,0
146,263,OR14C36_OR5BF1,0
147,263,OR14I1_OR5BU1_OR5BU1P,0
148,263,OR14J1_OR5U1,0
149,263,OR14K1_OR5AY1,0
150,263,OR14L1_OR14L1P_OR5AV1P,0
151,263,OR1A1,0
152,263,OR1A2,0
153,263,OR1C1,0
154,263,OR1D2,0
155,263,OR1D5,0
156,263,OR1E1_OR1E5_OR1E6_OR1E9P,0
157,263,OR1E2_OR1E4,0
158,263,OR1F1,0
159,263,OR1F12P_OR1F12,0
160,263,OR1G1_OR1G2,0
161,263,OR1I1,0
162,263,OR1J1,0
163,263,OR1J2_OR1J3_OR1J5,0
164,263,OR1J4,1
165,263,OR1K1,0
166,263,OR1L1_OR1L2,0
167,263,OR1L3,0
168,263,OR1L4_OR1L5,0
169,263,OR1L6_OR1L7,0
170,263,OR1L8,0
171,263,OR1M1,0
172,263,OR1N1_OR1N3,0
173,263,OR1N2,0
174,263,OR1Q1_OR1Q2_OR1Q3,0
175,263,OR1S1,0
176,263,OR1S2,0
177,263,OR2A1,0
178,263,OR2A12_OR2A12P,0
179,263,OR2A14,0
180,263,OR2A14_OR2A14P_OR2A6,0
181,263,OR2A25_OR2A25P_OR2A27,0
182,263,OR2A2_OR2A17P_OR2A2P,0
183,263,OR2A4_OR2A10,0
184,263,OR2A5_OR2A26_OR2A8,0
185,263,OR2A7,0
186,263,OR2AE1_OR2AE2,0
187,263,OR2AG1_OR2AG3,0
188,263,OR2AG2_OR2AG2P,0
189,263,OR2AJ1_OR2AJ1P,0
190,263,OR2AK2_OR2AK1P,0
191,263,OR2AP1_OR2AP1P,0
192,263,OR2AT4,0
193,263,OR2B11,0
194,263,OR2B2_OR2B9,0
195,263,OR2B3_OR2B3P,0
196,263,OR2B6,0
197,263,OR2B8P_OR2B8,0
198,263,OR2C1,0
199,263,OR2C3_OR2C4_OR2C5P,0
200,263,OR2D2_OR2D1,0
201,263,OR2D3,0
202,263,OR2F1_OR2F3_OR2F3P_OR2F4_OR2F5,0
203,263,OR2F2,0
204,263,OR2G2,0
205,263,OR2G3,0
206,263,OR2G6,0
207,263,OR2H1_OR2H6_OR2H8,0
208,263,OR2H2_OR2H3,0
209,263,OR2J1_OR2J1P,0
210,263,OR2J2,0
211,263,OR2J3,1
212,263,OR2J3,1
213,263,OR2J3,1
214,263,OR2K2_OR2AR1P,0
215,263,OR2L13_OR2L14,0
216,263,OR2L2_OR2L12_OR2L4P,0
217,263,OR2L3,0
218,263,OR2L5_OR2L11,0
219,263,OR2L8,0
220,263,OR2M2,0
221,263,OR2M3_OR2M3P_OR2M6,0
222,263,OR2M4,0
223,263,OR2M5,0
224,263,OR2M7,0
225,263,OR2S2,0
226,263,OR2T1,0
227,263,OR2T10,0
228,263,OR2T11,0
229,263,OR2T29,0
230,263,OR2T2_OR2T2P,0
231,263,OR2T3,0
232,263,OR2T33,0
233,263,OR2T34,0
234,263,OR2T35,0
235,263,OR2T4,0
236,263,OR2T5,0
237,263,OR2T6_OR2T6P_OR2T9,0
238,263,OR2T8_OR2T8P,0
239,263,OR2V1,0
240,263,OR2V2_OR2V3,0
241,263,OR2W1,1
242,263,OR2W3_OR2W3P_OR2W8P,0
243,263,OR2W5P_OR2W5,0
244,263,OR2Y1,0
245,263,OR2Z1_OR2Z2,0
246,263,OR3A1,0
247,263,OR3A2,0
248,263,OR3A3_OR3A6_OR3A7_OR3A8P,0
249,263,OR3A4P_OR3A4_OR3A5P,0
250,263,OR4A15,0
251,263,OR4A16,0
252,263,OR4A47,0
253,263,OR4A4P,0
254,263,OR4A5,0
255,263,OR4B1,0
256,263,OR4C11_OR4C11P,0
257,263,OR4C12,0
258,263,OR4C15,0
259,263,OR4C16,0
260,263,OR4C3,0
261,263,OR4C46,0
262,263,OR4C5,0
263,263,OR4C6,0
264,263,OR4D10_OR4D10P,0
265,263,OR4D1_OR4D3,0
266,263,OR4D2,0
267,263,OR4D5,0
268,263,OR4D6,0
269,263,OR4D9,0
270,263,OR4E2,0
271,263,OR4F14,0
272,263,OR4F15,0
273,263,OR4F17_OR4F11P_OR4F18_OR4F19,1
274,263,OR4F21_OR4F21P,0
275,263,OR4F3,0
276,263,OR4F4,1
277,263,OR4F6_OR4F12,0
278,263,OR4K1,0
279,263,OR4K13,0
280,263,OR4K15,0
281,263,OR4K17,0
282,263,OR4K2,0
283,263,OR4K3_OR4K3P,0
284,263,OR4K5,0
285,263,OR4L1_OR4L2P,0
286,263,OR4M1,0
287,263,OR4M2B,0
288,263,OR4N2,0
289,263,OR4N4,0
290,263,OR4P4_OR4P3P,0
291,263,OR4Q3_OR4Q4,0
292,263,OR4S1,0
293,263,OR4S2_OR4S2P,0
294,263,OR4X1,0
295,263,OR4X2,0
296,263,OR51A2,0
297,263,OR51A4,0
298,263,OR51B2_OR51B1P,0
299,263,OR51B4,0
300,263,OR51B5,0
301,263,OR51B6,0
302,263,OR51D1,0
303,263,OR51E1_OR51E1P_OR52A3P,1
304,263,OR51E2,0
305,263,OR51F1_OR51F1P,0
306,263,OR51F2,0
307,263,OR51G1_OR51G3P,0
308,263,OR51G2,0
309,263,OR51H1_OR51H1P,0
310,263,OR51I1,0
311,263,OR51I2,0
312,263,OR51J1_OR51J1P_OR51J2,0
313,263,OR51L1,0
314,263,OR51M1,0
315,263,OR51Q1,0
316,263,OR51S1,0
317,263,OR51T1,0
318,263,OR51V1_OR51A12,0
319,263,OR52A1,0
320,263,OR52A4P_OR52A4,0
321,263,OR52A5,0
322,263,OR52B2,0
323,263,OR52B4,0
324,263,OR52B6,0
325,263,OR52D1,0
326,263,OR52E2,0
327,263,OR52E4,0
328,263,OR52E5,0
329,263,OR52E6,0
330,263,OR52E8,0
331,263,OR52H1,0
332,263,OR52I2,0
333,263,OR52J3,0
334,263,OR52K1,0
335,263,OR52K2,0
336,263,OR52L1,0
337,263,OR52L2P_OR52L2,0
338,263,OR52M1_OR52M1P,0
339,263,OR52N1,0
340,263,OR52N2,0
341,263,OR52N4,0
342,263,OR52N5,0
343,263,OR52P1_OR52P1P,0
344,263,OR52R1,0
345,263,OR52W1_OR52W1P,0
346,263,OR56A1,0
347,263,OR56A3_OR56A3P_OR56A6,0
348,263,OR56A4,0
349,263,OR56A5_OR56A5P,0
350,263,OR56B1_OR56B1P,0
351,263,OR56B4,0
352,263,OR5A1_OR5A1P,0
353,263,OR5A2,0
354,263,OR5AC2,0
355,263,OR5AK2,0
356,263,OR5AK3P_OR5AK3,0
357,263,OR5AL1_OR5AL1P,0
358,263,OR5AN1,0
359,263,OR5AP2,0
360,263,OR5AR1,0
361,263,OR5AS1,0
362,263,OR5AU1,0
363,263,OR5B12_OR5B12P_OR5B16,0
364,263,OR5B17_OR5B20P,0
365,263,OR5B2,0
366,263,OR5B21,0
367,263,OR5B3_OR5B13,0
368,263,OR5C1_OR5C2P,0
369,263,OR5D13,0
370,263,OR5D14,0
371,263,OR5D16,0
372,263,OR5D18,0
373,263,OR5F1,0
374,263,OR5H1,0
375,263,OR5H14,0
376,263,OR5H2,0
377,263,OR5H6,0
378,263,OR5I1,0
379,263,OR5J2,0
380,263,OR5K1,1
381,263,OR5K2,0
382,263,OR5K3,0
383,263,OR5K4,0
384,263,OR5L1,0
385,263,OR5M1,0
386,263,OR5M10,0
387,263,OR5M11,0
388,263,OR5M3,0
389,263,OR5M8,0
390,263,OR5M9,0
391,263,OR5P2,0
392,263,OR5P3,0
393,263,OR5T1_OR5T1P,0
394,263,OR5T2,0
395,263,OR5T3,0
396,263,OR5V1,0
397,263,OR5W2_OR5W2P_OR5W3P,0
398,263,OR6A2_OR6A1_OR6A2P,0
399,263,OR6B1,0
400,263,OR6B2_OR6B2P,0
401,263,OR6B3_OR6B3P,0
402,263,OR6C1,0
403,263,OR6C2,0
404,263,OR6C3,0
405,263,OR6C4,0
406,263,OR6C6,0
407,263,OR6C65,0
408,263,OR6C68,0
409,263,OR6C70,0
410,263,OR6C74,0
411,263,OR6C75,0
412,263,OR6C76,0
413,263,OR6F1,0
414,263,OR6J1_OR6J2,0
415,263,OR6K2,0
416,263,OR6K3,0
417,263,OR6K6,0
418,263,OR6M1,0
419,263,OR6N1,0
420,263,OR6N2,0
421,263,OR6P1,0
422,263,OR6Q1,0
423,263,OR6S1,0
424,263,OR6T1,0
425,263,OR6V1,0
426,263,OR6X1,0
427,263,OR6Y1_OR6Y2,0
428,263,OR7A10,0
429,263,OR7A17,0
430,263,OR7A5,0
431,263,OR7C1_OR7C4,0
432,263,OR7D2,0
433,263,OR7D4_OR7D4P,0
434,263,OR7E24_OR7E24P,0
435,263,OR7G2,0
436,263,OR7G3,0
437,263,OR8A1,0
438,263,OR8B12,0
439,263,OR8B2,0
440,263,OR8B3,0
441,263,OR8B4_OR8B4P,0
442,263,OR8B8,0
443,263,OR8D1_OR8D3,0
444,263,OR8D2,0
445,263,OR8D4,0
446,263,OR8G1_OR8G1P,0
447,263,OR8G5_OR8G5P_OR8G6,0
448,263,OR8H1,0
449,263,OR8H2,0
450,263,OR8H3,0
451,263,OR8I2,0
452,263,OR8J1,0
453,263,OR8J3,0
454,263,OR8K1,0
455,263,OR8K3,0
456,263,OR8K5,0
457,263,OR8S1,0
458,263,OR8U1,0
459,263,OR8U3_OR5R1_OR5R1P,0
460,263,OR8U8,0
461,263,OR8U9,0
462,263,OR9A2,0
463,263,OR9A4,0
464,263,OR9G4,0
465,263,OR9G9,0
466,263,OR9I1,0
467,263,OR9K2,0
468,263,OR9Q1,0
469,263,OR9Q2,0
470,263,OR9Q2_OR9Q2P,0
471,264,OR10A2_OR10A2P,0
472,264,OR10A3,0
473,264,OR10A4_OR10A4P,0
474,264,OR10A5_OR10A1,0
475,264,OR10A6,1
476,264,OR10A6,1
477,264,OR10A7,0
478,264,OR10AD1_OR10AD1P,0
479,264,OR10AG1,0
480,264,OR10C1_OR10C2,0
481,264,OR10D3,0
482,264,OR10G3,0
483,264,OR10G4,1
484,264,OR10G6_OR10G6P,0
485,264,OR10G7,0
486,264,OR10G8,0
487,264,OR10G9_OR10G10P,0
488,264,OR10H1,0
489,264,OR10H2,0
490,264,OR10H3,0
491,264,OR10H4,0
492,264,OR10H5,0
493,264,OR10J1,0
494,264,OR10J3_OR10J3P,1
495,264,OR10J5,0
496,264,OR10K1,0
497,264,OR10K2,0
498,264,OR10P1_OR10P1P_OR10P2P_OR10P3P,0
499,264,OR10Q1,0
500,264,OR10R2,0
501,264,OR10S1,0
502,264,OR10T2,0
503,264,OR10V1,0
504,264,OR10W1_OR10W1P,0
505,264,OR10X1_OR10X1P,0
506,264,OR10Z1,0
507,264,OR11A1_OR11A2,0
508,264,OR11G2,0
509,264,OR11H1,0
510,264,OR11H12,0
511,264,OR11H2_OR11H2P,0
512,264,OR11H4,0
513,264,OR11H6,0
514,264,OR11L1,0
515,264,OR12D2,0
516,264,OR12D3,0
517,264,OR13A1,0
518,264,OR13C2,0
519,264,OR13C3,0
520,264,OR13C4,0
521,264,OR13C5,0
522,264,OR13C8,0
523,264,OR13C9,0
524,264,OR13D1,0
525,264,OR13F1,0
526,264,OR13G1,0
527,264,OR13H1,0
528,264,OR13J1,0
529,264,OR14A2_OR5AX1_OR5AX1P,0
530,264,OR14C36_OR5BF1,0
531,264,OR14I1_OR5BU1_OR5BU1P,0
532,264,OR14J1_OR5U1,0
533,264,OR14K1_OR5AY1,0
534,264,OR14L1_OR14L1P_OR5AV1P,0
535,264,OR1A1,1
536,264,OR1A2,0
537,264,OR1C1,0
538,264,OR1D2,0
539,264,OR1D5,0
540,264,OR1E1_OR1E5_OR1E6_OR1E9P,0
541,264,OR1E2_OR1E4,0
542,264,OR1F1,0
543,264,OR1F12P_OR1F12,1
544,264,OR1G1_OR1G2,0
545,264,OR1I1,0
546,264,OR1J1,0
547,264,OR1J2_OR1J3_OR1J5,0
548,264,OR1J4,0
549,264,OR1K1,0
550,264,OR1L1_OR1L2,0
551,264,OR1L3,0
552,264,OR1L4_OR1L5,0
553,264,OR1L6_OR1L7,0
554,264,OR1L8,0
555,264,OR1M1,0
556,264,OR1N1_OR1N3,0
557,264,OR1N2,0
558,264,OR1Q1_OR1Q2_OR1Q3,0
559,264,OR1S1,1
560,264,OR1S2,0
561,264,OR2A1,0
562,264,OR2A12_OR2A12P,0
563,264,OR2A14,0
564,264,OR2A14_OR2A14P_OR2A6,0
565,264,OR2A25_OR2A25P_OR2A27,0
566,264,OR2A2_OR2A17P_OR2A2P,0
567,264,OR2A4_OR2A10,0
568,264,OR2A5_OR2A26_OR2A8,0
569,264,OR2A7,0
570,264,OR2AE1_OR2AE2,0
571,264,OR2AG1_OR2AG3,0
572,264,OR2AG2_OR2AG2P,0
573,264,OR2AJ1_OR2AJ1P,0
574,264,OR2AK2_OR2AK1P,0
575,264,OR2AP1_OR2AP1P,0
576,264,OR2AT4,0
577,264,OR2B11,0
578,264,OR2B2_OR2B9,0
579,264,OR2B3_OR2B3P,0
580,264,OR2B6,0
581,264,OR2B8P_OR2B8,0
582,264,OR2C1,0
583,264,OR2C3_OR2C4_OR2C5P,0
584,264,OR2D2_OR2D1,0
585,264,OR2D3,0
586,264,OR2F1_OR2F3_OR2F3P_OR2F4_OR2F5,0
587,264,OR2F2,0
588,264,OR2G2,0
589,264,OR2G3,0
590,264,OR2G6,0
591,264,OR2H1_OR2H6_OR2H8,0
592,264,OR2H2_OR2H3,0
593,264,OR2J1_OR2J1P,0
594,264,OR2J2,0
595,264,OR2J3,0
596,264,OR2K2_OR2AR1P,0
597,264,OR2L13_OR2L14,0
598,264,OR2L2_OR2L12_OR2L4P,1
599,264,OR2L3,0
600,264,OR2L5_OR2L11,0
601,264,OR2L8,0
602,264,OR2M2,0
603,264,OR2M3_OR2M3P_OR2M6,0
604,264,OR2M4,0
605,264,OR2M5,0
606,264,OR2M7,0
607,264,OR2S2,0
608,264,OR2T1,1
609,264,OR2T1,1
610,264,OR2T1,1
611,264,OR2T1,1
612,264,OR2T10,0
613,264,OR2T11,0
614,264,OR2T29,0
615,264,OR2T2_OR2T2P,0
616,264,OR2T3,0
617,264,OR2T33,0
618,264,OR2T34,0
619,264,OR2T35,0
620,264,OR2T4,0
621,264,OR2T5,0
622,264,OR2T6_OR2T6P_OR2T9,0
623,264,OR2T8_OR2T8P,0
624,264,OR2V1,0
625,264,OR2V2_OR2V3,0
626,264,OR2W1,0
627,264,OR2W3_OR2W3P_OR2W8P,0
628,264,OR2W5P_OR2W5,0
629,264,OR2Y1,0
630,264,OR2Z1_OR2Z2,0
631,264,OR3A1,0
632,264,OR3A2,0
633,264,OR3A3_OR3A6_OR3A7_OR3A8P,0
634,264,OR3A4P_OR3A4_OR3A5P,1
635,264,OR4A15,0
636,264,OR4A16,0
637,264,OR4A47,0
638,264,OR4A4P,0
639,264,OR4A5,0
640,264,OR4B1,0
641,264,OR4C11_OR4C11P,0
642,264,OR4C12,0
643,264,OR4C15,0
644,264,OR4C16,0
645,264,OR4C3,0
646,264,OR4C46,0
647,264,OR4C5,0
648,264,OR4C6,0
649,264,OR4D10_OR4D10P,0
650,264,OR4D1_OR4D3,0
651,264,OR4D2,0
652,264,OR4D5,0
653,264,OR4D6,0
654,264,OR4D9,0
655,264,OR4E2,0
656,264,OR4F14,0
657,264,OR4F15,0
658,264,OR4F17_OR4F11P_OR4F18_OR4F19,0
659,264,OR4F21_OR4F21P,0
660,264,OR4F3,0
661,264,OR4F4,0
662,264,OR4F6_OR4F12,0
663,264,OR4K1,0
664,264,OR4K13,0
665,264,OR4K15,0
666,264,OR4K17,0
667,264,OR4K2,0
668,264,OR4K3_OR4K3P,0
669,264,OR4K5,0
670,264,OR4L1_OR4L2P,0
671,264,OR4M1,0
672,264,OR4M2B,0
673,264,OR4N2,0
674,264,OR4N4,0
675,264,OR4P4_OR4P3P,0
676,264,OR4Q3_OR4Q4,0
677,264,OR4S1,0
678,264,OR4S2_OR4S2P,0
679,264,OR4X1,0
680,264,OR4X2,0
681,264,OR51A2,0
682,264,OR51A4,0
683,264,OR51A7,0
684,264,OR51B2_OR51B1P,0
685,264,OR51B4,1
686,264,OR51B5,0
687,264,OR51B6,0
688,264,OR51D1,1
689,264,OR51E1_OR51E1P_OR52A3P,1
690,264,OR51E1_OR51E1P_OR52A3P,1
691,264,OR51E2,0
692,264,OR51F1_OR51F1P,0
693,264,OR51F2,0
694,264,OR51G1_OR51G3P,0
695,264,OR51G2,0
696,264,OR51H1_OR51H1P,0
697,264,OR51I1,0
698,264,OR51I2,1
699,264,OR51J1_OR51J1P_OR51J2,0
700,264,OR51L1,0
701,264,OR51M1,0
702,264,OR51Q1,0
703,264,OR51S1,1
704,264,OR51T1,0
705,264,OR51V1_OR51A12,0
706,264,OR52A1,0
707,264,OR52A4P_OR52A4,0
708,264,OR52A5,0
709,264,OR52B2,0
710,264,OR52B4,0
711,264,OR52B6,0
712,264,OR52D1,1
713,264,OR52E2,0
714,264,OR52E4,0
715,264,OR52E5,0
716,264,OR52E6,0
717,264,OR52E8,0
718,264,OR52H1,1
719,264,OR52H1,1
720,264,OR52I1,1
721,264,OR52I2,0
722,264,OR52J3,0
723,264,OR52K1,0
724,264,OR52K2,0
725,264,OR52L1,0
726,264,OR52L2P_OR52L2,0
727,264,OR52M1_OR52M1P,0
728,264,OR52N1,0
729,264,OR52N2,0
730,264,OR52N4,0
731,264,OR52N5,0
732,264,OR52P1_OR52P1P,0
733,264,OR52R1,0
734,264,OR52W1_OR52W1P,0
735,264,OR56A1,0
736,264,OR56A3_OR56A3P_OR56A6,0
737,264,OR56A4,0
738,264,OR56A5_OR56A5P,0
739,264,OR56B1_OR56B1P,0
740,264,OR56B4,0
741,264,OR5A1_OR5A1P,0
742,264,OR5A2,0
743,264,OR5AC2,0
744,264,OR5AK2,0
745,264,OR5AK3P_OR5AK3,0
746,264,OR5AL1_OR5AL1P,1
747,264,OR5AL1_OR5AL1P,1
748,264,OR5AL1_OR5AL1P,1
749,264,OR5AN1,0
750,264,OR5AP2,0
751,264,OR5AR1,0
752,264,OR5AS1,1
753,264,OR5AU1,0
754,264,OR5B12_OR5B12P_OR5B16,0
755,264,OR5B17_OR5B20P,0
756,264,OR5B2,0
757,264,OR5B21,0
758,264,OR5B3_OR5B13,0
759,264,OR5C1_OR5C2P,0
760,264,OR5D13,0
761,264,OR5D14,1
762,264,OR5D14,1
763,264,OR5D14,1
764,264,OR5D16,0
765,264,OR5D18,0
766,264,OR5F1,0
767,264,OR5H1,0
768,264,OR5H14,0
769,264,OR5H2,0
770,264,OR5H6,0
771,264,OR5I1,0
772,264,OR5J2,0
773,264,OR5K1,0
774,264,OR5K2,0
775,264,OR5K3,0
776,264,OR5K4,0
777,264,OR5L1,0
778,264,OR5M1,0
779,264,OR5M10,0
780,264,OR5M11,0
781,264,OR5M3,0
782,264,OR5M8,0
783,264,OR5M9,0
784,264,OR5P2,0
785,264,OR5P3,0
786,264,OR5T1_OR5T1P,0
787,264,OR5T2,0
788,264,OR5T3,0
789,264,OR5V1,0
790,264,OR5W2_OR5W2P_OR5W3P,0
791,264,OR6A2_OR6A1_OR6A2P,0
792,264,OR6B1,0
793,264,OR6B2_OR6B2P,0
794,264,OR6B3_OR6B3P,0
795,264,OR6C1,0
796,264,OR6C2,0
797,264,OR6C3,0
798,264,OR6C4,0
799,264,OR6C6,0
800,264,OR6C65,0
801,264,OR6C68,0
802,264,OR6C70,0
803,264,OR6C74,0
804,264,OR6C75,0
805,264,OR6C76,0
806,264,OR6F1,0
807,264,OR6J1_OR6J2,0
808,264,OR6K2,0
809,264,OR6K3,0
810,264,OR6K6,0
811,264,OR6M1,0
812,264,OR6N1,0
813,264,OR6N2,0
814,264,OR6P1,0
815,264,OR6Q1,0
816,264,OR6S1,0
817,264,OR6T1,0
818,264,OR6V1,0
819,264,OR6X1,0
820,264,OR6Y1_OR6Y2,0
821,264,OR7A10,0
822,264,OR7A17,0
823,264,OR7A5,0
824,264,OR7C1_OR7C4,0
825,264,OR7D2,0
826,264,OR7D4_OR7D4P,0
827,264,OR7E24_OR7E24P,0
828,264,OR7G2,1
829,264,OR7G3,0
830,264,OR8A1,0
831,264,OR8B12,0
832,264,OR8B2,0
833,264,OR8B3,0
834,264,OR8B4_OR8B4P,0
835,264,OR8B8,0
836,264,OR8D1_OR8D3,0
837,264,OR8D2,0
838,264,OR8D4,0
839,264,OR8G1_OR8G1P,0
840,264,OR8G5_OR8G5P_OR8G6,0
841,264,OR8H1,0
842,264,OR8H2,0
843,264,OR8H3,0
844,264,OR8I2,0
845,264,OR8J1,0
846,264,OR8J3,0
847,264,OR8K1,0
848,264,OR8K3,0
849,264,OR8K5,0
850,264,OR8S1,0
851,264,OR8U1,0
852,264,OR8U3_OR5R1_OR5R1P,0
853,264,OR8U8,0
854,264,OR8U9,0
855,264,OR9A2,0
856,264,OR9A4,0
857,264,OR9G4,0
858,264,OR9G9,0
859,264,OR9I1,0
860,264,OR9K2,0
861,264,OR9Q1,0
862,264,OR9Q2,0
863,264,OR9Q2_OR9Q2P,0
864,311,OR51E1_OR51E1P_OR52A3P,0
865,323,OR10J5,0
866,323,OR10S1,0
867,323,OR11H12,1
868,323,OR1A1,0
869,323,OR1C1,1
870,323,OR1G1_OR1G2,1
871,323,OR2A1,0
872,323,OR2A7,0
873,323,OR2B11,1
874,323,OR2B11,1
875,323,OR2B11,1
876,323,OR2C1,0
877,323,OR2J1_OR2J1P,0
878,323,OR2J2,1
879,323,OR2L13_OR2L14,0
880,323,OR2M3_OR2M3P_OR2M6,0
881,323,OR2M7,0
882,323,OR2T4,0
883,323,OR2W1,1
884,323,OR2W1,1
885,323,OR2W1,1
886,323,OR2W3_OR2W3P_OR2W8P,0
887,323,OR4N2,0
888,323,OR51B5,0
889,323,OR51E1_OR51E1P_OR52A3P,0
890,323,OR51E2,0
891,323,OR51L1,0
892,323,OR52D1,0
893,323,OR5K1,0
894,323,OR5M3,0
895,323,OR5P3,1
896,323,OR5P3,1
897,323,OR8B2,0
898,323,OR8D1_OR8D3,0
899,323,OR8K5,0
900,323,OR8U3_OR5R1_OR5R1P,1
901,326,OR1A1,0
902,326,OR2M3_OR2M3P_OR2M6,0
903,326,OR2W1,1
904,326,OR2W1,1
905,326,OR2W1,1
906,326,OR5K1,0
907,326,OR5M3,0
908,326,OR8D1_OR8D3,0
909,332,OR1A1,0
910,332,OR2M3_OR2M3P_OR2M6,0
911,332,OR2W1,0
912,332,OR5K1,0
913,332,OR5M3,0
914,332,OR8D1_OR8D3,0
915,335,OR1A1,0
916,335,OR2M3_OR2M3P_OR2M6,0
917,335,OR2W1,0
918,335,OR5K1,0
919,335,OR5M3,0
920,335,OR8D1_OR8D3,0
921,342,OR1A1,0
922,342,OR2M3_OR2M3P_OR2M6,0
923,342,OR2W1,0
924,342,OR5K1,0
925,342,OR5M3,0
926,342,OR8D1_OR8D3,0
927,364,OR51E2,0
928,379,OR10J5,0
929,379,OR10S1,1
930,379,OR10S1,1
931,379,OR10S1,1
932,379,OR1A1,0
933,379,OR1A2,0
934,379,OR1G1_OR1G2,0
935,379,OR2A1,0
936,379,OR2A7,1
937,379,OR2A7,1
938,379,OR2A7,1
939,379,OR2A7,1
940,379,OR2C1,0
941,379,OR2J2,0
942,379,OR2L13_OR2L14,1
943,379,OR2L13_OR2L14,1
944,379,OR2M3_OR2M3P_OR2M6,0
945,379,OR2M7,0
946,379,OR2T4,0
947,379,OR2W1,1
948,379,OR2W1,1
949,379,OR2W1,1
950,379,OR2W3_OR2W3P_OR2W8P,1
951,379,OR51B5,0
952,379,OR51E1_OR51E1P_OR52A3P,0
953,379,OR51E2,0
954,379,OR51I2,0
955,379,OR51L1,0
956,379,OR52A5,0
957,379,OR52B2,1
958,379,OR52D1,1
959,379,OR52D1,1
960,379,OR52E8,0
961,379,OR52L1,0
962,379,OR56A5_OR56A5P,1
963,379,OR5K1,0
964,379,OR5M3,0
965,379,OR5P3,0
966,379,OR8D1_OR8D3,0
967,454,OR10A2_OR10A2P,0
968,454,OR10A3,0
969,454,OR10A4_OR10A4P,0
970,454,OR10A5_OR10A1,0
971,454,OR10A6,0
972,454,OR10A7,0
973,454,OR10AD1_OR10AD1P,0
974,454,OR10AG1,0
975,454,OR10C1_OR10C2,0
976,454,OR10D3,0
977,454,OR10G3,0
978,454,OR10G4,0
979,454,OR10G6_OR10G6P,0
980,454,OR10G7,1
981,454,OR10G8,0
982,454,OR10G9_OR10G10P,0
983,454,OR10H1,0
984,454,OR10H2,0
985,454,OR10H3,0
986,454,OR10H4,0
987,454,OR10H5,0
988,454,OR10J1,0
989,454,OR10J3_OR10J3P,0
990,454,OR10J5,0
991,454,OR10K1,0
992,454,OR10K2,0
993,454,OR10P1_OR10P1P_OR10P2P_OR10P3P,0
994,454,OR10Q1,0
995,454,OR10R2,0
996,454,OR10S1,0
997,454,OR10T2,0
998,454,OR10V1,0
999,454,OR10W1_OR10W1P,0
1000,454,OR10X1_OR10X1P,0
1001,454,OR10Z1,0
1002,454,OR11A1_OR11A2,0
1003,454,OR11G2,0
1004,454,OR11H1,0
1005,454,OR11H12,0
1006,454,OR11H2_OR11H2P,0
1007,454,OR11H4,0
1008,454,OR11H6,0
1009,454,OR11L1,0
1010,454,OR12D2,0
1011,454,OR12D3,0
1012,454,OR13A1,0
1013,454,OR13C2,0
1014,454,OR13C3,0
1015,454,OR13C4,0
1016,454,OR13C5,0
1017,454,OR13C8,0
1018,454,OR13C9,0
1019,454,OR13D1,0
1020,454,OR13F1,0
1021,454,OR13G1,0
1022,454,OR13H1,0
1023,454,OR13J1,0
1024,454,OR14A2_OR5AX1_OR5AX1P,0
1025,454,OR14C36_OR5BF1,0
1026,454,OR14I1_OR5BU1_OR5BU1P,0
1027,454,OR14J1_OR5U1,0
1028,454,OR14K1_OR5AY1,0
1029,454,OR14L1_OR14L1P_OR5AV1P,0
1030,454,OR1A1,1
1031,454,OR1A2,1
1032,454,OR1C1,0
1033,454,OR1D2,1
1034,454,OR1D5,0
1035,454,OR1E1_OR1E5_OR1E6_OR1E9P,0
1036,454,OR1E2_OR1E4,0
1037,454,OR1F1,0
1038,454,OR1F12P_OR1F12,0
1039,454,OR1G1_OR1G2,1
1040,454,OR1I1,0
1041,454,OR1J1,0
1042,454,OR1J2_OR1J3_OR1J5,0
1043,454,OR1J4,0
1044,454,OR1K1,0
1045,454,OR1L1_OR1L2,0
1046,454,OR1L3,0
1047,454,OR1L4_OR1L5,0
1048,454,OR1L6_OR1L7,0
1049,454,OR1L8,0
1050,454,OR1M1,0
1051,454,OR1N1_OR1N3,0
1052,454,OR1N2,0
1053,454,OR1Q1_OR1Q2_OR1Q3,0
1054,454,OR1S1,0
1055,454,OR1S2,0
1056,454,OR2A1,0
1057,454,OR2A12_OR2A12P,0
1058,454,OR2A14,0
1059,454,OR2A14_OR2A14P_OR2A6,0
1060,454,OR2A25_OR2A25P_OR2A27,0
1061,454,OR2A2_OR2A17P_OR2A2P,0
1062,454,OR2A4_OR2A10,0
1063,454,OR2A5_OR2A26_OR2A8,0
1064,454,OR2A7,0
1065,454,OR2AE1_OR2AE2,0
1066,454,OR2AG1_OR2AG3,0
1067,454,OR2AG2_OR2AG2P,0
1068,454,OR2AJ1_OR2AJ1P,0
1069,454,OR2AK2_OR2AK1P,0
1070,454,OR2AP1_OR2AP1P,0
1071,454,OR2AT4,0
1072,454,OR2B11,0
1073,454,OR2B2_OR2B9,0
1074,454,OR2B3_OR2B3P,0
1075,454,OR2B6,0
1076,454,OR2B8P_OR2B8,0
1077,454,OR2C1,0
1078,454,OR2C3_OR2C4_OR2C5P,0
1079,454,OR2D2_OR2D1,0
1080,454,OR2D3,0
1081,454,OR2F1_OR2F3_OR2F3P_OR2F4_OR2F5,0
1082,454,OR2F2,0
1083,454,OR2G2,0
1084,454,OR2G3,0
1085,454,OR2G6,0
1086,454,OR2H1_OR2H6_OR2H8,0
1087,454,OR2H2_OR2H3,0
1088,454,OR2J1_OR2J1P,0
1089,454,OR2J2,0
1090,454,OR2J3,1
1091,454,OR2J3,1
1092,454,OR2K2_OR2AR1P,0
1093,454,OR2L13_OR2L14,0
1094,454,OR2L2_OR2L12_OR2L4P,0
1095,454,OR2L3,0
1096,454,OR2L5_OR2L11,0
1097,454,OR2L8,0
1098,454,OR2M2,0
1099,454,OR2M3_OR2M3P_OR2M6,0
1100,454,OR2M4,0
1101,454,OR2M5,0
1102,454,OR2M7,0
1103,454,OR2S2,0
1104,454,OR2T1,0
1105,454,OR2T10,0
1106,454,OR2T11,0
1107,454,OR2T29,0
1108,454,OR2T2_OR2T2P,0
1109,454,OR2T3,0
1110,454,OR2T33,1
1111,454,OR2T34,0
1112,454,OR2T35,0
1113,454,OR2T4,0
1114,454,OR2T5,0
1115,454,OR2T6_OR2T6P_OR2T9,0
1116,454,OR2T8_OR2T8P,0
1117,454,OR2V1,0
1118,454,OR2V2_OR2V3,0
1119,454,OR2W1,1
1120,454,OR2W1,1
1121,454,OR2W1,1
1122,454,OR2W1,1
1123,454,OR2W1,1
1124,454,OR2W3_OR2W3P_OR2W8P,0
1125,454,OR2W5P_OR2W5,0
1126,454,OR2Y1,0
1127,454,OR2Z1_OR2Z2,0
1128,454,OR3A1,0
1129,454,OR3A2,0
1130,454,OR3A3_OR3A6_OR3A7_OR3A8P,0
1131,454,OR3A4P_OR3A4_OR3A5P,0
1132,454,OR4A15,0
1133,454,OR4A16,0
1134,454,OR4A47,0
1135,454,OR4A4P,0
1136,454,OR4A5,0
1137,454,OR4B1,0
1138,454,OR4C11_OR4C11P,0
1139,454,OR4C12,0
1140,454,OR4C15,0
1141,454,OR4C16,0
1142,454,OR4C3,0
1143,454,OR4C46,0
1144,454,OR4C5,0
1145,454,OR4C6,0
1146,454,OR4D10_OR4D10P,0
1147,454,OR4D1_OR4D3,0
1148,454,OR4D2,0
1149,454,OR4D5,0
1150,454,OR4D6,0
1151,454,OR4D9,0
1152,454,OR4E2,0
1153,454,OR4F14,0
1154,454,OR4F15,0
1155,454,OR4F17_OR4F11P_OR4F18_OR4F19,0
1156,454,OR4F21_OR4F21P,0
1157,454,OR4F3,0
1158,454,OR4F4,0
1159,454,OR4F6_OR4F12,0
1160,454,OR4K1,0
1161,454,OR4K13,0
1162,454,OR4K15,0
1163,454,OR4K17,0
1164,454,OR4K2,0
1165,454,OR4K3_OR4K3P,0
1166,454,OR4K5,0
1167,454,OR4L1_OR4L2P,0
1168,454,OR4M1,0
1169,454,OR4M2B,0
1170,454,OR4N2,0
1171,454,OR4N4,0
1172,454,OR4P4_OR4P3P,0
1173,454,OR4Q3_OR4Q4,0
1174,454,OR4S1,0
1175,454,OR4S2_OR4S2P,0
1176,454,OR4X1,0
1177,454,OR4X2,0
1178,454,OR51A2,0
1179,454,OR51A4,0
1180,454,OR51B2_OR51B1P,0
1181,454,OR51B4,0
1182,454,OR51B5,0
1183,454,OR51B6,0
1184,454,OR51D1,0
1185,454,OR51E1_OR51E1P_OR52A3P,0
1186,454,OR51E2,0
1187,454,OR51F1_OR51F1P,0
1188,454,OR51F2,0
1189,454,OR51G1_OR51G3P,0
1190,454,OR51G2,0
1191,454,OR51H1_OR51H1P,0
1192,454,OR51I1,0
1193,454,OR51I2,0
1194,454,OR51J1_OR51J1P_OR51J2,0
1195,454,OR51L1,0
1196,454,OR51M1,0
1197,454,OR51Q1,0
1198,454,OR51S1,0
1199,454,OR51T1,0
1200,454,OR51V1_OR51A12,0
1201,454,OR52A1,0
1202,454,OR52A4P_OR52A4,0
1203,454,OR52A5,0
1204,454,OR52B2,0
1205,454,OR52B4,0
1206,454,OR52B6,0
1207,454,OR52D1,1
1208,454,OR52E2,0
1209,454,OR52E4,0
1210,454,OR52E5,0
1211,454,OR52E6,0
1212,454,OR52E8,0
1213,454,OR52H1,0
1214,454,OR52I2,0
1215,454,OR52J3,0
1216,454,OR52K1,0
1217,454,OR52K2,0
1218,454,OR52L1,0
1219,454,OR52L2P_OR52L2,0
1220,454,OR52M1_OR52M1P,0
1221,454,OR52N1,0
1222,454,OR52N2,0
1223,454,OR52N4,0
1224,454,OR52N5,0
1225,454,OR52P1_OR52P1P,0
1226,454,OR52R1,0
1227,454,OR52W1_OR52W1P,0
1228,454,OR56A1,0
1229,454,OR56A3_OR56A3P_OR56A6,0
1230,454,OR56A4,0
1231,454,OR56A5_OR56A5P,1
1232,454,OR56B1_OR56B1P,0
1233,454,OR56B4,0
1234,454,OR5A1_OR5A1P,0
1235,454,OR5A2,0
1236,454,OR5AC2,0
1237,454,OR5AK2,0
1238,454,OR5AK3P_OR5AK3,0
1239,454,OR5AL1_OR5AL1P,0
1240,454,OR5AN1,0
1241,454,OR5AP2,0
1242,454,OR5AR1,0
1243,454,OR5AS1,0
1244,454,OR5AU1,0
1245,454,OR5B12_OR5B12P_OR5B16,0
1246,454,OR5B17_OR5B20P,0
1247,454,OR5B2,0
1248,454,OR5B21,0
1249,454,OR5B3_OR5B13,0
1250,454,OR5C1_OR5C2P,0
1251,454,OR5D13,0
1252,454,OR5D14,0
1253,454,OR5D16,0
1254,454,OR5D18,0
1255,454,OR5F1,0
1256,454,OR5H1,0
1257,454,OR5H14,0
1258,454,OR5H2,0
1259,454,OR5H6,0
1260,454,OR5I1,0
1261,454,OR5J2,0
1262,454,OR5K1,0
1263,454,OR5K2,0
1264,454,OR5K3,0
1265,454,OR5K4,0
1266,454,OR5L1,0
1267,454,OR5M1,0
1268,454,OR5M10,0
1269,454,OR5M11,0
1270,454,OR5M3,0
1271,454,OR5M8,0
1272,454,OR5M9,0
1273,454,OR5P2,0
1274,454,OR5P3,0
1275,454,OR5T1_OR5T1P,0
1276,454,OR5T2,0
1277,454,OR5T3,0
1278,454,OR5V1,0
1279,454,OR5W2_OR5W2P_OR5W3P,0
1280,454,OR6A2_OR6A1_OR6A2P,0
1281,454,OR6B1,0
1282,454,OR6B2_OR6B2P,0
1283,454,OR6B3_OR6B3P,0
1284,454,OR6C1,0
1285,454,OR6C2,0
1286,454,OR6C3,0
1287,454,OR6C4,0
1288,454,OR6C6,0
1289,454,OR6C65,0
1290,454,OR6C68,0
1291,454,OR6C70,0
1292,454,OR6C74,0
1293,454,OR6C75,0
1294,454,OR6C76,0
1295,454,OR6F1,0
1296,454,OR6J1_OR6J2,0
1297,454,OR6K2,0
1298,454,OR6K3,0
1299,454,OR6K6,0
1300,454,OR6M1,0
1301,454,OR6N1,0
1302,454,OR6N2,0
1303,454,OR6P1,0
1304,454,OR6Q1,0
1305,454,OR6S1,0
1306,454,OR6T1,0
1307,454,OR6V1,0
1308,454,OR6X1,0
1309,454,OR6Y1_OR6Y2,0
1310,454,OR7A10,0
1311,454,OR7A17,0
1312,454,OR7A5,0
1313,454,OR7C1_OR7C4,0
1314,454,OR7D2,0
1315,454,OR7D4_OR7D4P,0
1316,454,OR7E24_OR7E24P,0
1317,454,OR7G2,0
1318,454,OR7G3,0
1319,454,OR8A1,0
1320,454,OR8B12,0
1321,454,OR8B2,0
1322,454,OR8B3,0
1323,454,OR8B4_OR8B4P,0
1324,454,OR8B8,0
1325,454,OR8D1_OR8D3,0
1326,454,OR8D2,0
1327,454,OR8D4,0
1328,454,OR8G1_OR8G1P,0
1329,454,OR8G5_OR8G5P_OR8G6,0
1330,454,OR8H1,0
1331,454,OR8H2,0
1332,454,OR8H3,0
1333,454,OR8I2,0
1334,454,OR8J1,0
1335,454,OR8J3,0
1336,454,OR8K1,0
1337,454,OR8K3,0
1338,454,OR8K5,0
1339,454,OR8S1,0
1340,454,OR8U1,0
1341,454,OR8U3_OR5R1_OR5R1P,0
1342,454,OR8U8,0
1343,454,OR8U9,0
1344,454,OR9A2,0
1345,454,OR9A4,0
1346,454,OR9G4,0
1347,454,OR9G9,0
1348,454,OR9I1,0
1349,454,OR9K2,0
1350,454,OR9Q1,0
1351,454,OR9Q2,0
1352,454,OR9Q2_OR9Q2P,0
1353,460,OR10A2_OR10A2P,0
1354,460,OR10A3,0
1355,460,OR10A4_OR10A4P,0
1356,460,OR10A5_OR10A1,0
1357,460,OR10A6,0
1358,460,OR10A7,0
1359,460,OR10AD1_OR10AD1P,0
1360,460,OR10AG1,0
1361,460,OR10C1_OR10C2,1
1362,460,OR10D3,0
1363,460,OR10G3,0
1364,460,OR10G4,1
1365,460,OR10G6_OR10G6P,0
1366,460,OR10G7,1
1367,460,OR10G7,1
1368,460,OR10G7,1
1369,460,OR10G7,1
1370,460,OR10G7,1
1371,460,OR10G8,0
1372,460,OR10G9_OR10G10P,1
1373,460,OR10H1,0
1374,460,OR10H2,0
1375,460,OR10H3,0
1376,460,OR10H4,0
1377,460,OR10H5,0
1378,460,OR10J1,0
1379,460,OR10J3_OR10J3P,0
1380,460,OR10J5,0
1381,460,OR10K1,0
1382,460,OR10K2,0
1383,460,OR10P1_OR10P1P_OR10P2P_OR10P3P,0
1384,460,OR10Q1,0
1385,460,OR10R2,0
1386,460,OR10T2,0
1387,460,OR10V1,0
1388,460,OR10W1_OR10W1P,0
1389,460,OR10X1_OR10X1P,0
1390,460,OR10Z1,0
1391,460,OR11A1_OR11A2,0
1392,460,OR11G2,0
1393,460,OR11H1,0
1394,460,OR11H12,0
1395,460,OR11H2_OR11H2P,0
1396,460,OR11H4,0
1397,460,OR11H6,0
1398,460,OR11L1,0
1399,460,OR12D2,0
1400,460,OR12D3,0
1401,460,OR13A1,0
1402,460,OR13C2,0
1403,460,OR13C3,0
1404,460,OR13C4,0
1405,460,OR13C5,0
1406,460,OR13C8,0
1407,460,OR13C9,0
1408,460,OR13D1,0
1409,460,OR13F1,0
1410,460,OR13G1,0
1411,460,OR13H1,0
1412,460,OR13J1,0
1413,460,OR14A2_OR5AX1_OR5AX1P,0
1414,460,OR14C36_OR5BF1,0
1415,460,OR14I1_OR5BU1_OR5BU1P,0
1416,460,OR14J1_OR5U1,0
1417,460,OR14K1_OR5AY1,0
1418,460,OR14L1_OR14L1P_OR5AV1P,0
1419,460,OR1A1,1
1420,460,OR1A2,0
1421,460,OR1C1,0
1422,460,OR1D2,0
1423,460,OR1D5,0
1424,460,OR1E1_OR1E5_OR1E6_OR1E9P,0
1425,460,OR1E2_OR1E4,0
1426,460,OR1F1,0
1427,460,OR1F12P_OR1F12,0
1428,460,OR1G1_OR1G2,1
1429,460,OR1I1,0
1430,460,OR1J1,0
1431,460,OR1J2_OR1J3_OR1J5,0
1432,460,OR1J4,0
1433,460,OR1K1,0
1434,460,OR1L1_OR1L2,0
1435,460,OR1L3,0
1436,460,OR1L4_OR1L5,0
1437,460,OR1L6_OR1L7,0
1438,460,OR1L8,0
1439,460,OR1M1,0
1440,460,OR1N1_OR1N3,0
1441,460,OR1N2,0
1442,460,OR1Q1_OR1Q2_OR1Q3,0
1443,460,OR1S1,0
1444,460,OR1S2,0
1445,460,OR2A1,0
1446,460,OR2A12_OR2A12P,0
1447,460,OR2A14,0
1448,460,OR2A14_OR2A14P_OR2A6,0
1449,460,OR2A25_OR2A25P_OR2A27,0
1450,460,OR2A2_OR2A17P_OR2A2P,0
1451,460,OR2A4_OR2A10,0
1452,460,OR2A5_OR2A26_OR2A8,0
1453,460,OR2A7,0
1454,460,OR2AE1_OR2AE2,0
1455,460,OR2AG1_OR2AG3,0
1456,460,OR2AG2_OR2AG2P,0
1457,460,OR2AJ1_OR2AJ1P,0
1458,460,OR2AK2_OR2AK1P,0
1459,460,OR2AP1_OR2AP1P,0
1460,460,OR2AT4,0
1461,460,OR2B11,0
1462,460,OR2B2_OR2B9,0
1463,460,OR2B3_OR2B3P,0
1464,460,OR2B6,0
1465,460,OR2B8P_OR2B8,0
1466,460,OR2C1,0
1467,460,OR2C3_OR2C4_OR2C5P,0
1468,460,OR2D2_OR2D1,0
1469,460,OR2D3,0
1470,460,OR2F1_OR2F3_OR2F3P_OR2F4_OR2F5,0
1471,460,OR2F2,0
1472,460,OR2G2,0
1473,460,OR2G3,0
1474,460,OR2G6,0
1475,460,OR2H1_OR2H6_OR2H8,0
1476,460,OR2H2_OR2H3,0
1477,460,OR2J1_OR2J1P,0
1478,460,OR2J2,0
1479,460,OR2J3,1
1480,460,OR2K2_OR2AR1P,0
1481,460,OR2L13_OR2L14,0
1482,460,OR2L2_OR2L12_OR2L4P,0
1483,460,OR2L3,0
1484,460,OR2L5_OR2L11,0
1485,460,OR2L8,0
1486,460,OR2M2,0
1487,460,OR2M3_OR2M3P_OR2M6,0
1488,460,OR2M4,0
1489,460,OR2M5,0
1490,460,OR2M7,0
1491,460,OR2S2,0
1492,460,OR2T1,0
1493,460,OR2T10,0
1494,460,OR2T11,0
1495,460,OR2T29,0
1496,460,OR2T2_OR2T2P,0
1497,460,OR2T3,0
1498,460,OR2T33,0
1499,460,OR2T34,0
1500,460,OR2T35,0
1501,460,OR2T4,0
1502,460,OR2T5,0
1503,460,OR2T6_OR2T6P_OR2T9,0
1504,460,OR2T8_OR2T8P,0
1505,460,OR2V1,0
1506,460,OR2V2_OR2V3,0
1507,460,OR2W1,0
1508,460,OR2W3_OR2W3P_OR2W8P,0
1509,460,OR2W5P_OR2W5,0
1510,460,OR2Y1,1
1511,460,OR2Z1_OR2Z2,0
1512,460,OR3A1,0
1513,460,OR3A2,0
1514,460,OR3A3_OR3A6_OR3A7_OR3A8P,0
1515,460,OR3A4P_OR3A4_OR3A5P,0
1516,460,OR4A15,0
1517,460,OR4A16,0
1518,460,OR4A47,0
1519,460,OR4A4P,0
1520,460,OR4A5,0
1521,460,OR4B1,0
1522,460,OR4C11_OR4C11P,0
1523,460,OR4C12,0
1524,460,OR4C15,0
1525,460,OR4C16,0
1526,460,OR4C3,0
1527,460,OR4C46,0
1528,460,OR4C5,0
1529,460,OR4C6,0
1530,460,OR4D10_OR4D10P,0
1531,460,OR4D1_OR4D3,0
1532,460,OR4D2,0
1533,460,OR4D5,0
1534,460,OR4D6,0
1535,460,OR4D9,0
1536,460,OR4E2,0
1537,460,OR4F14,0
1538,460,OR4F15,0
1539,460,OR4F17_OR4F11P_OR4F18_OR4F19,0
1540,460,OR4F21_OR4F21P,0
1541,460,OR4F3,0
1542,460,OR4F4,0
1543,460,OR4F6_OR4F12,0
1544,460,OR4K1,0
1545,460,OR4K13,0
1546,460,OR4K15,0
1547,460,OR4K17,0
1548,460,OR4K2,0
1549,460,OR4K3_OR4K3P,0
1550,460,OR4K5,0
1551,460,OR4L1_OR4L2P,0
1552,460,OR4M1,0
1553,460,OR4M2B,0
1554,460,OR4N2,0
1555,460,OR4N4,0
1556,460,OR4P4_OR4P3P,0
1557,460,OR4Q3_OR4Q4,0
1558,460,OR4S1,0
1559,460,OR4S2_OR4S2P,0
1560,460,OR4X1,0
1561,460,OR4X2,0
1562,460,OR51A2,0
1563,460,OR51A4,0
1564,460,OR51B2_OR51B1P,0
1565,460,OR51B4,0
1566,460,OR51B5,0
1567,460,OR51B6,0
1568,460,OR51D1,0
1569,460,OR51E1_OR51E1P_OR52A3P,0
1570,460,OR51E2,0
1571,460,OR51F1_OR51F1P,0
1572,460,OR51F2,0
1573,460,OR51G1_OR51G3P,0
1574,460,OR51G2,0
1575,460,OR51H1_OR51H1P,0
1576,460,OR51I1,0
1577,460,OR51I2,0
1578,460,OR51J1_OR51J1P_OR51J2,0
1579,460,OR51L1,0
1580,460,OR51M1,1
1581,460,OR51Q1,0
1582,460,OR51S1,0
1583,460,OR51T1,0
1584,460,OR51V1_OR51A12,0
1585,460,OR52A1,0
1586,460,OR52A4P_OR52A4,0
1587,460,OR52A5,0
1588,460,OR52B2,0
1589,460,OR52B4,0
1590,460,OR52B6,0
1591,460,OR52D1,0
1592,460,OR52E2,0
1593,460,OR52E4,1
1594,460,OR52E5,1
1595,460,OR52E6,0
1596,460,OR52E8,0
1597,460,OR52H1,0
1598,460,OR52I2,0
1599,460,OR52J3,0
1600,460,OR52K1,0
1601,460,OR52K2,0
1602,460,OR52L1,0
1603,460,OR52L2P_OR52L2,0
1604,460,OR52M1_OR52M1P,0
1605,460,OR52N1,0
1606,460,OR52N2,0
1607,460,OR52N4,0
1608,460,OR52N5,0
1609,460,OR52P1_OR52P1P,0
1610,460,OR52R1,0
1611,460,OR52W1_OR52W1P,0
1612,460,OR56A1,0
1613,460,OR56A3_OR56A3P_OR56A6,0
1614,460,OR56A4,0
1615,460,OR56A5_OR56A5P,0
1616,460,OR56B1_OR56B1P,0
1617,460,OR56B4,0
1618,460,OR5A1_OR5A1P,0
1619,460,OR5A2,0
1620,460,OR5AC2,0
1621,460,OR5AK2,0
1622,460,OR5AK3P_OR5AK3,0
1623,460,OR5AL1_OR5AL1P,0
1624,460,OR5AN1,0
1625,460,OR5AP2,0
1626,460,OR5AR1,0
1627,460,OR5AS1,0
1628,460,OR5AU1,0
1629,460,OR5B12_OR5B12P_OR5B16,0
1630,460,OR5B17_OR5B20P,0
1631,460,OR5B2,0
1632,460,OR5B21,0
1633,460,OR5B3_OR5B13,0
1634,460,OR5C1_OR5C2P,0
1635,460,OR5D13,0
1636,460,OR5D14,0
1637,460,OR5D16,0
1638,460,OR5D18,0
1639,460,OR5F1,0
1640,460,OR5H1,0
1641,460,OR5H14,0
1642,460,OR5H2,0
1643,460,OR5H6,0
1644,460,OR5I1,1
1645,460,OR5J2,0
1646,460,OR5K1,0
1647,460,OR5K2,0
1648,460,OR5K3,0
1649,460,OR5K4,0
1650,460,OR5L1,0
1651,460,OR5M1,0
1652,460,OR5M10,0
1653,460,OR5M11,0
1654,460,OR5M3,0
1655,460,OR5M8,0
1656,460,OR5M9,0
1657,460,OR5P2,0
1658,460,OR5P3,0
1659,460,OR5T1_OR5T1P,0
1660,460,OR5T2,0
1661,460,OR5T3,0
1662,460,OR5V1,0
1663,460,OR5W2_OR5W2P_OR5W3P,0
1664,460,OR6A2_OR6A1_OR6A2P,0
1665,460,OR6B1,0
1666,460,OR6B2_OR6B2P,0
1667,460,OR6B3_OR6B3P,0
1668,460,OR6C1,0
1669,460,OR6C2,0
1670,460,OR6C3,0
1671,460,OR6C4,0
1672,460,OR6C6,0
1673,460,OR6C65,0
1674,460,OR6C68,0
1675,460,OR6C70,0
1676,460,OR6C74,0
1677,460,OR6C75,0
1678,460,OR6C76,0
1679,460,OR6F1,0
1680,460,OR6J1_OR6J2,0
1681,460,OR6K2,1
1682,460,OR6K3,0
1683,460,OR6K6,0
1684,460,OR6M1,0
1685,460,OR6N1,0
1686,460,OR6N2,0
1687,460,OR6P1,0
1688,460,OR6Q1,0
1689,460,OR6S1,0
1690,460,OR6T1,0
1691,460,OR6V1,0
1692,460,OR6X1,0
1693,460,OR6Y1_OR6Y2,0
1694,460,OR7A10,0
1695,460,OR7A17,0
1696,460,OR7A5,0
1697,460,OR7C1_OR7C4,0
1698,460,OR7D2,0
1699,460,OR7D4_OR7D4P,0
1700,460,OR7E24_OR7E24P,0
1701,460,OR7G2,0
1702,460,OR7G3,0
1703,460,OR8A1,0
1704,460,OR8B12,0
1705,460,OR8B2,0
1706,460,OR8B3,0
1707,460,OR8B4_OR8B4P,0
1708,460,OR8B8,0
1709,460,OR8D1_OR8D3,0
1710,460,OR8D2,0
1711,460,OR8D4,0
1712,460,OR8G1_OR8G1P,0
1713,460,OR8G5_OR8G5P_OR8G6,0
1714,460,OR8H1,0
1715,460,OR8H2,0
1716,460,OR8H3,0
1717,460,OR8I2,0
1718,460,OR8J1,0
1719,460,OR8J3,0
1720,460,OR8K1,0
1721,460,OR8K3,0
1722,460,OR8K5,0
1723,460,OR8S1,0
1724,460,OR8U1,0
1725,460,OR8U3_OR5R1_OR5R1P,0
1726,460,OR8U8,0
1727,460,OR8U9,0
1728,460,OR9A2,0
1729,460,OR9A4,1
1730,460,OR9G4,0
1731,460,OR9G9,0
1732,460,OR9I1,0
1733,460,OR9K2,0
1734,460,OR9Q1,0
1735,460,OR9Q2,0
1736,460,OR9Q2_OR9Q2P,0
1737,496,OR51E2,0
1738,527,OR1A1,0
1739,527,OR2M3_OR2M3P_OR2M6,0
1740,527,OR2W1,0
1741,527,OR5K1,0
1742,527,OR5M3,0
1743,527,OR8D1_OR8D3,0
1744,612,OR10S1,0
1745,612,OR2A1,0
1746,612,OR2A7,1
1747,612,OR2L13_OR2L14,0
1748,612,OR2T4,0
1749,612,OR2W3_OR2W3P_OR2W8P,0
1750,612,OR51B5,0
1751,650,OR10A2_OR10A2P,0
1752,650,OR10A3,0
1753,650,OR10A4_OR10A4P,0
1754,650,OR10A5_OR10A1,0
1755,650,OR10A6,0
1756,650,OR10A7,0
1757,650,OR10AD1_OR10AD1P,0
1758,650,OR10AG1,0
1759,650,OR10C1_OR10C2,0
1760,650,OR10D3,0
1761,650,OR10G3,0
1762,650,OR10G4,0
1763,650,OR10G6_OR10G6P,0
1764,650,OR10G7,0
1765,650,OR10G8,0
1766,650,OR10G9_OR10G10P,0
1767,650,OR10H1,0
1768,650,OR10H2,0
1769,650,OR10H3,0
1770,650,OR10H4,0
1771,650,OR10H5,0
1772,650,OR10J1,0
1773,650,OR10J3_OR10J3P,0
1774,650,OR10J5,0
1775,650,OR10K1,0
1776,650,OR10K2,0
1777,650,OR10P1_OR10P1P_OR10P2P_OR10P3P,0
1778,650,OR10Q1,0
1779,650,OR10R2,0
1780,650,OR10T2,0
1781,650,OR10V1,0
1782,650,OR10W1_OR10W1P,0
1783,650,OR10X1_OR10X1P,0
1784,650,OR10Z1,0
1785,650,OR11A1_OR11A2,0
1786,650,OR11G2,0
1787,650,OR11H1,0
1788,650,OR11H12,0
1789,650,OR11H2_OR11H2P,0
1790,650,OR11H4,0
1791,650,OR11H6,0
1792,650,OR11L1,0
1793,650,OR12D2,0
1794,650,OR12D3,0
1795,650,OR13A1,0
1796,650,OR13C2,0
1797,650,OR13C3,0
1798,650,OR13C4,0
1799,650,OR13C5,0
1800,650,OR13C8,0
1801,650,OR13C9,0
1802,650,OR13D1,0
1803,650,OR13F1,0
1804,650,OR13G1,0
1805,650,OR13H1,0
1806,650,OR13J1,0
1807,650,OR14A2_OR5AX1_OR5AX1P,0
1808,650,OR14C36_OR5BF1,0
1809,650,OR14I1_OR5BU1_OR5BU1P,0
1810,650,OR14J1_OR5U1,0
1811,650,OR14K1_OR5AY1,0
1812,650,OR14L1_OR14L1P_OR5AV1P,0
1813,650,OR1A1,1
1814,650,OR1A2,0
1815,650,OR1C1,0
1816,650,OR1D2,0
1817,650,OR1D5,0
1818,650,OR1E1_OR1E5_OR1E6_OR1E9P,0
1819,650,OR1E2_OR1E4,0
1820,650,OR1F1,0
1821,650,OR1F12P_OR1F12,0
1822,650,OR1G1_OR1G2,0
1823,650,OR1I1,0
1824,650,OR1J1,0
1825,650,OR1J2_OR1J3_OR1J5,0
1826,650,OR1J4,0
1827,650,OR1K1,0
1828,650,OR1L1_OR1L2,0
1829,650,OR1L3,0
1830,650,OR1L4_OR1L5,0
1831,650,OR1L6_OR1L7,0
1832,650,OR1L8,0
1833,650,OR1M1,0
1834,650,OR1N1_OR1N3,0
1835,650,OR1N2,0
1836,650,OR1Q1_OR1Q2_OR1Q3,0
1837,650,OR1S1,0
1838,650,OR1S2,0
1839,650,OR2A1,0
1840,650,OR2A12_OR2A12P,0
1841,650,OR2A14,0
1842,650,OR2A14_OR2A14P_OR2A6,0
1843,650,OR2A25_OR2A25P_OR2A27,0
1844,650,OR2A2_OR2A17P_OR2A2P,0
1845,650,OR2A4_OR2A10,0
1846,650,OR2A5_OR2A26_OR2A8,0
1847,650,OR2A7,0
1848,650,OR2AE1_OR2AE2,0
1849,650,OR2AG1_OR2AG3,0
1850,650,OR2AG2_OR2AG2P,0
1851,650,OR2AJ1_OR2AJ1P,0
1852,650,OR2AK2_OR2AK1P,0
1853,650,OR2AP1_OR2AP1P,0
1854,650,OR2AT4,0
1855,650,OR2B11,0
1856,650,OR2B2_OR2B9,0
1857,650,OR2B3_OR2B3P,0
1858,650,OR2B6,0
1859,650,OR2B8P_OR2B8,0
1860,650,OR2C1,0
1861,650,OR2C3_OR2C4_OR2C5P,0
1862,650,OR2D2_OR2D1,0
1863,650,OR2D3,0
1864,650,OR2F1_OR2F3_OR2F3P_OR2F4_OR2F5,0
1865,650,OR2F2,0
1866,650,OR2G2,0
1867,650,OR2G3,0
1868,650,OR2G6,0
1869,650,OR2H1_OR2H6_OR2H8,0
1870,650,OR2H2_OR2H3,0
1871,650,OR2J1_OR2J1P,0
1872,650,OR2J2,0
1873,650,OR2J3,1
1874,650,OR2K2_OR2AR1P,0
1875,650,OR2L13_OR2L14,0
1876,650,OR2L2_OR2L12_OR2L4P,0
1877,650,OR2L3,0
1878,650,OR2L5_OR2L11,0
1879,650,OR2L8,0
1880,650,OR2M2,0
1881,650,OR2M3_OR2M3P_OR2M6,0
1882,650,OR2M4,0
1883,650,OR2M5,0
1884,650,OR2M7,0
1885,650,OR2S2,0
1886,650,OR2T1,0
1887,650,OR2T10,0
1888,650,OR2T11,0
1889,650,OR2T29,0
1890,650,OR2T2_OR2T2P,0
1891,650,OR2T3,0
1892,650,OR2T33,0
1893,650,OR2T34,0
1894,650,OR2T35,0
1895,650,OR2T4,0
1896,650,OR2T5,0
1897,650,OR2T6_OR2T6P_OR2T9,0
1898,650,OR2T8_OR2T8P,0
1899,650,OR2V1,0
1900,650,OR2V2_OR2V3,0
1901,650,OR2W1,1
1902,650,OR2W3_OR2W3P_OR2W8P,0
1903,650,OR2W5P_OR2W5,0
1904,650,OR2Y1,0
1905,650,OR2Z1_OR2Z2,0
1906,650,OR3A1,0
1907,650,OR3A2,0
1908,650,OR3A3_OR3A6_OR3A7_OR3A8P,0
1909,650,OR3A4P_OR3A4_OR3A5P,0
1910,650,OR4A15,0
1911,650,OR4A16,0
1912,650,OR4A47,0
1913,650,OR4A4P,0
1914,650,OR4A5,0
1915,650,OR4B1,0
1916,650,OR4C11_OR4C11P,0
1917,650,OR4C12,0
1918,650,OR4C15,0
1919,650,OR4C16,0
1920,650,OR4C3,0
1921,650,OR4C46,0
1922,650,OR4C5,0
1923,650,OR4C6,0
1924,650,OR4D10_OR4D10P,0
1925,650,OR4D1_OR4D3,0
1926,650,OR4D2,0
1927,650,OR4D5,0
1928,650,OR4D6,0
1929,650,OR4D9,0
1930,650,OR4E2,0
1931,650,OR4F14,0
1932,650,OR4F15,0
1933,650,OR4F17_OR4F11P_OR4F18_OR4F19,0
1934,650,OR4F21_OR4F21P,0
1935,650,OR4F3,0
1936,650,OR4F4,0
1937,650,OR4F6_OR4F12,0
1938,650,OR4K1,0
1939,650,OR4K13,0
1940,650,OR4K15,1
1941,650,OR4K17,0
1942,650,OR4K2,0
1943,650,OR4K3_OR4K3P,0
1944,650,OR4K5,0
1945,650,OR4L1_OR4L2P,0
1946,650,OR4M1,0
1947,650,OR4M2B,0
1948,650,OR4N2,0
1949,650,OR4N4,0
1950,650,OR4P4_OR4P3P,0
1951,650,OR4Q3_OR4Q4,0
1952,650,OR4S1,0
1953,650,OR4S2_OR4S2P,0
1954,650,OR4X1,0
1955,650,OR4X2,0
1956,650,OR51A2,0
1957,650,OR51A4,0
1958,650,OR51A7,0
1959,650,OR51B2_OR51B1P,0
1960,650,OR51B4,0
1961,650,OR51B5,0
1962,650,OR51B6,1
1963,650,OR51D1,0
1964,650,OR51E1_OR51E1P_OR52A3P,0
1965,650,OR51E2,0
1966,650,OR51F1_OR51F1P,0
1967,650,OR51F2,0
1968,650,OR51G1_OR51G3P,0
1969,650,OR51G2,0
1970,650,OR51H1_OR51H1P,0
1971,650,OR51I1,0
1972,650,OR51I2,0
1973,650,OR51J1_OR51J1P_OR51J2,0
1974,650,OR51L1,0
1975,650,OR51M1,1
1976,650,OR51Q1,0
1977,650,OR51S1,0
1978,650,OR51T1,0
1979,650,OR51V1_OR51A12,0
1980,650,OR52A1,0
1981,650,OR52A4P_OR52A4,0
1982,650,OR52A5,0
1983,650,OR52B2,0
1984,650,OR52B4,0
1985,650,OR52B6,0
1986,650,OR52D1,0
1987,650,OR52E2,0
1988,650,OR52E4,0
1989,650,OR52E5,1
1990,650,OR52E6,0
1991,650,OR52E8,0
1992,650,OR52H1,1
1993,650,OR52I1,0
1994,650,OR52I2,0
1995,650,OR52J3,1
1996,650,OR52K1,0
1997,650,OR52K2,0
1998,650,OR52L1,0
1999,650,OR52L2P_OR52L2,0
2000,650,OR52M1_OR52M1P,0
2001,650,OR52N1,0
2002,650,OR52N2,0
2003,650,OR52N4,0
2004,650,OR52N5,0
2005,650,OR52P1_OR52P1P,0
2006,650,OR52R1,0
2007,650,OR52W1_OR52W1P,1
2008,650,OR56A1,0
2009,650,OR56A3_OR56A3P_OR56A6,0
2010,650,OR56A4,0
2011,650,OR56A5_OR56A5P,0
2012,650,OR56B1_OR56B1P,0
2013,650,OR56B4,0
2014,650,OR5A1_OR5A1P,0
2015,650,OR5A2,0
2016,650,OR5AC2,0
2017,650,OR5AK2,0
2018,650,OR5AK3P_OR5AK3,0
2019,650,OR5AL1_OR5AL1P,0
2020,650,OR5AN1,0
2021,650,OR5AP2,0
2022,650,OR5AR1,0
2023,650,OR5AS1,0
2024,650,OR5AU1,0
2025,650,OR5B12_OR5B12P_OR5B16,0
2026,650,OR5B17_OR5B20P,0
2027,650,OR5B2,0
2028,650,OR5B21,0
2029,650,OR5B3_OR5B13,0
2030,650,OR5C1_OR5C2P,0
2031,650,OR5D13,0
2032,650,OR5D14,0
2033,650,OR5D16,0
2034,650,OR5D18,0
2035,650,OR5F1,0
2036,650,OR5H1,0
2037,650,OR5H14,0
2038,650,OR5H2,0
2039,650,OR5H6,0
2040,650,OR5I1,0
2041,650,OR5J2,0
2042,650,OR5K1,1
2043,650,OR5K2,0
2044,650,OR5K3,0
2045,650,OR5K4,0
2046,650,OR5L1,0
2047,650,OR5M1,0
2048,650,OR5M10,0
2049,650,OR5M11,0
2050,650,OR5M3,0
2051,650,OR5M8,0
2052,650,OR5M9,0
2053,650,OR5P2,0
2054,650,OR5P3,0
2055,650,OR5T1_OR5T1P,0
2056,650,OR5T2,0
2057,650,OR5T3,0
2058,650,OR5V1,0
2059,650,OR5W2_OR5W2P_OR5W3P,0
2060,650,OR6A2_OR6A1_OR6A2P,0
2061,650,OR6B1,0
2062,650,OR6B2_OR6B2P,0
2063,650,OR6B3_OR6B3P,0
2064,650,OR6C1,0
2065,650,OR6C2,0
2066,650,OR6C3,0
2067,650,OR6C4,0
2068,650,OR6C6,0
2069,650,OR6C65,0
2070,650,OR6C68,0
2071,650,OR6C70,0
2072,650,OR6C74,0
2073,650,OR6C75,0
2074,650,OR6C76,0
2075,650,OR6F1,0
2076,650,OR6J1_OR6J2,0
2077,650,OR6K2,0
2078,650,OR6K3,0
2079,650,OR6K6,0
2080,650,OR6M1,0
2081,650,OR6N1,0
2082,650,OR6N2,0
2083,650,OR6P1,0
2084,650,OR6Q1,0
2085,650,OR6S1,0
2086,650,OR6T1,0
2087,650,OR6V1,0
2088,650,OR6X1,0
2089,650,OR6Y1_OR6Y2,0
2090,650,OR7A10,0
2091,650,OR7A17,0
2092,650,OR7A5,0
2093,650,OR7C1_OR7C4,0
2094,650,OR7D2,0
2095,650,OR7D4_OR7D4P,0
2096,650,OR7E24_OR7E24P,0
2097,650,OR7G2,0
2098,650,OR7G3,0
2099,650,OR8A1,0
2100,650,OR8B12,0
2101,650,OR8B2,0
2102,650,OR8B3,0
2103,650,OR8B4_OR8B4P,0
2104,650,OR8B8,0
2105,650,OR8D1_OR8D3,0
2106,650,OR8D2,0
2107,650,OR8D4,0
2108,650,OR8G1_OR8G1P,0
2109,650,OR8G5_OR8G5P_OR8G6,0
2110,650,OR8H1,0
2111,650,OR8H2,0
2112,650,OR8H3,0
2113,650,OR8I2,0
2114,650,OR8J1,0
2115,650,OR8J3,0
2116,650,OR8K1,0
2117,650,OR8K3,0
2118,650,OR8K5,0
2119,650,OR8S1,0
2120,650,OR8U1,0
2121,650,OR8U3_OR5R1_OR5R1P,0
2122,650,OR8U8,0
2123,650,OR8U9,0
2124,650,OR9A2,0
2125,650,OR9A4,0
2126,650,OR9G4,0
2127,650,OR9G9,0
2128,650,OR9I1,0
2129,650,OR9K2,0
2130,650,OR9Q1,0
2131,650,OR9Q2,0
2132,650,OR9Q2_OR9Q2P,0
2133,702,OR1A1,0
2134,702,OR2M3_OR2M3P_OR2M6,0
2135,702,OR2W1,0
2136,702,OR5K1,0
2137,702,OR5M3,0
2138,702,OR8D1_OR8D3,0
2139,750,OR51E2,1
2140,751,OR51E2,0
2141,774,OR51E2,0
2142,798,OR1G1_OR1G2,0
2143,798,OR52D1,0
2144,863,OR51E2,0
2145,878,OR10A2_OR10A2P,0
2146,878,OR10A3,0
2147,878,OR10A4_OR10A4P,0
2148,878,OR10A5_OR10A1,0
2149,878,OR10A6,0
2150,878,OR10A7,0
2151,878,OR10AD1_OR10AD1P,0
2152,878,OR10AG1,0
2153,878,OR10C1_OR10C2,0
2154,878,OR10D3,0
2155,878,OR10G3,0
2156,878,OR10G4,0
2157,878,OR10G6_OR10G6P,0
2158,878,OR10G7,1
2159,878,OR10G8,0
2160,878,OR10G9_OR10G10P,0
2161,878,OR10H1,0
2162,878,OR10H2,0
2163,878,OR10H3,0
2164,878,OR10H4,0
2165,878,OR10H5,0
2166,878,OR10J1,0
2167,878,OR10J3_OR10J3P,0
2168,878,OR10J5,0
2169,878,OR10K1,0
2170,878,OR10K2,0
2171,878,OR10P1_OR10P1P_OR10P2P_OR10P3P,0
2172,878,OR10Q1,0
2173,878,OR10R2,0
2174,878,OR10T2,0
2175,878,OR10V1,0
2176,878,OR10W1_OR10W1P,0
2177,878,OR10X1_OR10X1P,0
2178,878,OR10Z1,0
2179,878,OR11A1_OR11A2,0
2180,878,OR11G2,1
2181,878,OR11H1,0
2182,878,OR11H12,0
2183,878,OR11H2_OR11H2P,0
2184,878,OR11H4,0
2185,878,OR11H6,0
2186,878,OR11L1,0
2187,878,OR12D2,0
2188,878,OR12D3,0
2189,878,OR13A1,0
2190,878,OR13C2,0
2191,878,OR13C3,0
2192,878,OR13C4,0
2193,878,OR13C5,0
2194,878,OR13C8,0
2195,878,OR13C9,0
2196,878,OR13D1,0
2197,878,OR13F1,0
2198,878,OR13G1,0
2199,878,OR13H1,0
2200,878,OR13J1,0
2201,878,OR14A2_OR5AX1_OR5AX1P,0
2202,878,OR14C36_OR5BF1,0
2203,878,OR14I1_OR5BU1_OR5BU1P,0
2204,878,OR14J1_OR5U1,0
2205,878,OR14K1_OR5AY1,0
2206,878,OR14L1_OR14L1P_OR5AV1P,0
2207,878,OR1A1,1
2208,878,OR1A2,0
2209,878,OR1C1,0
2210,878,OR1D2,0
2211,878,OR1D5,0
2212,878,OR1E1_OR1E5_OR1E6_OR1E9P,0
2213,878,OR1E2_OR1E4,0
2214,878,OR1F1,0
2215,878,OR1F12P_OR1F12,0
2216,878,OR1G1_OR1G2,0
2217,878,OR1I1,0
2218,878,OR1J1,0
2219,878,OR1J2_OR1J3_OR1J5,0
2220,878,OR1J4,0
2221,878,OR1K1,0
2222,878,OR1L1_OR1L2,0
2223,878,OR1L3,0
2224,878,OR1L4_OR1L5,0
2225,878,OR1L6_OR1L7,0
2226,878,OR1L8,0
2227,878,OR1M1,0
2228,878,OR1N1_OR1N3,0
2229,878,OR1N2,0
2230,878,OR1Q1_OR1Q2_OR1Q3,0
2231,878,OR1S1,0
2232,878,OR1S2,0
2233,878,OR2A1,0
2234,878,OR2A12_OR2A12P,0
2235,878,OR2A14,0
2236,878,OR2A14_OR2A14P_OR2A6,0
2237,878,OR2A25_OR2A25P_OR2A27,0
2238,878,OR2A2_OR2A17P_OR2A2P,0
2239,878,OR2A4_OR2A10,0
2240,878,OR2A5_OR2A26_OR2A8,0
2241,878,OR2A7,0
2242,878,OR2AE1_OR2AE2,0
2243,878,OR2AG1_OR2AG3,0
2244,878,OR2AG2_OR2AG2P,0
2245,878,OR2AJ1_OR2AJ1P,0
2246,878,OR2AK2_OR2AK1P,0
2247,878,OR2AP1_OR2AP1P,0
2248,878,OR2AT4,0
2249,878,OR2B11,0
2250,878,OR2B2_OR2B9,0
2251,878,OR2B3_OR2B3P,0
2252,878,OR2B6,0
2253,878,OR2B8P_OR2B8,0
2254,878,OR2C1,0
2255,878,OR2C3_OR2C4_OR2C5P,0
2256,878,OR2D2_OR2D1,0
2257,878,OR2D3,0
2258,878,OR2F1_OR2F3_OR2F3P_OR2F4_OR2F5,0
2259,878,OR2F2,0
2260,878,OR2G2,0
2261,878,OR2G3,0
2262,878,OR2G6,0
2263,878,OR2H1_OR2H6_OR2H8,0
2264,878,OR2H2_OR2H3,0
2265,878,OR2J1_OR2J1P,0
2266,878,OR2J2,0
2267,878,OR2J3,0
2268,878,OR2K2_OR2AR1P,0
2269,878,OR2L13_OR2L14,0
2270,878,OR2L2_OR2L12_OR2L4P,0
2271,878,OR2L3,0
2272,878,OR2L5_OR2L11,0
2273,878,OR2L8,0
2274,878,OR2M2,0
2275,878,OR2M3_OR2M3P_OR2M6,0
2276,878,OR2M4,0
2277,878,OR2M5,0
2278,878,OR2M7,0
2279,878,OR2S2,0
2280,878,OR2T1,0
2281,878,OR2T10,0
2282,878,OR2T11,0
2283,878,OR2T29,0
2284,878,OR2T2_OR2T2P,1
2285,878,OR2T3,0
2286,878,OR2T33,0
2287,878,OR2T34,0
2288,878,OR2T35,0
2289,878,OR2T4,0
2290,878,OR2T5,0
2291,878,OR2T6_OR2T6P_OR2T9,0
2292,878,OR2T8_OR2T8P,0
2293,878,OR2V1,0
2294,878,OR2V2_OR2V3,0
2295,878,OR2W1,0
2296,878,OR2W3_OR2W3P_OR2W8P,0
2297,878,OR2W5P_OR2W5,0
2298,878,OR2Y1,0
2299,878,OR2Z1_OR2Z2,0
2300,878,OR3A1,0
2301,878,OR3A2,0
2302,878,OR3A3_OR3A6_OR3A7_OR3A8P,0
2303,878,OR3A4P_OR3A4_OR3A5P,0
2304,878,OR4A15,0
2305,878,OR4A16,0
2306,878,OR4A47,0
2307,878,OR4A4P,0
2308,878,OR4A5,0
2309,878,OR4B1,0
2310,878,OR4C11_OR4C11P,0
2311,878,OR4C12,0
2312,878,OR4C15,0
2313,878,OR4C16,0
2314,878,OR4C3,0
2315,878,OR4C46,0
2316,878,OR4C5,0
2317,878,OR4C6,0
2318,878,OR4D10_OR4D10P,0
2319,878,OR4D1_OR4D3,0
2320,878,OR4D2,0
2321,878,OR4D5,0
2322,878,OR4D6,0
2323,878,OR4D9,0
2324,878,OR4E2,0
2325,878,OR4F14,0
2326,878,OR4F15,0
2327,878,OR4F17_OR4F11P_OR4F18_OR4F19,0
2328,878,OR4F21_OR4F21P,0
2329,878,OR4F3,0
2330,878,OR4F4,0
2331,878,OR4F6_OR4F12,0
2332,878,OR4K1,0
2333,878,OR4K13,0
2334,878,OR4K15,0
2335,878,OR4K17,0
2336,878,OR4K2,0
2337,878,OR4K3_OR4K3P,0
2338,878,OR4K5,0
2339,878,OR4L1_OR4L2P,0
2340,878,OR4M1,0
2341,878,OR4M2B,0
2342,878,OR4N2,0
2343,878,OR4N4,0
2344,878,OR4P4_OR4P3P,0
2345,878,OR4Q3_OR4Q4,0
2346,878,OR4S1,0
2347,878,OR4S2_OR4S2P,0
2348,878,OR4X1,0
2349,878,OR4X2,0
2350,878,OR51A2,0
2351,878,OR51A4,0
2352,878,OR51B2_OR51B1P,0
2353,878,OR51B4,0
2354,878,OR51B5,0
2355,878,OR51B6,0
2356,878,OR51D1,0
2357,878,OR51E1_OR51E1P_OR52A3P,0
2358,878,OR51E2,0
2359,878,OR51F1_OR51F1P,0
2360,878,OR51F2,0
2361,878,OR51G1_OR51G3P,0
2362,878,OR51G2,0
2363,878,OR51H1_OR51H1P,0
2364,878,OR51I1,0
2365,878,OR51I2,0
2366,878,OR51J1_OR51J1P_OR51J2,0
2367,878,OR51L1,1
2368,878,OR51M1,0
2369,878,OR51Q1,0
2370,878,OR51S1,0
2371,878,OR51T1,0
2372,878,OR51V1_OR51A12,0
2373,878,OR52A1,0
2374,878,OR52A4P_OR52A4,0
2375,878,OR52A5,0
2376,878,OR52B2,0
2377,878,OR52B4,0
2378,878,OR52B6,0
2379,878,OR52D1,0
2380,878,OR52E2,0
2381,878,OR52E4,0
2382,878,OR52E5,0
2383,878,OR52E6,0
2384,878,OR52E8,0
2385,878,OR52H1,0
2386,878,OR52I2,0
2387,878,OR52J3,0
2388,878,OR52K1,0
2389,878,OR52K2,0
2390,878,OR52L1,0
2391,878,OR52L2P_OR52L2,0
2392,878,OR52M1_OR52M1P,0
2393,878,OR52N1,0
2394,878,OR52N2,0
2395,878,OR52N4,0
2396,878,OR52N5,0
2397,878,OR52P1_OR52P1P,0
2398,878,OR52R1,0
2399,878,OR52W1_OR52W1P,0
2400,878,OR56A1,0
2401,878,OR56A3_OR56A3P_OR56A6,0
2402,878,OR56A4,0
2403,878,OR56A5_OR56A5P,1
2404,878,OR56B1_OR56B1P,0
2405,878,OR56B4,0
2406,878,OR5A1_OR5A1P,0
2407,878,OR5A2,0
2408,878,OR5AC2,0
2409,878,OR5AK2,0
2410,878,OR5AK3P_OR5AK3,0
2411,878,OR5AL1_OR5AL1P,0
2412,878,OR5AN1,0
2413,878,OR5AP2,0
2414,878,OR5AR1,0
2415,878,OR5AS1,0
2416,878,OR5AU1,0
2417,878,OR5B12_OR5B12P_OR5B16,0
2418,878,OR5B17_OR5B20P,0
2419,878,OR5B2,0
2420,878,OR5B21,0
2421,878,OR5B3_OR5B13,0
2422,878,OR5C1_OR5C2P,0
2423,878,OR5D13,0
2424,878,OR5D14,0
2425,878,OR5D16,0
2426,878,OR5D18,0
2427,878,OR5F1,0
2428,878,OR5H1,0
2429,878,OR5H14,0
2430,878,OR5H2,0
2431,878,OR5H6,0
2432,878,OR5I1,0
2433,878,OR5J2,0
2434,878,OR5K1,0
2435,878,OR5K2,0
2436,878,OR5K3,0
2437,878,OR5K4,0
2438,878,OR5L1,0
2439,878,OR5M1,0
2440,878,OR5M10,0
2441,878,OR5M11,0
2442,878,OR5M8,0
2443,878,OR5M9,0
2444,878,OR5P2,0
2445,878,OR5P3,0
2446,878,OR5T1_OR5T1P,0
2447,878,OR5T2,0
2448,878,OR5T3,0
2449,878,OR5V1,0
2450,878,OR5W2_OR5W2P_OR5W3P,0
2451,878,OR6A2_OR6A1_OR6A2P,0
2452,878,OR6B1,0
2453,878,OR6B2_OR6B2P,0
2454,878,OR6B3_OR6B3P,0
2455,878,OR6C1,0
2456,878,OR6C2,0
2457,878,OR6C3,0
2458,878,OR6C4,0
2459,878,OR6C6,0
2460,878,OR6C65,0
2461,878,OR6C68,0
2462,878,OR6C70,0
2463,878,OR6C74,0
2464,878,OR6C75,0
2465,878,OR6C76,0
2466,878,OR6F1,0
2467,878,OR6J1_OR6J2,0
2468,878,OR6K2,0
2469,878,OR6K3,0
2470,878,OR6K6,0
2471,878,OR6M1,0
2472,878,OR6N1,0
2473,878,OR6N2,0
2474,878,OR6P1,0
2475,878,OR6Q1,0
2476,878,OR6S1,0
2477,878,OR6T1,0
2478,878,OR6V1,0
2479,878,OR6X1,0
2480,878,OR6Y1_OR6Y2,0
2481,878,OR7A10,0
2482,878,OR7A17,0
2483,878,OR7A5,0
2484,878,OR7C1_OR7C4,1
2485,878,OR7C1_OR7C4,1
2486,878,OR7D2,0
2487,878,OR7D4_OR7D4P,0
2488,878,OR7E24_OR7E24P,0
2489,878,OR7G2,0
2490,878,OR7G3,0
2491,878,OR8A1,0
2492,878,OR8B12,0
2493,878,OR8B2,0
2494,878,OR8B3,0
2495,878,OR8B4_OR8B4P,0
2496,878,OR8B8,0
2497,878,OR8D1_OR8D3,0
2498,878,OR8D2,0
2499,878,OR8D4,0
2500,878,OR8G1_OR8G1P,0
2501,878,OR8G5_OR8G5P_OR8G6,0
2502,878,OR8H1,0
2503,878,OR8H2,0
2504,878,OR8H3,0
2505,878,OR8I2,0
2506,878,OR8J1,0
2507,878,OR8J3,0
2508,878,OR8K1,0
2509,878,OR8K3,0
2510,878,OR8K5,0
2511,878,OR8S1,0
2512,878,OR8U1,0
2513,878,OR8U3_OR5R1_OR5R1P,0
2514,878,OR8U8,0
2515,878,OR8U9,0
2516,878,OR9A2,0
2517,878,OR9A4,0
2518,878,OR9G4,0
2519,878,OR9G9,0
2520,878,OR9I1,0
2521,878,OR9K2,0
2522,878,OR9Q1,0
2523,878,OR9Q2,0
2524,878,OR9Q2_OR9Q2P,0
2525,896,OR10S1,0
2526,896,OR2A1,0
2527,896,OR2A7,0
2528,896,OR2L13_OR2L14,0
2529,896,OR2T4,0
2530,896,OR2W3_OR2W3P_OR2W8P,0
2531,896,OR51B5,0
2532,957,OR10J5,0
2533,957,OR10S1,1
2534,957,OR10S1,1
2535,957,OR10S1,1
2536,957,OR1A1,1
2537,957,OR1A2,1
2538,957,OR1G1_OR1G2,1
2539,957,OR2A1,0
2540,957,OR2A7,0
2541,957,OR2C1,0
2542,957,OR2J2,1
2543,957,OR2L13_OR2L14,0
2544,957,OR2L2_OR2L12_OR2L4P,0
2545,957,OR2M7,0
2546,957,OR2T4,0
2547,957,OR2W1,1
2548,957,OR2W3_OR2W3P_OR2W8P,0
2549,957,OR51B5,0
2550,957,OR51E1_OR51E1P_OR52A3P,0
2551,957,OR51E2,0
2552,957,OR51L1,0
2553,957,OR52D1,0
2554,957,OR5P3,0
2555,964,OR51E2,1
2556,985,OR10S1,0
2557,985,OR2A1,0
2558,985,OR2A7,0
2559,985,OR2L13_OR2L14,0
2560,985,OR2T4,0
2561,985,OR2W3_OR2W3P_OR2W8P,0
2562,985,OR51B5,0
2563,985,OR51E1_OR51E1P_OR52A3P,0
2564,985,OR51E2,1
2565,998,OR10A2_OR10A2P,0
2566,998,OR10A3,0
2567,998,OR10A4_OR10A4P,0
2568,998,OR10A5_OR10A1,1
2569,998,OR10A6,0
2570,998,OR10A7,0
2571,998,OR10AD1_OR10AD1P,0
2572,998,OR10AG1,0
2573,998,OR10C1_OR10C2,0
2574,998,OR10D3,0
2575,998,OR10G3,0
2576,998,OR10G4,0
2577,998,OR10G6_OR10G6P,0
2578,998,OR10G7,1
2579,998,OR10G8,0
2580,998,OR10G9_OR10G10P,0
2581,998,OR10H1,0
2582,998,OR10H2,0
2583,998,OR10H3,0
2584,998,OR10H4,0
2585,998,OR10H5,0
2586,998,OR10J1,0
2587,998,OR10J3_OR10J3P,0
2588,998,OR10J5,0
2589,998,OR10K1,0
2590,998,OR10K2,0
2591,998,OR10P1_OR10P1P_OR10P2P_OR10P3P,0
2592,998,OR10Q1,0
2593,998,OR10R2,0
2594,998,OR10T2,0
2595,998,OR10V1,0
2596,998,OR10W1_OR10W1P,0
2597,998,OR10X1_OR10X1P,0
2598,998,OR10Z1,0
2599,998,OR11A1_OR11A2,0
2600,998,OR11G2,1
2601,998,OR11H1,1
2602,998,OR11H12,0
2603,998,OR11H2_OR11H2P,0
2604,998,OR11H4,0
2605,998,OR11H6,0
2606,998,OR11L1,0
2607,998,OR12D2,0
2608,998,OR12D3,0
2609,998,OR13A1,0
2610,998,OR13C2,1
2611,998,OR13C3,0
2612,998,OR13C4,0
2613,998,OR13C5,0
2614,998,OR13C8,0
2615,998,OR13C9,0
2616,998,OR13D1,0
2617,998,OR13F1,0
2618,998,OR13G1,0
2619,998,OR13H1,0
2620,998,OR13J1,0
2621,998,OR14A2_OR5AX1_OR5AX1P,0
2622,998,OR14C36_OR5BF1,0
2623,998,OR14I1_OR5BU1_OR5BU1P,0
2624,998,OR14J1_OR5U1,0
2625,998,OR14K1_OR5AY1,0
2626,998,OR14L1_OR14L1P_OR5AV1P,0
2627,998,OR1A1,0
2628,998,OR1A2,0
2629,998,OR1C1,0
2630,998,OR1D2,1
2631,998,OR1D5,1
2632,998,OR1E1_OR1E5_OR1E6_OR1E9P,0
2633,998,OR1E2_OR1E4,0
2634,998,OR1F1,0
2635,998,OR1F12P_OR1F12,1
2636,998,OR1G1_OR1G2,0
2637,998,OR1I1,0
2638,998,OR1J1,1
2639,998,OR1J2_OR1J3_OR1J5,0
2640,998,OR1J4,0
2641,998,OR1K1,0
2642,998,OR1L1_OR1L2,0
2643,998,OR1L3,0
2644,998,OR1L4_OR1L5,0
2645,998,OR1L6_OR1L7,0
2646,998,OR1L8,0
2647,998,OR1M1,0
2648,998,OR1N1_OR1N3,0
2649,998,OR1N2,0
2650,998,OR1Q1_OR1Q2_OR1Q3,0
2651,998,OR1S1,0
2652,998,OR1S2,0
2653,998,OR2A1,1
2654,998,OR2A12_OR2A12P,0
2655,998,OR2A14,0
2656,998,OR2A14_OR2A14P_OR2A6,0
2657,998,OR2A25_OR2A25P_OR2A27,0
2658,998,OR2A2_OR2A17P_OR2A2P,0
2659,998,OR2A4_OR2A10,0
2660,998,OR2A5_OR2A26_OR2A8,0
2661,998,OR2A7,0
2662,998,OR2AE1_OR2AE2,0
2663,998,OR2AG1_OR2AG3,0
2664,998,OR2AG2_OR2AG2P,0
2665,998,OR2AJ1_OR2AJ1P,0
2666,998,OR2AK2_OR2AK1P,0
2667,998,OR2AP1_OR2AP1P,0
2668,998,OR2AT4,0
2669,998,OR2B11,0
2670,998,OR2B2_OR2B9,0
2671,998,OR2B3_OR2B3P,0
2672,998,OR2B6,0
2673,998,OR2B8P_OR2B8,0
2674,998,OR2C1,1
2675,998,OR2C1,1
2676,998,OR2C3_OR2C4_OR2C5P,0
2677,998,OR2D2_OR2D1,1
2678,998,OR2D3,0
2679,998,OR2F1_OR2F3_OR2F3P_OR2F4_OR2F5,0
2680,998,OR2F2,0
2681,998,OR2G2,0
2682,998,OR2G3,0
2683,998,OR2G6,0
2684,998,OR2H1_OR2H6_OR2H8,0
2685,998,OR2H2_OR2H3,0
2686,998,OR2J1_OR2J1P,0
2687,998,OR2J2,1
2688,998,OR2J2,1
2689,998,OR2J2,1
2690,998,OR2J2,1
2691,998,OR2J3,1
2692,998,OR2K2_OR2AR1P,0
2693,998,OR2L13_OR2L14,0
2694,998,OR2L2_OR2L12_OR2L4P,0
2695,998,OR2L3,0
2696,998,OR2L5_OR2L11,1
2697,998,OR2L8,0
2698,998,OR2M2,0
2699,998,OR2M3_OR2M3P_OR2M6,0
2700,998,OR2M4,0
2701,998,OR2M5,0
2702,998,OR2M7,0
2703,998,OR2S2,0
2704,998,OR2T1,0
2705,998,OR2T10,0
2706,998,OR2T11,0
2707,998,OR2T29,0
2708,998,OR2T2_OR2T2P,1
2709,998,OR2T3,0
2710,998,OR2T33,0
2711,998,OR2T34,0
2712,998,OR2T35,1
2713,998,OR2T4,0
2714,998,OR2T5,0
2715,998,OR2T6_OR2T6P_OR2T9,0
2716,998,OR2T8_OR2T8P,1
2717,998,OR2V1,1
2718,998,OR2V2_OR2V3,0
2719,998,OR2W1,0
2720,998,OR2W3_OR2W3P_OR2W8P,0
2721,998,OR2W5P_OR2W5,0
2722,998,OR2Y1,0
2723,998,OR2Z1_OR2Z2,0
2724,998,OR3A1,0
2725,998,OR3A2,0
2726,998,OR3A3_OR3A6_OR3A7_OR3A8P,0
2727,998,OR3A4P_OR3A4_OR3A5P,0
2728,998,OR4A15,0
2729,998,OR4A16,0
2730,998,OR4A47,1
2731,998,OR4A4P,0
2732,998,OR4A5,1
2733,998,OR4B1,0
2734,998,OR4C11_OR4C11P,0
2735,998,OR4C12,0
2736,998,OR4C15,0
2737,998,OR4C16,1
2738,998,OR4C3,0
2739,998,OR4C46,0
2740,998,OR4C5,0
2741,998,OR4C6,0
2742,998,OR4D10_OR4D10P,0
2743,998,OR4D1_OR4D3,0
2744,998,OR4D2,0
2745,998,OR4D5,1
2746,998,OR4D6,0
2747,998,OR4D9,0
2748,998,OR4E2,0
2749,998,OR4F14,0
2750,998,OR4F15,0
2751,998,OR4F17_OR4F11P_OR4F18_OR4F19,1
2752,998,OR4F21_OR4F21P,1
2753,998,OR4F3,0
2754,998,OR4F4,1
2755,998,OR4F6_OR4F12,0
2756,998,OR4K1,0
2757,998,OR4K13,0
2758,998,OR4K15,1
2759,998,OR4K17,0
2760,998,OR4K2,0
2761,998,OR4K3_OR4K3P,0
2762,998,OR4K5,0
2763,998,OR4L1_OR4L2P,0
2764,998,OR4M1,1
2765,998,OR4M2B,0
2766,998,OR4N2,1
2767,998,OR4N4,0
2768,998,OR4P4_OR4P3P,0
2769,998,OR4Q3_OR4Q4,0
2770,998,OR4S1,0
2771,998,OR4S2_OR4S2P,0
2772,998,OR4X1,0
2773,998,OR4X2,0
2774,998,OR51A2,1
2775,998,OR51A4,0
2776,998,OR51B2_OR51B1P,0
2777,998,OR51B4,0
2778,998,OR51B5,0
2779,998,OR51B6,1
2780,998,OR51D1,0
2781,998,OR51E1_OR51E1P_OR52A3P,0
2782,998,OR51E2,0
2783,998,OR51F1_OR51F1P,0
2784,998,OR51F2,0
2785,998,OR51G1_OR51G3P,0
2786,998,OR51G2,0
2787,998,OR51H1_OR51H1P,0
2788,998,OR51I1,1
2789,998,OR51I2,0
2790,998,OR51J1_OR51J1P_OR51J2,1
2791,998,OR51L1,1
2792,998,OR51L1,1
2793,998,OR51L1,1
2794,998,OR51L1,1
2795,998,OR51L1,1
2796,998,OR51L1,1
2797,998,OR51L1,1
2798,998,OR51L1,1
2799,998,OR51L1,1
2800,998,OR51L1,1
2801,998,OR51L1,1
2802,998,OR51L1,1
2803,998,OR51M1,1
2804,998,OR51Q1,0
2805,998,OR51S1,1
2806,998,OR51T1,0
2807,998,OR51V1_OR51A12,1
2808,998,OR51V1_OR51A12,1
2809,998,OR52A1,0
2810,998,OR52A4P_OR52A4,1
2811,998,OR52A5,1
2812,998,OR52B2,0
2813,998,OR52B4,0
2814,998,OR52B6,0
2815,998,OR52D1,0
2816,998,OR52E2,0
2817,998,OR52E4,0
2818,998,OR52E5,1
2819,998,OR52E6,0
2820,998,OR52E8,0
2821,998,OR52H1,0
2822,998,OR52I2,0
2823,998,OR52J3,0
2824,998,OR52K1,0
2825,998,OR52K2,0
2826,998,OR52L1,0
2827,998,OR52L2P_OR52L2,0
2828,998,OR52M1_OR52M1P,0
2829,998,OR52N1,0
2830,998,OR52N2,1
2831,998,OR52N4,1
2832,998,OR52N5,1
2833,998,OR52P1_OR52P1P,0
2834,998,OR52R1,0
2835,998,OR52W1_OR52W1P,0
2836,998,OR56A1,0
2837,998,OR56A3_OR56A3P_OR56A6,0
2838,998,OR56A4,0
2839,998,OR56A5_OR56A5P,0
2840,998,OR56B1_OR56B1P,0
2841,998,OR56B4,0
2842,998,OR5A1_OR5A1P,0
2843,998,OR5A2,0
2844,998,OR5AC2,0
2845,998,OR5AK2,0
2846,998,OR5AK3P_OR5AK3,0
2847,998,OR5AL1_OR5AL1P,0
2848,998,OR5AN1,0
2849,998,OR5AP2,0
2850,998,OR5AR1,0
2851,998,OR5AS1,0
2852,998,OR5AU1,0
2853,998,OR5B12_OR5B12P_OR5B16,0
2854,998,OR5B17_OR5B20P,0
2855,998,OR5B2,0
2856,998,OR5B21,0
2857,998,OR5B3_OR5B13,0
2858,998,OR5C1_OR5C2P,0
2859,998,OR5D13,0
2860,998,OR5D14,0
2861,998,OR5D16,0
2862,998,OR5D18,0
2863,998,OR5F1,0
2864,998,OR5H1,0
2865,998,OR5H14,0
2866,998,OR5H2,0
2867,998,OR5H6,0
2868,998,OR5I1,0
2869,998,OR5J2,1
2870,998,OR5K1,0
2871,998,OR5K2,0
2872,998,OR5K3,0
2873,998,OR5K4,1
2874,998,OR5L1,1
2875,998,OR5M1,0
2876,998,OR5M10,0
2877,998,OR5M11,1
2878,998,OR5M3,0
2879,998,OR5M8,0
2880,998,OR5M9,0
2881,998,OR5P2,0
2882,998,OR5P3,0
2883,998,OR5T1_OR5T1P,0
2884,998,OR5T2,0
2885,998,OR5T3,0
2886,998,OR5V1,0
2887,998,OR5W2_OR5W2P_OR5W3P,0
2888,998,OR6A2_OR6A1_OR6A2P,0
2889,998,OR6B1,0
2890,998,OR6B2_OR6B2P,0
2891,998,OR6B3_OR6B3P,0
2892,998,OR6C1,0
2893,998,OR6C2,0
2894,998,OR6C3,0
2895,998,OR6C4,0
2896,998,OR6C6,0
2897,998,OR6C65,0
2898,998,OR6C68,1
2899,998,OR6C70,0
2900,998,OR6C74,0
2901,998,OR6C75,0
2902,998,OR6C76,0
2903,998,OR6F1,0
2904,998,OR6J1_OR6J2,0
2905,998,OR6K2,0
2906,998,OR6K3,0
2907,998,OR6K6,0
2908,998,OR6M1,0
2909,998,OR6N1,0
2910,998,OR6N2,0
2911,998,OR6P1,1
2912,998,OR6P1,1
2913,998,OR6Q1,0
2914,998,OR6S1,0
2915,998,OR6T1,0
2916,998,OR6V1,1
2917,998,OR6X1,1
2918,998,OR6Y1_OR6Y2,0
2919,998,OR7A10,0
2920,998,OR7A17,0
2921,998,OR7A5,0
2922,998,OR7C1_OR7C4,0
2923,998,OR7D2,0
2924,998,OR7D4_OR7D4P,0
2925,998,OR7E24_OR7E24P,0
2926,998,OR7G2,0
2927,998,OR7G3,0
2928,998,OR8A1,0
2929,998,OR8B12,1
2930,998,OR8B2,1
2931,998,OR8B3,1
2932,998,OR8B4_OR8B4P,0
2933,998,OR8B8,0
2934,998,OR8D1_OR8D3,0
2935,998,OR8D2,0
2936,998,OR8D4,0
2937,998,OR8G1_OR8G1P,0
2938,998,OR8G5_OR8G5P_OR8G6,0
2939,998,OR8H1,0
2940,998,OR8H2,0
2941,998,OR8H3,0
2942,998,OR8I2,0
2943,998,OR8J1,0
2944,998,OR8J3,0
2945,998,OR8K1,0
2946,998,OR8K3,0
2947,998,OR8K5,0
2948,998,OR8S1,0
2949,998,OR8U1,0
2950,998,OR8U3_OR5R1_OR5R1P,0
2951,998,OR8U8,0
2952,998,OR8U9,0
2953,998,OR9A2,0
2954,998,OR9A4,0
2955,998,OR9G4,0
2956,998,OR9G9,0
2957,998,OR9I1,0
2958,998,OR9K2,0
2959,998,OR9Q1,0
2960,998,OR9Q2,0
2961,998,OR9Q2_OR9Q2P,0
2962,999,OR1A1,0
2963,999,OR2M3_OR2M3P_OR2M6,0
2964,999,OR2W1,0
2965,999,OR51E1_OR51E1P_OR52A3P,0
2966,999,OR51E2,0
2967,999,OR51I2,0
2968,999,OR51L1,1
2969,999,OR52A5,0
2970,999,OR52B2,0
2971,999,OR52D1,0
2972,999,OR52E8,0
2973,999,OR52L1,0
2974,999,OR56A5_OR56A5P,0
2975,1031,OR10S1,0
2976,1031,OR2A1,0
2977,1031,OR2A7,0
2978,1031,OR2L13_OR2L14,0
2979,1031,OR2T4,0
2980,1031,OR2W3_OR2W3P_OR2W8P,0
2981,1031,OR51B5,0
2982,1032,OR10J5,0
2983,1032,OR10S1,0
2984,1032,OR1A1,0
2985,1032,OR1G1_OR1G2,0
2986,1032,OR2A1,0
2987,1032,OR2A7,0
2988,1032,OR2C1,0
2989,1032,OR2J2,0
2990,1032,OR2L13_OR2L14,0
2991,1032,OR2M3_OR2M3P_OR2M6,0
2992,1032,OR2M7,0
2993,1032,OR2T4,0
2994,1032,OR2W1,0
2995,1032,OR2W3_OR2W3P_OR2W8P,0
2996,1032,OR51B5,0
2997,1032,OR51E1_OR51E1P_OR52A3P,1
2998,1032,OR51E2,1
2999,1032,OR51E2,1
3000,1032,OR51E2,1
3001,1032,OR51I2,0
3002,1032,OR51L1,0
3003,1032,OR52A5,0
3004,1032,OR52B2,0
3005,1032,OR52D1,1
3006,1032,OR52E8,0
3007,1032,OR52L1,0
3008,1032,OR56A5_OR56A5P,0
3009,1032,OR5K1,0
3010,1032,OR5M3,0
3011,1032,OR5P3,0
3012,1032,OR8D1_OR8D3,0
3013,1049,OR1G1_OR1G2,1
3014,1049,OR1N1_OR1N3,0
3015,1049,OR52D1,0
3016,1068,OR1A1,0
3017,1068,OR1G1_OR1G2,0
3018,1068,OR2M3_OR2M3P_OR2M6,0
3019,1068,OR2W1,0
3020,1068,OR52D1,0
3021,1068,OR5K1,0
3022,1068,OR5M3,0
3023,1068,OR8D1_OR8D3,0
3024,1110,OR1A1,0
3025,1110,OR1A2,0
3026,1133,OR2C1,1
3027,1133,OR2F1_OR2F3_OR2F3P_OR2F4_OR2F5,0
3028,1146,OR1A1,0
3029,1146,OR1A2,0
3030,1176,OR51E2,1
3031,1183,OR10A2_OR10A2P,0
3032,1183,OR10A3,0
3033,1183,OR10A4_OR10A4P,0
3034,1183,OR10A5_OR10A1,0
3035,1183,OR10A6,0
3036,1183,OR10A7,0
3037,1183,OR10AD1_OR10AD1P,0
3038,1183,OR10AG1,0
3039,1183,OR10C1_OR10C2,0
3040,1183,OR10D3,0
3041,1183,OR10G3,1
3042,1183,OR10G3,1
3043,1183,OR10G3,1
3044,1183,OR10G3,1
3045,1183,OR10G3,1
3046,1183,OR10G4,1
3047,1183,OR10G4,1
3048,1183,OR10G4,1
3049,1183,OR10G4,1
3050,1183,OR10G4,1
3051,1183,OR10G4,1
3052,1183,OR10G4,1
3053,1183,OR10G4,1
3054,1183,OR10G4,1
3055,1183,OR10G4,1
3056,1183,OR10G6_OR10G6P,0
3057,1183,OR10G7,1
3058,1183,OR10G8,0
3059,1183,OR10G9_OR10G10P,0
3060,1183,OR10H1,0
3061,1183,OR10H2,0
3062,1183,OR10H3,0
3063,1183,OR10H4,0
3064,1183,OR10H5,0
3065,1183,OR10J1,0
3066,1183,OR10J3_OR10J3P,1
3067,1183,OR10J5,0
3068,1183,OR10K1,0
3069,1183,OR10K2,0
3070,1183,OR10P1_OR10P1P_OR10P2P_OR10P3P,0
3071,1183,OR10Q1,0
3072,1183,OR10R2,0
3073,1183,OR10S1,0
3074,1183,OR10T2,0
3075,1183,OR10V1,0
3076,1183,OR10W1_OR10W1P,0
3077,1183,OR10X1_OR10X1P,0
3078,1183,OR10Z1,0
3079,1183,OR11A1_OR11A2,0
3080,1183,OR11G2,0
3081,1183,OR11H1,0
3082,1183,OR11H12,0
3083,1183,OR11H2_OR11H2P,0
3084,1183,OR11H4,0
3085,1183,OR11H6,0
3086,1183,OR11L1,0
3087,1183,OR12D2,0
3088,1183,OR12D3,0
3089,1183,OR13A1,0
3090,1183,OR13C2,0
3091,1183,OR13C3,0
3092,1183,OR13C4,0
3093,1183,OR13C5,0
3094,1183,OR13C8,0
3095,1183,OR13C9,0
3096,1183,OR13D1,0
3097,1183,OR13F1,0
3098,1183,OR13G1,0
3099,1183,OR13H1,0
3100,1183,OR13J1,0
3101,1183,OR14A2_OR5AX1_OR5AX1P,0
3102,1183,OR14C36_OR5BF1,0
3103,1183,OR14I1_OR5BU1_OR5BU1P,0
3104,1183,OR14J1_OR5U1,0
3105,1183,OR14K1_OR5AY1,0
3106,1183,OR14L1_OR14L1P_OR5AV1P,0
3107,1183,OR1A1,1
3108,1183,OR1A2,0
3109,1183,OR1C1,0
3110,1183,OR1D2,0
3111,1183,OR1D5,0
3112,1183,OR1E1_OR1E5_OR1E6_OR1E9P,0
3113,1183,OR1E2_OR1E4,0
3114,1183,OR1F1,0
3115,1183,OR1F12P_OR1F12,0
3116,1183,OR1G1_OR1G2,1
3117,1183,OR1I1,0
3118,1183,OR1J1,0
3119,1183,OR1J2_OR1J3_OR1J5,0
3120,1183,OR1J4,0
3121,1183,OR1K1,0
3122,1183,OR1L1_OR1L2,0
3123,1183,OR1L3,1
3124,1183,OR1L3,1
3125,1183,OR1L3,1
3126,1183,OR1L3,1
3127,1183,OR1L4_OR1L5,0
3128,1183,OR1L6_OR1L7,0
3129,1183,OR1L8,0
3130,1183,OR1M1,0
3131,1183,OR1N1_OR1N3,0
3132,1183,OR1N2,0
3133,1183,OR1Q1_OR1Q2_OR1Q3,0
3134,1183,OR1S1,1
3135,1183,OR1S2,0
3136,1183,OR2A1,0
3137,1183,OR2A12_OR2A12P,0
3138,1183,OR2A14,0
3139,1183,OR2A14_OR2A14P_OR2A6,0
3140,1183,OR2A25_OR2A25P_OR2A27,0
3141,1183,OR2A2_OR2A17P_OR2A2P,0
3142,1183,OR2A4_OR2A10,0
3143,1183,OR2A5_OR2A26_OR2A8,0
3144,1183,OR2A7,0
3145,1183,OR2AE1_OR2AE2,0
3146,1183,OR2AG1_OR2AG3,0
3147,1183,OR2AG2_OR2AG2P,0
3148,1183,OR2AJ1_OR2AJ1P,0
3149,1183,OR2AK2_OR2AK1P,0
3150,1183,OR2AP1_OR2AP1P,0
3151,1183,OR2AT4,0
3152,1183,OR2B11,0
3153,1183,OR2B2_OR2B9,0
3154,1183,OR2B3_OR2B3P,0
3155,1183,OR2B6,0
3156,1183,OR2B8P_OR2B8,0
3157,1183,OR2C1,0
3158,1183,OR2C3_OR2C4_OR2C5P,0
3159,1183,OR2D2_OR2D1,0
3160,1183,OR2D3,0
3161,1183,OR2F1_OR2F3_OR2F3P_OR2F4_OR2F5,0
3162,1183,OR2F2,0
3163,1183,OR2G2,1
3164,1183,OR2G2,1
3165,1183,OR2G2,1
3166,1183,OR2G2,1
3167,1183,OR2G2,1
3168,1183,OR2G3,0
3169,1183,OR2G6,0
3170,1183,OR2H1_OR2H6_OR2H8,0
3171,1183,OR2H2_OR2H3,0
3172,1183,OR2J1_OR2J1P,0
3173,1183,OR2J2,1
3174,1183,OR2J2,1
3175,1183,OR2J2,1
3176,1183,OR2J2,1
3177,1183,OR2J2,1
3178,1183,OR2J2,1
3179,1183,OR2J3,0
3180,1183,OR2K2_OR2AR1P,0
3181,1183,OR2L13_OR2L14,0
3182,1183,OR2L2_OR2L12_OR2L4P,0
3183,1183,OR2L3,0
3184,1183,OR2L5_OR2L11,0
3185,1183,OR2L8,0
3186,1183,OR2M2,0
3187,1183,OR2M3_OR2M3P_OR2M6,0
3188,1183,OR2M4,1
3189,1183,OR2M4,1
3190,1183,OR2M4,1
3191,1183,OR2M5,0
3192,1183,OR2M7,0
3193,1183,OR2S2,0
3194,1183,OR2T1,0
3195,1183,OR2T10,1
3196,1183,OR2T10,1
3197,1183,OR2T10,1
3198,1183,OR2T10,1
3199,1183,OR2T10,1
3200,1183,OR2T11,0
3201,1183,OR2T29,0
3202,1183,OR2T2_OR2T2P,0
3203,1183,OR2T3,0
3204,1183,OR2T33,0
3205,1183,OR2T34,1
3206,1183,OR2T35,1
3207,1183,OR2T4,0
3208,1183,OR2T5,0
3209,1183,OR2T6_OR2T6P_OR2T9,0
3210,1183,OR2T8_OR2T8P,0
3211,1183,OR2V1,0
3212,1183,OR2V2_OR2V3,0
3213,1183,OR2W1,1
3214,1183,OR2W3_OR2W3P_OR2W8P,0
3215,1183,OR2W5P_OR2W5,0
3216,1183,OR2Y1,0
3217,1183,OR2Z1_OR2Z2,0
3218,1183,OR3A1,0
3219,1183,OR3A2,0
3220,1183,OR3A3_OR3A6_OR3A7_OR3A8P,0
3221,1183,OR3A4P_OR3A4_OR3A5P,1
3222,1183,OR4A15,0
3223,1183,OR4A16,0
3224,1183,OR4A47,0
3225,1183,OR4A4P,0
3226,1183,OR4A5,0
3227,1183,OR4B1,0
3228,1183,OR4C11_OR4C11P,0
3229,1183,OR4C12,0
3230,1183,OR4C15,0
3231,1183,OR4C16,0
3232,1183,OR4C3,0
3233,1183,OR4C46,0
3234,1183,OR4C5,0
3235,1183,OR4C6,0
3236,1183,OR4D10_OR4D10P,0
3237,1183,OR4D1_OR4D3,0
3238,1183,OR4D2,0
3239,1183,OR4D5,0
3240,1183,OR4D6,0
3241,1183,OR4D9,0
3242,1183,OR4E2,0
3243,1183,OR4F14,0
3244,1183,OR4F15,0
3245,1183,OR4F17_OR4F11P_OR4F18_OR4F19,0
3246,1183,OR4F21_OR4F21P,1
3247,1183,OR4F3,0
3248,1183,OR4F4,0
3249,1183,OR4F6_OR4F12,0
3250,1183,OR4K1,0
3251,1183,OR4K13,0
3252,1183,OR4K15,0
3253,1183,OR4K17,0
3254,1183,OR4K2,0
3255,1183,OR4K3_OR4K3P,0
3256,1183,OR4K5,0
3257,1183,OR4L1_OR4L2P,0
3258,1183,OR4M1,0
3259,1183,OR4M2B,0
3260,1183,OR4N2,0
3261,1183,OR4N4,0
3262,1183,OR4P4_OR4P3P,0
3263,1183,OR4Q3_OR4Q4,0
3264,1183,OR4S1,0
3265,1183,OR4S2_OR4S2P,0
3266,1183,OR4X1,0
3267,1183,OR4X2,0
3268,1183,OR51A2,0
3269,1183,OR51A4,0
3270,1183,OR51B2_OR51B1P,0
3271,1183,OR51B4,1
3272,1183,OR51B5,0
3273,1183,OR51B6,0
3274,1183,OR51D1,0
3275,1183,OR51E1_OR51E1P_OR52A3P,0
3276,1183,OR51E2,0
3277,1183,OR51F1_OR51F1P,0
3278,1183,OR51F2,0
3279,1183,OR51G1_OR51G3P,0
3280,1183,OR51G2,0
3281,1183,OR51H1_OR51H1P,0
3282,1183,OR51I1,0
3283,1183,OR51I2,0
3284,1183,OR51J1_OR51J1P_OR51J2,0
3285,1183,OR51L1,0
3286,1183,OR51M1,0
3287,1183,OR51Q1,0
3288,1183,OR51S1,0
3289,1183,OR51T1,0
3290,1183,OR51V1_OR51A12,0
3291,1183,OR52A1,0
3292,1183,OR52A4P_OR52A4,0
3293,1183,OR52A5,0
3294,1183,OR52B2,0
3295,1183,OR52B4,0
3296,1183,OR52B6,0
3297,1183,OR52D1,0
3298,1183,OR52E2,0
3299,1183,OR52E4,0
3300,1183,OR52E5,0
3301,1183,OR52E6,0
3302,1183,OR52E8,0
3303,1183,OR52H1,0
3304,1183,OR52I2,0
3305,1183,OR52J3,0
3306,1183,OR52K1,0
3307,1183,OR52K2,0
3308,1183,OR52L1,0
3309,1183,OR52L2P_OR52L2,0
3310,1183,OR52M1_OR52M1P,0
3311,1183,OR52N1,0
3312,1183,OR52N2,0
3313,1183,OR52N4,0
3314,1183,OR52N5,0
3315,1183,OR52P1_OR52P1P,0
3316,1183,OR52R1,0
3317,1183,OR52W1_OR52W1P,0
3318,1183,OR56A1,0
3319,1183,OR56A3_OR56A3P_OR56A6,0
3320,1183,OR56A4,0
3321,1183,OR56A5_OR56A5P,0
3322,1183,OR56B1_OR56B1P,0
3323,1183,OR56B4,0
3324,1183,OR5A1_OR5A1P,0
3325,1183,OR5A2,0
3326,1183,OR5AC2,1
3327,1183,OR5AC2,1
3328,1183,OR5AC2,1
3329,1183,OR5AC2,1
3330,1183,OR5AC2,1
3331,1183,OR5AK2,0
3332,1183,OR5AK3P_OR5AK3,0
3333,1183,OR5AL1_OR5AL1P,0
3334,1183,OR5AN1,0
3335,1183,OR5AP2,0
3336,1183,OR5AR1,0
3337,1183,OR5AS1,0
3338,1183,OR5AU1,0
3339,1183,OR5B12_OR5B12P_OR5B16,0
3340,1183,OR5B17_OR5B20P,0
3341,1183,OR5B2,0
3342,1183,OR5B21,0
3343,1183,OR5B3_OR5B13,0
3344,1183,OR5C1_OR5C2P,0
3345,1183,OR5D13,0
3346,1183,OR5D14,0
3347,1183,OR5D16,0
3348,1183,OR5D18,0
3349,1183,OR5F1,0
3350,1183,OR5H1,0
3351,1183,OR5H14,0
3352,1183,OR5H2,0
3353,1183,OR5H6,0
3354,1183,OR5I1,0
3355,1183,OR5J2,0
3356,1183,OR5K1,0
3357,1183,OR5K2,0
3358,1183,OR5K3,0
3359,1183,OR5K4,0
3360,1183,OR5L1,0
3361,1183,OR5M1,0
3362,1183,OR5M10,0
3363,1183,OR5M11,0
3364,1183,OR5M3,0
3365,1183,OR5M8,0
3366,1183,OR5M9,0
3367,1183,OR5P2,0
3368,1183,OR5P3,0
3369,1183,OR5T1_OR5T1P,0
3370,1183,OR5T2,0
3371,1183,OR5T3,0
3372,1183,OR5V1,0
3373,1183,OR5W2_OR5W2P_OR5W3P,0
3374,1183,OR6A2_OR6A1_OR6A2P,0
3375,1183,OR6B1,0
3376,1183,OR6B2_OR6B2P,0
3377,1183,OR6B3_OR6B3P,0
3378,1183,OR6C1,0
3379,1183,OR6C2,0
3380,1183,OR6C3,0
3381,1183,OR6C4,0
3382,1183,OR6C6,0
3383,1183,OR6C65,0
3384,1183,OR6C68,0
3385,1183,OR6C70,0
3386,1183,OR6C74,0
3387,1183,OR6C75,0
3388,1183,OR6C76,0
3389,1183,OR6F1,0
3390,1183,OR6J1_OR6J2,0
3391,1183,OR6K2,0
3392,1183,OR6K3,0
3393,1183,OR6K6,0
3394,1183,OR6M1,0
3395,1183,OR6N1,0
3396,1183,OR6N2,0
3397,1183,OR6P1,0
3398,1183,OR6Q1,0
3399,1183,OR6S1,0
3400,1183,OR6T1,0
3401,1183,OR6V1,0
3402,1183,OR6X1,0
3403,1183,OR6Y1_OR6Y2,0
3404,1183,OR7A10,0
3405,1183,OR7A17,0
3406,1183,OR7A5,0
3407,1183,OR7C1_OR7C4,0
3408,1183,OR7D2,0
3409,1183,OR7D4_OR7D4P,0
3410,1183,OR7E24_OR7E24P,0
3411,1183,OR7G2,0
3412,1183,OR7G3,0
3413,1183,OR8A1,0
3414,1183,OR8B12,0
3415,1183,OR8B2,0
3416,1183,OR8B3,0
3417,1183,OR8B4_OR8B4P,0
3418,1183,OR8B8,0
3419,1183,OR8D1_OR8D3,0
3420,1183,OR8D2,0
3421,1183,OR8D4,0
3422,1183,OR8G1_OR8G1P,0
3423,1183,OR8G5_OR8G5P_OR8G6,0
3424,1183,OR8H1,0
3425,1183,OR8H2,0
3426,1183,OR8H3,0
3427,1183,OR8I2,0
3428,1183,OR8J1,0
3429,1183,OR8J3,0
3430,1183,OR8K1,0
3431,1183,OR8K3,0
3432,1183,OR8K5,0
3433,1183,OR8S1,0
3434,1183,OR8U1,0
3435,1183,OR8U3_OR5R1_OR5R1P,0
3436,1183,OR8U8,0
3437,1183,OR8U9,0
3438,1183,OR9A2,0
3439,1183,OR9A4,0
3440,1183,OR9G4,0
3441,1183,OR9G9,0
3442,1183,OR9I1,0
3443,1183,OR9K2,0
3444,1183,OR9Q1,0
3445,1183,OR9Q2,0
3446,1183,OR9Q2_OR9Q2P,0
3447,1237,OR51E2,0
3448,1254,OR1G1_OR1G2,1
3449,1254,OR52D1,0
3450,1318,OR1A1,0
3451,1983,OR51E2,0
3452,2266,OR1N1_OR1N3,0
3453,2537,OR1G1_OR1G2,1
3454,2537,OR52D1,0
3455,2758,OR10A2_OR10A2P,0
3456,2758,OR10A3,0
3457,2758,OR10A4_OR10A4P,0
3458,2758,OR10A5_OR10A1,0
3459,2758,OR10A6,0
3460,2758,OR10A7,0
3461,2758,OR10AD1_OR10AD1P,0
3462,2758,OR10AG1,0
3463,2758,OR10C1_OR10C2,0
3464,2758,OR10D3,0
3465,2758,OR10G3,0
3466,2758,OR10G4,0
3467,2758,OR10G6_OR10G6P,0
3468,2758,OR10G7,1
3469,2758,OR10G8,0
3470,2758,OR10G9_OR10G10P,0
3471,2758,OR10H1,0
3472,2758,OR10H2,0
3473,2758,OR10H3,0
3474,2758,OR10H4,0
3475,2758,OR10H5,0
3476,2758,OR10J1,0
3477,2758,OR10J3_OR10J3P,1
3478,2758,OR10J5,0
3479,2758,OR10K1,0
3480,2758,OR10K2,0
3481,2758,OR10P1_OR10P1P_OR10P2P_OR10P3P,0
3482,2758,OR10Q1,0
3483,2758,OR10R2,0
3484,2758,OR10T2,0
3485,2758,OR10V1,0
3486,2758,OR10W1_OR10W1P,0
3487,2758,OR10X1_OR10X1P,0
3488,2758,OR10Z1,0
3489,2758,OR11A1_OR11A2,0
3490,2758,OR11G2,0
3491,2758,OR11H1,0
3492,2758,OR11H12,0
3493,2758,OR11H2_OR11H2P,0
3494,2758,OR11H4,0
3495,2758,OR11H6,0
3496,2758,OR11L1,0
3497,2758,OR12D2,0
3498,2758,OR12D3,0
3499,2758,OR13A1,0
3500,2758,OR13C2,0
3501,2758,OR13C3,0
3502,2758,OR13C4,0
3503,2758,OR13C5,0
3504,2758,OR13C8,0
3505,2758,OR13C9,0
3506,2758,OR13D1,0
3507,2758,OR13F1,0
3508,2758,OR13G1,0
3509,2758,OR13H1,0
3510,2758,OR13J1,0
3511,2758,OR14A2_OR5AX1_OR5AX1P,0
3512,2758,OR14C36_OR5BF1,0
3513,2758,OR14I1_OR5BU1_OR5BU1P,0
3514,2758,OR14J1_OR5U1,0
3515,2758,OR14K1_OR5AY1,0
3516,2758,OR14L1_OR14L1P_OR5AV1P,0
3517,2758,OR1A1,0
3518,2758,OR1A2,0
3519,2758,OR1C1,0
3520,2758,OR1D2,0
3521,2758,OR1D5,0
3522,2758,OR1E1_OR1E5_OR1E6_OR1E9P,0
3523,2758,OR1E2_OR1E4,0
3524,2758,OR1F1,0
3525,2758,OR1F12P_OR1F12,0
3526,2758,OR1G1_OR1G2,0
3527,2758,OR1I1,0
3528,2758,OR1J1,0
3529,2758,OR1J2_OR1J3_OR1J5,0
3530,2758,OR1J4,0
3531,2758,OR1K1,0
3532,2758,OR1L1_OR1L2,0
3533,2758,OR1L3,0
3534,2758,OR1L4_OR1L5,0
3535,2758,OR1L6_OR1L7,0
3536,2758,OR1L8,0
3537,2758,OR1M1,0
3538,2758,OR1N1_OR1N3,0
3539,2758,OR1N2,0
3540,2758,OR1Q1_OR1Q2_OR1Q3,0
3541,2758,OR1S1,0
3542,2758,OR1S2,0
3543,2758,OR2A1,0
3544,2758,OR2A12_OR2A12P,0
3545,2758,OR2A14,0
3546,2758,OR2A14_OR2A14P_OR2A6,0
3547,2758,OR2A25_OR2A25P_OR2A27,0
3548,2758,OR2A2_OR2A17P_OR2A2P,0
3549,2758,OR2A4_OR2A10,0
3550,2758,OR2A5_OR2A26_OR2A8,0
3551,2758,OR2A7,0
3552,2758,OR2AE1_OR2AE2,0
3553,2758,OR2AG1_OR2AG3,0
3554,2758,OR2AG2_OR2AG2P,0
3555,2758,OR2AJ1_OR2AJ1P,0
3556,2758,OR2AK2_OR2AK1P,0
3557,2758,OR2AP1_OR2AP1P,0
3558,2758,OR2AT4,0
3559,2758,OR2B11,0
3560,2758,OR2B2_OR2B9,0
3561,2758,OR2B3_OR2B3P,0
3562,2758,OR2B6,0
3563,2758,OR2B8P_OR2B8,0
3564,2758,OR2C1,0
3565,2758,OR2C3_OR2C4_OR2C5P,0
3566,2758,OR2D2_OR2D1,0
3567,2758,OR2D3,0
3568,2758,OR2F1_OR2F3_OR2F3P_OR2F4_OR2F5,0
3569,2758,OR2F2,0
3570,2758,OR2G2,0
3571,2758,OR2G3,0
3572,2758,OR2G6,0
3573,2758,OR2H1_OR2H6_OR2H8,0
3574,2758,OR2H2_OR2H3,0
3575,2758,OR2J1_OR2J1P,0
3576,2758,OR2J2,0
3577,2758,OR2J3,1
3578,2758,OR2K2_OR2AR1P,0
3579,2758,OR2L13_OR2L14,0
3580,2758,OR2L2_OR2L12_OR2L4P,0
3581,2758,OR2L3,0
3582,2758,OR2L5_OR2L11,0
3583,2758,OR2L8,0
3584,2758,OR2M2,0
3585,2758,OR2M3_OR2M3P_OR2M6,0
3586,2758,OR2M4,0
3587,2758,OR2M5,0
3588,2758,OR2M7,0
3589,2758,OR2S2,0
3590,2758,OR2T1,0
3591,2758,OR2T10,0
3592,2758,OR2T11,0
3593,2758,OR2T29,0
3594,2758,OR2T2_OR2T2P,0
3595,2758,OR2T3,0
3596,2758,OR2T33,0
3597,2758,OR2T34,0
3598,2758,OR2T35,0
3599,2758,OR2T4,0
3600,2758,OR2T5,0
3601,2758,OR2T6_OR2T6P_OR2T9,0
3602,2758,OR2T8_OR2T8P,0
3603,2758,OR2V1,0
3604,2758,OR2V2_OR2V3,0
3605,2758,OR2W1,1
3606,2758,OR2W1,1
3607,2758,OR2W1,1
3608,2758,OR2W1,1
3609,2758,OR2W3_OR2W3P_OR2W8P,0
3610,2758,OR2W5P_OR2W5,0
3611,2758,OR2Y1,0
3612,2758,OR2Z1_OR2Z2,0
3613,2758,OR3A1,0
3614,2758,OR3A2,0
3615,2758,OR3A3_OR3A6_OR3A7_OR3A8P,0
3616,2758,OR3A4P_OR3A4_OR3A5P,0
3617,2758,OR4A15,0
3618,2758,OR4A16,0
3619,2758,OR4A47,0
3620,2758,OR4A4P,0
3621,2758,OR4A5,0
3622,2758,OR4B1,0
3623,2758,OR4C11_OR4C11P,0
3624,2758,OR4C12,0
3625,2758,OR4C15,0
3626,2758,OR4C16,0
3627,2758,OR4C3,0
3628,2758,OR4C46,0
3629,2758,OR4C5,0
3630,2758,OR4C6,0
3631,2758,OR4D10_OR4D10P,0
3632,2758,OR4D1_OR4D3,0
3633,2758,OR4D2,0
3634,2758,OR4D5,0
3635,2758,OR4D6,0
3636,2758,OR4D9,0
3637,2758,OR4E2,0
3638,2758,OR4F14,0
3639,2758,OR4F15,0
3640,2758,OR4F17_OR4F11P_OR4F18_OR4F19,0
3641,2758,OR4F21_OR4F21P,0
3642,2758,OR4F3,0
3643,2758,OR4F4,0
3644,2758,OR4F6_OR4F12,0
3645,2758,OR4K1,0
3646,2758,OR4K13,0
3647,2758,OR4K15,0
3648,2758,OR4K17,0
3649,2758,OR4K2,0
3650,2758,OR4K3_OR4K3P,0
3651,2758,OR4K5,0
3652,2758,OR4L1_OR4L2P,0
3653,2758,OR4M1,0
3654,2758,OR4M2B,0
3655,2758,OR4N2,0
3656,2758,OR4N4,0
3657,2758,OR4P4_OR4P3P,0
3658,2758,OR4Q3_OR4Q4,0
3659,2758,OR4S1,0
3660,2758,OR4S2_OR4S2P,0
3661,2758,OR4X1,0
3662,2758,OR4X2,0
3663,2758,OR51A2,0
3664,2758,OR51A4,0
3665,2758,OR51B2_OR51B1P,0
3666,2758,OR51B4,1
3667,2758,OR51B5,0
3668,2758,OR51B6,0
3669,2758,OR51D1,0
3670,2758,OR51E1_OR51E1P_OR52A3P,0
3671,2758,OR51E2,0
3672,2758,OR51F1_OR51F1P,0
3673,2758,OR51F2,0
3674,2758,OR51G1_OR51G3P,0
3675,2758,OR51G2,0
3676,2758,OR51H1_OR51H1P,0
3677,2758,OR51I1,0
3678,2758,OR51I2,0
3679,2758,OR51J1_OR51J1P_OR51J2,0
3680,2758,OR51L1,0
3681,2758,OR51M1,0
3682,2758,OR51Q1,0
3683,2758,OR51S1,0
3684,2758,OR51T1,0
3685,2758,OR51V1_OR51A12,0
3686,2758,OR52A1,0
3687,2758,OR52A4P_OR52A4,0
3688,2758,OR52A5,0
3689,2758,OR52B2,0
3690,2758,OR52B4,0
3691,2758,OR52B6,0
3692,2758,OR52D1,0
3693,2758,OR52E2,0
3694,2758,OR52E4,0
3695,2758,OR52E5,0
3696,2758,OR52E6,0
3697,2758,OR52E8,0
3698,2758,OR52H1,0
3699,2758,OR52I2,0
3700,2758,OR52J3,0
3701,2758,OR52K1,0
3702,2758,OR52K2,0
3703,2758,OR52L1,0
3704,2758,OR52L2P_OR52L2,0
3705,2758,OR52M1_OR52M1P,0
3706,2758,OR52N1,0
3707,2758,OR52N2,0
3708,2758,OR52N4,0
3709,2758,OR52N5,0
3710,2758,OR52P1_OR52P1P,0
3711,2758,OR52R1,0
3712,2758,OR52W1_OR52W1P,0
3713,2758,OR56A1,0
3714,2758,OR56A3_OR56A3P_OR56A6,0
3715,2758,OR56A4,0
3716,2758,OR56A5_OR56A5P,0
3717,2758,OR56B1_OR56B1P,0
3718,2758,OR56B4,0
3719,2758,OR5A1_OR5A1P,0
3720,2758,OR5A2,0
3721,2758,OR5AC2,0
3722,2758,OR5AK2,0
3723,2758,OR5AK3P_OR5AK3,0
3724,2758,OR5AL1_OR5AL1P,0
3725,2758,OR5AN1,0
3726,2758,OR5AP2,0
3727,2758,OR5AR1,0
3728,2758,OR5AS1,0
3729,2758,OR5AU1,0
3730,2758,OR5B12_OR5B12P_OR5B16,0
3731,2758,OR5B17_OR5B20P,0
3732,2758,OR5B2,0
3733,2758,OR5B21,0
3734,2758,OR5B3_OR5B13,0
3735,2758,OR5C1_OR5C2P,0
3736,2758,OR5D13,0
3737,2758,OR5D14,0
3738,2758,OR5D16,0
3739,2758,OR5D18,0
3740,2758,OR5F1,0
3741,2758,OR5H1,0
3742,2758,OR5H14,0
3743,2758,OR5H2,0
3744,2758,OR5H6,0
3745,2758,OR5I1,0
3746,2758,OR5J2,0
3747,2758,OR5K1,0
3748,2758,OR5K2,0
3749,2758,OR5K3,0
3750,2758,OR5K4,0
3751,2758,OR5L1,0
3752,2758,OR5M1,0
3753,2758,OR5M10,0
3754,2758,OR5M11,0
3755,2758,OR5M3,0
3756,2758,OR5M8,0
3757,2758,OR5M9,0
3758,2758,OR5P2,0
3759,2758,OR5P3,0
3760,2758,OR5T1_OR5T1P,0
3761,2758,OR5T2,0
3762,2758,OR5T3,0
3763,2758,OR5V1,0
3764,2758,OR5W2_OR5W2P_OR5W3P,0
3765,2758,OR6A2_OR6A1_OR6A2P,0
3766,2758,OR6B1,0
3767,2758,OR6B2_OR6B2P,0
3768,2758,OR6B3_OR6B3P,0
3769,2758,OR6C1,0
3770,2758,OR6C2,0
3771,2758,OR6C3,0
3772,2758,OR6C4,0
3773,2758,OR6C6,0
3774,2758,OR6C65,0
3775,2758,OR6C68,0
3776,2758,OR6C70,0
3777,2758,OR6C74,0
3778,2758,OR6C75,0
3779,2758,OR6C76,0
3780,2758,OR6F1,0
3781,2758,OR6J1_OR6J2,0
3782,2758,OR6K2,0
3783,2758,OR6K3,0
3784,2758,OR6K6,0
3785,2758,OR6M1,0
3786,2758,OR6N1,0
3787,2758,OR6N2,0
3788,2758,OR6P1,0
3789,2758,OR6Q1,0
3790,2758,OR6S1,0
3791,2758,OR6T1,0
3792,2758,OR6V1,0
3793,2758,OR6X1,0
3794,2758,OR6Y1_OR6Y2,0
3795,2758,OR7A10,0
3796,2758,OR7A17,0
3797,2758,OR7A5,0
3798,2758,OR7C1_OR7C4,0
3799,2758,OR7D2,0
3800,2758,OR7D4_OR7D4P,0
3801,2758,OR7E24_OR7E24P,0
3802,2758,OR7G2,0
3803,2758,OR7G3,0
3804,2758,OR8A1,0
3805,2758,OR8B12,0
3806,2758,OR8B2,0
3807,2758,OR8B3,0
3808,2758,OR8B4_OR8B4P,0
3809,2758,OR8B8,0
3810,2758,OR8D1_OR8D3,0
3811,2758,OR8D2,0
3812,2758,OR8D4,0
3813,2758,OR8G1_OR8G1P,0
3814,2758,OR8G5_OR8G5P_OR8G6,0
3815,2758,OR8H1,0
3816,2758,OR8H2,0
3817,2758,OR8H3,0
3818,2758,OR8I2,0
3819,2758,OR8J1,0
3820,2758,OR8J3,0
3821,2758,OR8K1,0
3822,2758,OR8K3,0
3823,2758,OR8K5,0
3824,2758,OR8S1,0
3825,2758,OR8U1,0
3826,2758,OR8U3_OR5R1_OR5R1P,0
3827,2758,OR8U8,0
3828,2758,OR8U9,0
3829,2758,OR9A2,0
3830,2758,OR9A4,0
3831,2758,OR9G4,0
3832,2758,OR9G9,0
3833,2758,OR9I1,0
3834,2758,OR9K2,0
3835,2758,OR9Q1,0
3836,2758,OR9Q2,0
3837,2758,OR9Q2_OR9Q2P,0
3838,2879,OR1A1,0
3839,2879,OR2M3_OR2M3P_OR2M6,0
3840,2879,OR2W1,0
3841,2879,OR5K1,0
3842,2879,OR5M3,0
3843,2879,OR8D1_OR8D3,0
3844,2969,OR10J5,0
3845,2969,OR1A1,0
3846,2969,OR1G1_OR1G2,1
3847,2969,OR2C1,0
3848,2969,OR2J2,0
3849,2969,OR2M3_OR2M3P_OR2M6,0
3850,2969,OR2M7,0
3851,2969,OR2W1,1
3852,2969,OR51E1_OR51E1P_OR52A3P,0
3853,2969,OR51E2,0
3854,2969,OR51I2,0
3855,2969,OR51L1,0
3856,2969,OR52A5,0
3857,2969,OR52B2,1
3858,2969,OR52D1,0
3859,2969,OR52E8,0
3860,2969,OR52L1,0
3861,2969,OR56A5_OR56A5P,1
3862,2969,OR5K1,0
3863,2969,OR5M3,0
3864,2969,OR5P3,0
3865,2969,OR8D1_OR8D3,0
3866,3102,OR10J5,0
3867,3102,OR1A1,1
3868,3102,OR1A1,1
3869,3102,OR2C1,0
3870,3102,OR2J2,0
3871,3102,OR2M7,0
3872,3102,OR2W1,1
3873,3102,OR51E1_OR51E1P_OR52A3P,0
3874,3102,OR51E2,0
3875,3102,OR51L1,0
3876,3102,OR5P3,0
3877,3314,OR10S1,0
3878,3314,OR1A1,0
3879,3314,OR2A1,0
3880,3314,OR2A7,0
3881,3314,OR2L13_OR2L14,0
3882,3314,OR2M3_OR2M3P_OR2M6,0
3883,3314,OR2T4,0
3884,3314,OR2W1,0
3885,3314,OR2W3_OR2W3P_OR2W8P,0
3886,3314,OR51B5,0
3887,3314,OR5K1,0
3888,3314,OR5M3,0
3889,3314,OR7D4_OR7D4P,0
3890,3314,OR8D1_OR8D3,0
3891,3893,OR10S1,0
3892,3893,OR1G1_OR1G2,0
3893,3893,OR2A1,0
3894,3893,OR2A7,1
3895,3893,OR2A7,1
3896,3893,OR2A7,1
3897,3893,OR2A7,1
3898,3893,OR2A7,1
3899,3893,OR2L13_OR2L14,0
3900,3893,OR2T4,0
3901,3893,OR2W3_OR2W3P_OR2W8P,0
3902,3893,OR51B5,1
3903,3893,OR51B5,1
3904,3893,OR51B5,1
3905,3893,OR51B5,1
3906,3893,OR51B5,1
3907,3893,OR51B5,1
3908,3893,OR51E1_OR51E1P_OR52A3P,0
3909,3893,OR52D1,0
3910,4133,OR10A2_OR10A2P,0
3911,4133,OR10A3,0
3912,4133,OR10A4_OR10A4P,0
3913,4133,OR10A5_OR10A1,0
3914,4133,OR10A6,0
3915,4133,OR10A7,0
3916,4133,OR10AD1_OR10AD1P,0
3917,4133,OR10AG1,0
3918,4133,OR10C1_OR10C2,0
3919,4133,OR10D3,0
3920,4133,OR10G3,0
3921,4133,OR10G4,0
3922,4133,OR10G6_OR10G6P,0
3923,4133,OR10G7,1
3924,4133,OR10G8,0
3925,4133,OR10G9_OR10G10P,0
3926,4133,OR10H1,0
3927,4133,OR10H2,0
3928,4133,OR10H3,0
3929,4133,OR10H4,0
3930,4133,OR10H5,0
3931,4133,OR10J1,0
3932,4133,OR10J3_OR10J3P,0
3933,4133,OR10J5,0
3934,4133,OR10K1,0
3935,4133,OR10K2,0
3936,4133,OR10P1_OR10P1P_OR10P2P_OR10P3P,0
3937,4133,OR10Q1,0
3938,4133,OR10R2,0
3939,4133,OR10T2,0
3940,4133,OR10V1,0
3941,4133,OR10W1_OR10W1P,0
3942,4133,OR10X1_OR10X1P,0
3943,4133,OR10Z1,0
3944,4133,OR11A1_OR11A2,0
3945,4133,OR11G2,0
3946,4133,OR11H1,0
3947,4133,OR11H12,0
3948,4133,OR11H2_OR11H2P,0
3949,4133,OR11H4,0
3950,4133,OR11H6,0
3951,4133,OR11L1,0
3952,4133,OR12D2,0
3953,4133,OR12D3,0
3954,4133,OR13A1,0
3955,4133,OR13C2,0
3956,4133,OR13C3,0
3957,4133,OR13C4,0
3958,4133,OR13C5,0
3959,4133,OR13C8,0
3960,4133,OR13C9,0
3961,4133,OR13D1,0
3962,4133,OR13F1,0
3963,4133,OR13G1,0
3964,4133,OR13H1,0
3965,4133,OR13J1,0
3966,4133,OR14A2_OR5AX1_OR5AX1P,0
3967,4133,OR14C36_OR5BF1,0
3968,4133,OR14I1_OR5BU1_OR5BU1P,0
3969,4133,OR14J1_OR5U1,0
3970,4133,OR14K1_OR5AY1,0
3971,4133,OR14L1_OR14L1P_OR5AV1P,0
3972,4133,OR1A1,0
3973,4133,OR1A2,0
3974,4133,OR1C1,0
3975,4133,OR1D2,0
3976,4133,OR1D5,0
3977,4133,OR1E1_OR1E5_OR1E6_OR1E9P,0
3978,4133,OR1E2_OR1E4,0
3979,4133,OR1F1,0
3980,4133,OR1F12P_OR1F12,0
3981,4133,OR1G1_OR1G2,0
3982,4133,OR1I1,0
3983,4133,OR1J1,0
3984,4133,OR1J2_OR1J3_OR1J5,0
3985,4133,OR1J4,0
3986,4133,OR1K1,0
3987,4133,OR1L1_OR1L2,0
3988,4133,OR1L3,0
3989,4133,OR1L4_OR1L5,0
3990,4133,OR1L6_OR1L7,0
3991,4133,OR1L8,0
3992,4133,OR1M1,0
3993,4133,OR1N1_OR1N3,0
3994,4133,OR1N2,0
3995,4133,OR1Q1_OR1Q2_OR1Q3,0
3996,4133,OR1S1,0
3997,4133,OR1S2,0
3998,4133,OR2A1,0
3999,4133,OR2A12_OR2A12P,0
4000,4133,OR2A14,0
4001,4133,OR2A14_OR2A14P_OR2A6,0
4002,4133,OR2A25_OR2A25P_OR2A27,0
4003,4133,OR2A2_OR2A17P_OR2A2P,0
4004,4133,OR2A4_OR2A10,0
4005,4133,OR2A5_OR2A26_OR2A8,0
4006,4133,OR2A7,0
4007,4133,OR2AE1_OR2AE2,0
4008,4133,OR2AG1_OR2AG3,0
4009,4133,OR2AG2_OR2AG2P,0
4010,4133,OR2AJ1_OR2AJ1P,0
4011,4133,OR2AK2_OR2AK1P,0
4012,4133,OR2AP1_OR2AP1P,0
4013,4133,OR2AT4,0
4014,4133,OR2B11,0
4015,4133,OR2B2_OR2B9,0
4016,4133,OR2B3_OR2B3P,0
4017,4133,OR2B6,0
4018,4133,OR2B8P_OR2B8,0
4019,4133,OR2C1,0
4020,4133,OR2C3_OR2C4_OR2C5P,0
4021,4133,OR2D2_OR2D1,0
4022,4133,OR2D3,0
4023,4133,OR2F1_OR2F3_OR2F3P_OR2F4_OR2F5,0
4024,4133,OR2F2,0
4025,4133,OR2G2,0
4026,4133,OR2G3,0
4027,4133,OR2G6,0
4028,4133,OR2H1_OR2H6_OR2H8,0
4029,4133,OR2H2_OR2H3,0
4030,4133,OR2J1_OR2J1P,0
4031,4133,OR2J2,0
4032,4133,OR2J3,0
4033,4133,OR2K2_OR2AR1P,0
4034,4133,OR2L13_OR2L14,0
4035,4133,OR2L2_OR2L12_OR2L4P,0
4036,4133,OR2L3,0
4037,4133,OR2L5_OR2L11,0
4038,4133,OR2L8,0
4039,4133,OR2M2,0
4040,4133,OR2M3_OR2M3P_OR2M6,0
4041,4133,OR2M4,0
4042,4133,OR2M5,0
4043,4133,OR2M7,0
4044,4133,OR2S2,0
4045,4133,OR2T1,0
4046,4133,OR2T10,0
4047,4133,OR2T11,0
4048,4133,OR2T29,0
4049,4133,OR2T2_OR2T2P,0
4050,4133,OR2T3,0
4051,4133,OR2T33,0
4052,4133,OR2T34,0
4053,4133,OR2T35,0
4054,4133,OR2T4,0
4055,4133,OR2T5,0
4056,4133,OR2T6_OR2T6P_OR2T9,0
4057,4133,OR2T8_OR2T8P,0
4058,4133,OR2V1,0
4059,4133,OR2V2_OR2V3,0
4060,4133,OR2W1,0
4061,4133,OR2W3_OR2W3P_OR2W8P,0
4062,4133,OR2W5P_OR2W5,0
4063,4133,OR2Y1,0
4064,4133,OR2Z1_OR2Z2,0
4065,4133,OR3A1,0
4066,4133,OR3A2,0
4067,4133,OR3A3_OR3A6_OR3A7_OR3A8P,0
4068,4133,OR3A4P_OR3A4_OR3A5P,0
4069,4133,OR4A15,0
4070,4133,OR4A16,0
4071,4133,OR4A47,0
4072,4133,OR4A4P,0
4073,4133,OR4A5,0
4074,4133,OR4B1,0
4075,4133,OR4C11_OR4C11P,0
4076,4133,OR4C12,0
4077,4133,OR4C15,0
4078,4133,OR4C16,0
4079,4133,OR4C3,0
4080,4133,OR4C46,0
4081,4133,OR4C5,0
4082,4133,OR4C6,0
4083,4133,OR4D10_OR4D10P,0
4084,4133,OR4D1_OR4D3,0
4085,4133,OR4D2,0
4086,4133,OR4D5,0
4087,4133,OR4D6,0
4088,4133,OR4D9,0
4089,4133,OR4E2,0
4090,4133,OR4F14,0
4091,4133,OR4F15,0
4092,4133,OR4F17_OR4F11P_OR4F18_OR4F19,0
4093,4133,OR4F21_OR4F21P,0
4094,4133,OR4F3,0
4095,4133,OR4F4,0
4096,4133,OR4F6_OR4F12,0
4097,4133,OR4K1,0
4098,4133,OR4K13,0
4099,4133,OR4K15,0
4100,4133,OR4K17,0
4101,4133,OR4K2,0
4102,4133,OR4K3_OR4K3P,0
4103,4133,OR4K5,0
4104,4133,OR4L1_OR4L2P,0
4105,4133,OR4M1,0
4106,4133,OR4M2B,0
4107,4133,OR4N2,0
4108,4133,OR4N4,0
4109,4133,OR4P4_OR4P3P,0
4110,4133,OR4Q3_OR4Q4,0
4111,4133,OR4S1,0
4112,4133,OR4S2_OR4S2P,0
4113,4133,OR4X1,0
4114,4133,OR4X2,0
4115,4133,OR51A2,0
4116,4133,OR51A4,0
4117,4133,OR51B2_OR51B1P,0
4118,4133,OR51B4,0
4119,4133,OR51B5,0
4120,4133,OR51B6,0
4121,4133,OR51D1,0
4122,4133,OR51E1_OR51E1P_OR52A3P,0
4123,4133,OR51E2,0
4124,4133,OR51F1_OR51F1P,0
4125,4133,OR51F2,0
4126,4133,OR51G1_OR51G3P,0
4127,4133,OR51G2,0
4128,4133,OR51H1_OR51H1P,0
4129,4133,OR51I1,0
4130,4133,OR51I2,0
4131,4133,OR51J1_OR51J1P_OR51J2,0
4132,4133,OR51L1,0
4133,4133,OR51M1,0
4134,4133,OR51Q1,0
4135,4133,OR51S1,0
4136,4133,OR51T1,0
4137,4133,OR51V1_OR51A12,0
4138,4133,OR52A1,0
4139,4133,OR52A4P_OR52A4,0
4140,4133,OR52A5,0
4141,4133,OR52B2,0
4142,4133,OR52B4,0
4143,4133,OR52B6,0
4144,4133,OR52D1,0
4145,4133,OR52E2,0
4146,4133,OR52E4,0
4147,4133,OR52E5,0
4148,4133,OR52E6,0
4149,4133,OR52E8,0
4150,4133,OR52H1,0
4151,4133,OR52I2,0
4152,4133,OR52J3,0
4153,4133,OR52K1,0
4154,4133,OR52K2,0
4155,4133,OR52L1,0
4156,4133,OR52L2P_OR52L2,0
4157,4133,OR52M1_OR52M1P,0
4158,4133,OR52N1,0
4159,4133,OR52N2,0
4160,4133,OR52N4,0
4161,4133,OR52N5,0
4162,4133,OR52P1_OR52P1P,0
4163,4133,OR52R1,0
4164,4133,OR52W1_OR52W1P,0
4165,4133,OR56A1,0
4166,4133,OR56A3_OR56A3P_OR56A6,0
4167,4133,OR56A4,0
4168,4133,OR56A5_OR56A5P,0
4169,4133,OR56B1_OR56B1P,0
4170,4133,OR56B4,0
4171,4133,OR5A1_OR5A1P,0
4172,4133,OR5A2,0
4173,4133,OR5AC2,0
4174,4133,OR5AK2,0
4175,4133,OR5AK3P_OR5AK3,0
4176,4133,OR5AL1_OR5AL1P,0
4177,4133,OR5AN1,0
4178,4133,OR5AP2,0
4179,4133,OR5AR1,0
4180,4133,OR5AS1,0
4181,4133,OR5AU1,0
4182,4133,OR5B12_OR5B12P_OR5B16,0
4183,4133,OR5B17_OR5B20P,0
4184,4133,OR5B2,0
4185,4133,OR5B21,0
4186,4133,OR5B3_OR5B13,0
4187,4133,OR5C1_OR5C2P,0
4188,4133,OR5D13,0
4189,4133,OR5D14,0
4190,4133,OR5D16,0
4191,4133,OR5D18,0
4192,4133,OR5F1,0
4193,4133,OR5H1,0
4194,4133,OR5H14,0
4195,4133,OR5H2,0
4196,4133,OR5H6,0
4197,4133,OR5I1,0
4198,4133,OR5J2,0
4199,4133,OR5K1,0
4200,4133,OR5K2,0
4201,4133,OR5K3,0
4202,4133,OR5K4,0
4203,4133,OR5L1,0
4204,4133,OR5M1,0
4205,4133,OR5M10,0
4206,4133,OR5M11,0
4207,4133,OR5M8,0
4208,4133,OR5M9,0
4209,4133,OR5P2,0
4210,4133,OR5P3,1
4211,4133,OR5P3,1
4212,4133,OR5T1_OR5T1P,0
4213,4133,OR5T2,0
4214,4133,OR5T3,0
4215,4133,OR5V1,0
4216,4133,OR5W2_OR5W2P_OR5W3P,0
4217,4133,OR6A2_OR6A1_OR6A2P,0
4218,4133,OR6B1,0
4219,4133,OR6B2_OR6B2P,0
4220,4133,OR6B3_OR6B3P,0
4221,4133,OR6C1,0
4222,4133,OR6C2,0
4223,4133,OR6C3,0
4224,4133,OR6C4,0
4225,4133,OR6C6,0
4226,4133,OR6C65,0
4227,4133,OR6C68,0
4228,4133,OR6C70,0
4229,4133,OR6C74,0
4230,4133,OR6C75,0
4231,4133,OR6C76,0
4232,4133,OR6F1,0
4233,4133,OR6J1_OR6J2,0
4234,4133,OR6K2,0
4235,4133,OR6K3,0
4236,4133,OR6K6,0
4237,4133,OR6M1,0
4238,4133,OR6N1,0
4239,4133,OR6N2,0
4240,4133,OR6P1,0
4241,4133,OR6Q1,0
4242,4133,OR6S1,0
4243,4133,OR6T1,0
4244,4133,OR6V1,0
4245,4133,OR6X1,0
4246,4133,OR6Y1_OR6Y2,0
4247,4133,OR7A10,0
4248,4133,OR7A17,0
4249,4133,OR7A5,0
4250,4133,OR7C1_OR7C4,0
4251,4133,OR7D2,0
4252,4133,OR7D4_OR7D4P,0
4253,4133,OR7E24_OR7E24P,0
4254,4133,OR7G2,0
4255,4133,OR7G3,0
4256,4133,OR8A1,0
4257,4133,OR8B12,0
4258,4133,OR8B2,0
4259,4133,OR8B3,0
4260,4133,OR8B4_OR8B4P,0
4261,4133,OR8B8,0
4262,4133,OR8D1_OR8D3,0
4263,4133,OR8D2,0
4264,4133,OR8D4,0
4265,4133,OR8G1_OR8G1P,0
4266,4133,OR8G5_OR8G5P_OR8G6,0
4267,4133,OR8H1,0
4268,4133,OR8H2,0
4269,4133,OR8H3,0
4270,4133,OR8I2,0
4271,4133,OR8J1,0
4272,4133,OR8J3,0
4273,4133,OR8K1,0
4274,4133,OR8K3,0
4275,4133,OR8K5,0
4276,4133,OR8S1,0
4277,4133,OR8U1,0
4278,4133,OR8U3_OR5R1_OR5R1P,0
4279,4133,OR8U8,0
4280,4133,OR8U9,0
4281,4133,OR9A2,0
4282,4133,OR9A4,0
4283,4133,OR9G4,0
4284,4133,OR9G9,0
4285,4133,OR9I1,0
4286,4133,OR9K2,0
4287,4133,OR9Q1,0
4288,4133,OR9Q2,0
4289,4133,OR9Q2_OR9Q2P,0
4290,4671,OR51E2,0
4291,5144,OR1G1_OR1G2,1
4292,5144,OR3A1,0
4293,5144,OR52D1,0
4294,5281,OR10S1,0
4295,5281,OR2A1,0
4296,5281,OR2A7,1
4297,5281,OR2L13_OR2L14,0
4298,5281,OR2T4,0
4299,5281,OR2W3_OR2W3P_OR2W8P,0
4300,5281,OR51B5,0
4301,5756,OR51E2,1
4302,6013,OR51E2,0
4303,6054,OR1A1,0
4304,6054,OR2M3_OR2M3P_OR2M6,0
4305,6054,OR2W1,1
4306,6054,OR2W1,1
4307,6054,OR3A1,0
4308,6054,OR5K1,0
4309,6054,OR5M3,0
4310,6054,OR8D1_OR8D3,0
4311,6128,OR51E2,0
4312,6184,OR10J5,0
4313,6184,OR1A1,0
4314,6184,OR1A2,0
4315,6184,OR1G1_OR1G2,1
4316,6184,OR2C1,0
4317,6184,OR2J2,0
4318,6184,OR2M3_OR2M3P_OR2M6,0
4319,6184,OR2M7,0
4320,6184,OR2W1,1
4321,6184,OR51E1_OR51E1P_OR52A3P,0
4322,6184,OR51E2,0
4323,6184,OR51L1,0
4324,6184,OR52D1,0
4325,6184,OR5K1,0
4326,6184,OR5M3,0
4327,6184,OR5P3,0
4328,6184,OR8D1_OR8D3,0
4329,6255,OR51E2,0
4330,6276,OR10J5,0
4331,6276,OR1A1,0
4332,6276,OR1A2,0
4333,6276,OR2C1,0
4334,6276,OR2J2,0
4335,6276,OR2M7,0
4336,6276,OR2W1,0
4337,6276,OR51E1_OR51E1P_OR52A3P,0
4338,6276,OR51E2,0
4339,6276,OR51L1,0
4340,6276,OR5P3,0
4341,6448,OR1G1_OR1G2,0
4342,6448,OR1L3,0
4343,6448,OR2B3_OR2B3P,0
4344,6448,OR2G2,0
4345,6448,OR2M4,0
4346,6448,OR2T10,0
4347,6448,OR2T34,0
4348,6448,OR5AC2,0
4349,6448,OR5B17_OR5B20P,0
4350,6448,OR7D4_OR7D4P,0
4351,6548,OR1D2,1
4352,6549,OR10A2_OR10A2P,0
4353,6549,OR10A3,0
4354,6549,OR10A4_OR10A4P,0
4355,6549,OR10A5_OR10A1,0
4356,6549,OR10A6,0
4357,6549,OR10A7,0
4358,6549,OR10AD1_OR10AD1P,0
4359,6549,OR10AG1,0
4360,6549,OR10C1_OR10C2,0
4361,6549,OR10D3,0
4362,6549,OR10G3,0
4363,6549,OR10G4,0
4364,6549,OR10G6_OR10G6P,0
4365,6549,OR10G7,1
4366,6549,OR10G8,0
4367,6549,OR10G9_OR10G10P,0
4368,6549,OR10H1,0
4369,6549,OR10H2,0
4370,6549,OR10H3,0
4371,6549,OR10H4,0
4372,6549,OR10H5,0
4373,6549,OR10J1,0
4374,6549,OR10J3_OR10J3P,0
4375,6549,OR10J5,0
4376,6549,OR10K1,0
4377,6549,OR10K2,0
4378,6549,OR10P1_OR10P1P_OR10P2P_OR10P3P,0
4379,6549,OR10Q1,0
4380,6549,OR10R2,0
4381,6549,OR10S1,0
4382,6549,OR10T2,0
4383,6549,OR10V1,0
4384,6549,OR10W1_OR10W1P,0
4385,6549,OR10X1_OR10X1P,0
4386,6549,OR10Z1,0
4387,6549,OR11A1_OR11A2,0
4388,6549,OR11G2,0
4389,6549,OR11H1,0
4390,6549,OR11H12,0
4391,6549,OR11H2_OR11H2P,0
4392,6549,OR11H4,0
4393,6549,OR11H6,0
4394,6549,OR11L1,0
4395,6549,OR12D2,0
4396,6549,OR12D3,0
4397,6549,OR13A1,0
4398,6549,OR13C2,0
4399,6549,OR13C3,0
4400,6549,OR13C4,0
4401,6549,OR13C5,0
4402,6549,OR13C8,0
4403,6549,OR13C9,0
4404,6549,OR13D1,0
4405,6549,OR13F1,0
4406,6549,OR13G1,0
4407,6549,OR13H1,0
4408,6549,OR13J1,0
4409,6549,OR14A2_OR5AX1_OR5AX1P,0
4410,6549,OR14C36_OR5BF1,0
4411,6549,OR14I1_OR5BU1_OR5BU1P,0
4412,6549,OR14J1_OR5U1,0
4413,6549,OR14K1_OR5AY1,0
4414,6549,OR14L1_OR14L1P_OR5AV1P,0
4415,6549,OR1A1,1
4416,6549,OR1A1,1
4417,6549,OR1A2,0
4418,6549,OR1C1,1
4419,6549,OR1C1,1
4420,6549,OR1C1,1
4421,6549,OR1C1,1
4422,6549,OR1D2,1
4423,6549,OR1D5,0
4424,6549,OR1E1_OR1E5_OR1E6_OR1E9P,0
4425,6549,OR1E2_OR1E4,0
4426,6549,OR1F1,0
4427,6549,OR1F12P_OR1F12,0
4428,6549,OR1G1_OR1G2,0
4429,6549,OR1I1,0
4430,6549,OR1J1,0
4431,6549,OR1J2_OR1J3_OR1J5,0
4432,6549,OR1J4,0
4433,6549,OR1K1,0
4434,6549,OR1L1_OR1L2,0
4435,6549,OR1L3,0
4436,6549,OR1L4_OR1L5,0
4437,6549,OR1L6_OR1L7,0
4438,6549,OR1L8,0
4439,6549,OR1M1,0
4440,6549,OR1N1_OR1N3,0
4441,6549,OR1N2,1
4442,6549,OR1N2,1
4443,6549,OR1N2,1
4444,6549,OR1Q1_OR1Q2_OR1Q3,0
4445,6549,OR1S1,0
4446,6549,OR1S2,0
4447,6549,OR2A1,0
4448,6549,OR2A12_OR2A12P,0
4449,6549,OR2A14,0
4450,6549,OR2A14_OR2A14P_OR2A6,0
4451,6549,OR2A25_OR2A25P_OR2A27,0
4452,6549,OR2A2_OR2A17P_OR2A2P,0
4453,6549,OR2A4_OR2A10,0
4454,6549,OR2A5_OR2A26_OR2A8,0
4455,6549,OR2A7,0
4456,6549,OR2AE1_OR2AE2,0
4457,6549,OR2AG1_OR2AG3,0
4458,6549,OR2AG2_OR2AG2P,0
4459,6549,OR2AJ1_OR2AJ1P,0
4460,6549,OR2AK2_OR2AK1P,0
4461,6549,OR2AP1_OR2AP1P,0
4462,6549,OR2AT4,0
4463,6549,OR2B11,0
4464,6549,OR2B2_OR2B9,0
4465,6549,OR2B3_OR2B3P,0
4466,6549,OR2B6,0
4467,6549,OR2B8P_OR2B8,0
4468,6549,OR2C1,0
4469,6549,OR2C3_OR2C4_OR2C5P,0
4470,6549,OR2D2_OR2D1,0
4471,6549,OR2D3,0
4472,6549,OR2F1_OR2F3_OR2F3P_OR2F4_OR2F5,0
4473,6549,OR2F2,0
4474,6549,OR2G2,0
4475,6549,OR2G3,0
4476,6549,OR2G6,0
4477,6549,OR2H1_OR2H6_OR2H8,0
4478,6549,OR2H2_OR2H3,0
4479,6549,OR2J1_OR2J1P,0
4480,6549,OR2J2,0
4481,6549,OR2J3,0
4482,6549,OR2K2_OR2AR1P,0
4483,6549,OR2L13_OR2L14,0
4484,6549,OR2L2_OR2L12_OR2L4P,0
4485,6549,OR2L3,0
4486,6549,OR2L5_OR2L11,0
4487,6549,OR2L8,0
4488,6549,OR2M2,0
4489,6549,OR2M3_OR2M3P_OR2M6,0
4490,6549,OR2M4,0
4491,6549,OR2M5,0
4492,6549,OR2M7,0
4493,6549,OR2S2,0
4494,6549,OR2T1,0
4495,6549,OR2T10,0
4496,6549,OR2T11,0
4497,6549,OR2T29,0
4498,6549,OR2T2_OR2T2P,0
4499,6549,OR2T3,0
4500,6549,OR2T33,0
4501,6549,OR2T34,0
4502,6549,OR2T35,0
4503,6549,OR2T4,0
4504,6549,OR2T5,0
4505,6549,OR2T6_OR2T6P_OR2T9,0
4506,6549,OR2T8_OR2T8P,0
4507,6549,OR2V1,0
4508,6549,OR2V2_OR2V3,0
4509,6549,OR2W1,1
4510,6549,OR2W1,1
4511,6549,OR2W3_OR2W3P_OR2W8P,0
4512,6549,OR2W5P_OR2W5,0
4513,6549,OR2Y1,0
4514,6549,OR2Z1_OR2Z2,0
4515,6549,OR3A1,0
4516,6549,OR3A2,0
4517,6549,OR3A3_OR3A6_OR3A7_OR3A8P,0
4518,6549,OR3A4P_OR3A4_OR3A5P,0
4519,6549,OR4A15,0
4520,6549,OR4A16,0
4521,6549,OR4A47,0
4522,6549,OR4A4P,0
4523,6549,OR4A5,0
4524,6549,OR4B1,0
4525,6549,OR4C11_OR4C11P,0
4526,6549,OR4C12,0
4527,6549,OR4C15,0
4528,6549,OR4C16,0
4529,6549,OR4C3,0
4530,6549,OR4C46,0
4531,6549,OR4C5,0
4532,6549,OR4C6,0
4533,6549,OR4D10_OR4D10P,0
4534,6549,OR4D1_OR4D3,0
4535,6549,OR4D2,0
4536,6549,OR4D5,0
4537,6549,OR4D6,0
4538,6549,OR4D9,0
4539,6549,OR4E2,0
4540,6549,OR4F14,0
4541,6549,OR4F15,0
4542,6549,OR4F17_OR4F11P_OR4F18_OR4F19,0
4543,6549,OR4F21_OR4F21P,0
4544,6549,OR4F3,0
4545,6549,OR4F4,0
4546,6549,OR4F6_OR4F12,0
4547,6549,OR4K1,0
4548,6549,OR4K13,0
4549,6549,OR4K15,0
4550,6549,OR4K17,0
4551,6549,OR4K2,0
4552,6549,OR4K3_OR4K3P,0
4553,6549,OR4K5,0
4554,6549,OR4L1_OR4L2P,0
4555,6549,OR4M1,0
4556,6549,OR4M2B,0
4557,6549,OR4N2,0
4558,6549,OR4N4,0
4559,6549,OR4P4_OR4P3P,0
4560,6549,OR4Q3_OR4Q4,0
4561,6549,OR4S1,0
4562,6549,OR4S2_OR4S2P,0
4563,6549,OR4X1,0
4564,6549,OR4X2,0
4565,6549,OR51A2,0
4566,6549,OR51A4,0
4567,6549,OR51A7,0
4568,6549,OR51B2_OR51B1P,0
4569,6549,OR51B4,0
4570,6549,OR51B5,0
4571,6549,OR51B6,0
4572,6549,OR51D1,0
4573,6549,OR51E1_OR51E1P_OR52A3P,0
4574,6549,OR51E2,0
4575,6549,OR51F1_OR51F1P,0
4576,6549,OR51F2,0
4577,6549,OR51G1_OR51G3P,0
4578,6549,OR51G2,0
4579,6549,OR51H1_OR51H1P,0
4580,6549,OR51I1,0
4581,6549,OR51I2,0
4582,6549,OR51J1_OR51J1P_OR51J2,0
4583,6549,OR51L1,0
4584,6549,OR51M1,1
4585,6549,OR51Q1,0
4586,6549,OR51S1,0
4587,6549,OR51T1,0
4588,6549,OR51V1_OR51A12,0
4589,6549,OR52A1,0
4590,6549,OR52A4P_OR52A4,0
4591,6549,OR52A5,0
4592,6549,OR52B2,0
4593,6549,OR52B4,0
4594,6549,OR52B6,0
4595,6549,OR52D1,0
4596,6549,OR52E2,0
4597,6549,OR52E4,0
4598,6549,OR52E5,0
4599,6549,OR52E6,0
4600,6549,OR52E8,0
4601,6549,OR52H1,1
4602,6549,OR52I1,0
4603,6549,OR52I2,0
4604,6549,OR52J3,0
4605,6549,OR52K1,0
4606,6549,OR52K2,0
4607,6549,OR52L1,0
4608,6549,OR52L2P_OR52L2,0
4609,6549,OR52M1_OR52M1P,0
4610,6549,OR52N1,0
4611,6549,OR52N2,0
4612,6549,OR52N4,0
4613,6549,OR52N5,0
4614,6549,OR52P1_OR52P1P,0
4615,6549,OR52R1,0
4616,6549,OR52W1_OR52W1P,0
4617,6549,OR56A1,0
4618,6549,OR56A3_OR56A3P_OR56A6,0
4619,6549,OR56A4,0
4620,6549,OR56A5_OR56A5P,1
4621,6549,OR56B1_OR56B1P,0
4622,6549,OR56B4,0
4623,6549,OR5A1_OR5A1P,0
4624,6549,OR5A2,0
4625,6549,OR5AC2,0
4626,6549,OR5AK2,0
4627,6549,OR5AK3P_OR5AK3,0
4628,6549,OR5AL1_OR5AL1P,0
4629,6549,OR5AN1,0
4630,6549,OR5AP2,0
4631,6549,OR5AR1,0
4632,6549,OR5AS1,0
4633,6549,OR5AU1,0
4634,6549,OR5B12_OR5B12P_OR5B16,0
4635,6549,OR5B17_OR5B20P,0
4636,6549,OR5B2,0
4637,6549,OR5B21,0
4638,6549,OR5B3_OR5B13,0
4639,6549,OR5C1_OR5C2P,0
4640,6549,OR5D13,0
4641,6549,OR5D14,0
4642,6549,OR5D16,0
4643,6549,OR5D18,0
4644,6549,OR5F1,0
4645,6549,OR5H1,0
4646,6549,OR5H14,0
4647,6549,OR5H2,0
4648,6549,OR5H6,0
4649,6549,OR5I1,0
4650,6549,OR5J2,0
4651,6549,OR5K1,0
4652,6549,OR5K2,0
4653,6549,OR5K3,0
4654,6549,OR5K4,0
4655,6549,OR5L1,0
4656,6549,OR5M1,0
4657,6549,OR5M10,0
4658,6549,OR5M11,0
4659,6549,OR5M3,0
4660,6549,OR5M8,0
4661,6549,OR5M9,0
4662,6549,OR5P2,0
4663,6549,OR5P3,0
4664,6549,OR5T1_OR5T1P,0
4665,6549,OR5T2,0
4666,6549,OR5T3,0
4667,6549,OR5V1,0
4668,6549,OR5W2_OR5W2P_OR5W3P,0
4669,6549,OR6A2_OR6A1_OR6A2P,0
4670,6549,OR6B1,0
4671,6549,OR6B2_OR6B2P,0
4672,6549,OR6B3_OR6B3P,0
4673,6549,OR6C1,0
4674,6549,OR6C2,0
4675,6549,OR6C3,0
4676,6549,OR6C4,0
4677,6549,OR6C6,0
4678,6549,OR6C65,0
4679,6549,OR6C68,0
4680,6549,OR6C70,0
4681,6549,OR6C74,0
4682,6549,OR6C75,0
4683,6549,OR6C76,0
4684,6549,OR6F1,0
4685,6549,OR6J1_OR6J2,0
4686,6549,OR6K2,0
4687,6549,OR6K3,0
4688,6549,OR6K6,0
4689,6549,OR6M1,0
4690,6549,OR6N1,0
4691,6549,OR6N2,0
4692,6549,OR6P1,0
4693,6549,OR6Q1,0
4694,6549,OR6S1,0
4695,6549,OR6T1,0
4696,6549,OR6V1,0
4697,6549,OR6X1,0
4698,6549,OR6Y1_OR6Y2,0
4699,6549,OR7A10,0
4700,6549,OR7A17,0
4701,6549,OR7A5,0
4702,6549,OR7C1_OR7C4,0
4703,6549,OR7D2,0
4704,6549,OR7D4_OR7D4P,0
4705,6549,OR7E24_OR7E24P,0
4706,6549,OR7G2,0
4707,6549,OR7G3,0
4708,6549,OR8A1,0
4709,6549,OR8B12,0
4710,6549,OR8B2,0
4711,6549,OR8B3,0
4712,6549,OR8B4_OR8B4P,0
4713,6549,OR8B8,0
4714,6549,OR8D1_OR8D3,0
4715,6549,OR8D2,0
4716,6549,OR8D4,0
4717,6549,OR8G1_OR8G1P,0
4718,6549,OR8G5_OR8G5P_OR8G6,0
4719,6549,OR8H1,0
4720,6549,OR8H2,0
4721,6549,OR8H3,0
4722,6549,OR8I2,0
4723,6549,OR8J1,0
4724,6549,OR8J3,0
4725,6549,OR8K1,0
4726,6549,OR8K3,0
4727,6549,OR8K5,0
4728,6549,OR8S1,0
4729,6549,OR8U1,0
4730,6549,OR8U3_OR5R1_OR5R1P,0
4731,6549,OR8U8,0
4732,6549,OR8U9,0
4733,6549,OR9A2,0
4734,6549,OR9A4,0
4735,6549,OR9G4,0
4736,6549,OR9G9,0
4737,6549,OR9I1,0
4738,6549,OR9K2,0
4739,6549,OR9Q1,0
4740,6549,OR9Q2,0
4741,6549,OR9Q2_OR9Q2P,0
4742,6560,OR1A1,0
4743,6560,OR2M3_OR2M3P_OR2M6,0
4744,6560,OR2W1,0
4745,6561,OR10A2_OR10A2P,0
4746,6561,OR10A3,0
4747,6561,OR10A4_OR10A4P,0
4748,6561,OR10A5_OR10A1,0
4749,6561,OR10A6,0
4750,6561,OR10A7,0
4751,6561,OR10AD1_OR10AD1P,0
4752,6561,OR10AG1,0
4753,6561,OR10C1_OR10C2,0
4754,6561,OR10D3,0
4755,6561,OR10G3,0
4756,6561,OR10G4,0
4757,6561,OR10G6_OR10G6P,0
4758,6561,OR10G7,1
4759,6561,OR10G8,0
4760,6561,OR10G9_OR10G10P,0
4761,6561,OR10H1,0
4762,6561,OR10H2,0
4763,6561,OR10H3,0
4764,6561,OR10H4,0
4765,6561,OR10H5,0
4766,6561,OR10J1,0
4767,6561,OR10J3_OR10J3P,0
4768,6561,OR10J5,0
4769,6561,OR10K1,0
4770,6561,OR10K2,0
4771,6561,OR10P1_OR10P1P_OR10P2P_OR10P3P,0
4772,6561,OR10Q1,0
4773,6561,OR10R2,0
4774,6561,OR10T2,0
4775,6561,OR10V1,0
4776,6561,OR10W1_OR10W1P,0
4777,6561,OR10X1_OR10X1P,0
4778,6561,OR10Z1,0
4779,6561,OR11A1_OR11A2,0
4780,6561,OR11G2,0
4781,6561,OR11H1,0
4782,6561,OR11H12,0
4783,6561,OR11H2_OR11H2P,0
4784,6561,OR11H4,0
4785,6561,OR11H6,0
4786,6561,OR11L1,0
4787,6561,OR12D2,0
4788,6561,OR12D3,0
4789,6561,OR13A1,0
4790,6561,OR13C2,0
4791,6561,OR13C3,0
4792,6561,OR13C4,1
4793,6561,OR13C5,0
4794,6561,OR13C8,0
4795,6561,OR13C9,0
4796,6561,OR13D1,0
4797,6561,OR13F1,0
4798,6561,OR13G1,0
4799,6561,OR13H1,0
4800,6561,OR13J1,0
4801,6561,OR14A2_OR5AX1_OR5AX1P,0
4802,6561,OR14C36_OR5BF1,0
4803,6561,OR14I1_OR5BU1_OR5BU1P,0
4804,6561,OR14J1_OR5U1,0
4805,6561,OR14K1_OR5AY1,0
4806,6561,OR14L1_OR14L1P_OR5AV1P,0
4807,6561,OR1A1,0
4808,6561,OR1A2,0
4809,6561,OR1C1,0
4810,6561,OR1D2,0
4811,6561,OR1D5,0
4812,6561,OR1E1_OR1E5_OR1E6_OR1E9P,0
4813,6561,OR1E2_OR1E4,0
4814,6561,OR1F1,0
4815,6561,OR1F12P_OR1F12,0
4816,6561,OR1G1_OR1G2,0
4817,6561,OR1I1,0
4818,6561,OR1J1,0
4819,6561,OR1J2_OR1J3_OR1J5,0
4820,6561,OR1J4,0
4821,6561,OR1K1,0
4822,6561,OR1L1_OR1L2,0
4823,6561,OR1L3,0
4824,6561,OR1L4_OR1L5,0
4825,6561,OR1L6_OR1L7,0
4826,6561,OR1L8,0
4827,6561,OR1M1,0
4828,6561,OR1N1_OR1N3,0
4829,6561,OR1N2,0
4830,6561,OR1Q1_OR1Q2_OR1Q3,0
4831,6561,OR1S1,0
4832,6561,OR1S2,0
4833,6561,OR2A1,0
4834,6561,OR2A12_OR2A12P,0
4835,6561,OR2A14,0
4836,6561,OR2A14_OR2A14P_OR2A6,1
4837,6561,OR2A25_OR2A25P_OR2A27,0
4838,6561,OR2A2_OR2A17P_OR2A2P,0
4839,6561,OR2A4_OR2A10,0
4840,6561,OR2A5_OR2A26_OR2A8,0
4841,6561,OR2A7,0
4842,6561,OR2AE1_OR2AE2,0
4843,6561,OR2AG1_OR2AG3,0
4844,6561,OR2AG2_OR2AG2P,0
4845,6561,OR2AJ1_OR2AJ1P,0
4846,6561,OR2AK2_OR2AK1P,0
4847,6561,OR2AP1_OR2AP1P,0
4848,6561,OR2AT4,0
4849,6561,OR2B11,0
4850,6561,OR2B2_OR2B9,0
4851,6561,OR2B3_OR2B3P,0
4852,6561,OR2B6,0
4853,6561,OR2B8P_OR2B8,0
4854,6561,OR2C1,0
4855,6561,OR2C3_OR2C4_OR2C5P,0
4856,6561,OR2D2_OR2D1,0
4857,6561,OR2D3,0
4858,6561,OR2F1_OR2F3_OR2F3P_OR2F4_OR2F5,0
4859,6561,OR2F2,0
4860,6561,OR2G2,0
4861,6561,OR2G3,0
4862,6561,OR2G6,0
4863,6561,OR2H1_OR2H6_OR2H8,0
4864,6561,OR2H2_OR2H3,0
4865,6561,OR2J1_OR2J1P,0
4866,6561,OR2J2,0
4867,6561,OR2J3,0
4868,6561,OR2K2_OR2AR1P,0
4869,6561,OR2L13_OR2L14,0
4870,6561,OR2L2_OR2L12_OR2L4P,0
4871,6561,OR2L3,0
4872,6561,OR2L5_OR2L11,0
4873,6561,OR2L8,0
4874,6561,OR2M2,0
4875,6561,OR2M3_OR2M3P_OR2M6,0
4876,6561,OR2M4,0
4877,6561,OR2M5,0
4878,6561,OR2M7,0
4879,6561,OR2S2,0
4880,6561,OR2T1,0
4881,6561,OR2T10,0
4882,6561,OR2T11,0
4883,6561,OR2T29,0
4884,6561,OR2T2_OR2T2P,0
4885,6561,OR2T3,0
4886,6561,OR2T33,0
4887,6561,OR2T34,0
4888,6561,OR2T35,0
4889,6561,OR2T4,0
4890,6561,OR2T5,0
4891,6561,OR2T6_OR2T6P_OR2T9,0
4892,6561,OR2T8_OR2T8P,0
4893,6561,OR2V1,0
4894,6561,OR2V2_OR2V3,0
4895,6561,OR2W1,0
4896,6561,OR2W3_OR2W3P_OR2W8P,0
4897,6561,OR2W5P_OR2W5,0
4898,6561,OR2Y1,0
4899,6561,OR2Z1_OR2Z2,0
4900,6561,OR3A1,0
4901,6561,OR3A2,1
4902,6561,OR3A3_OR3A6_OR3A7_OR3A8P,0
4903,6561,OR3A4P_OR3A4_OR3A5P,0
4904,6561,OR4A15,0
4905,6561,OR4A16,0
4906,6561,OR4A47,0
4907,6561,OR4A4P,0
4908,6561,OR4A5,0
4909,6561,OR4B1,0
4910,6561,OR4C11_OR4C11P,0
4911,6561,OR4C12,0
4912,6561,OR4C15,0
4913,6561,OR4C16,0
4914,6561,OR4C3,0
4915,6561,OR4C46,0
4916,6561,OR4C5,0
4917,6561,OR4C6,0
4918,6561,OR4D10_OR4D10P,0
4919,6561,OR4D1_OR4D3,0
4920,6561,OR4D2,0
4921,6561,OR4D5,0
4922,6561,OR4D6,0
4923,6561,OR4D9,0
4924,6561,OR4E2,0
4925,6561,OR4F14,0
4926,6561,OR4F15,0
4927,6561,OR4F17_OR4F11P_OR4F18_OR4F19,1
4928,6561,OR4F21_OR4F21P,0
4929,6561,OR4F3,0
4930,6561,OR4F4,0
4931,6561,OR4F6_OR4F12,0
4932,6561,OR4K1,0
4933,6561,OR4K13,0
4934,6561,OR4K15,0
4935,6561,OR4K17,0
4936,6561,OR4K2,0
4937,6561,OR4K3_OR4K3P,0
4938,6561,OR4K5,0
4939,6561,OR4L1_OR4L2P,0
4940,6561,OR4M1,0
4941,6561,OR4M2B,0
4942,6561,OR4N2,0
4943,6561,OR4N4,0
4944,6561,OR4P4_OR4P3P,0
4945,6561,OR4Q3_OR4Q4,0
4946,6561,OR4S1,0
4947,6561,OR4S2_OR4S2P,0
4948,6561,OR4X1,0
4949,6561,OR4X2,0
4950,6561,OR51A2,0
4951,6561,OR51A4,0
4952,6561,OR51B2_OR51B1P,0
4953,6561,OR51B4,0
4954,6561,OR51B5,0
4955,6561,OR51B6,0
4956,6561,OR51D1,0
4957,6561,OR51E1_OR51E1P_OR52A3P,0
4958,6561,OR51E2,0
4959,6561,OR51F1_OR51F1P,0
4960,6561,OR51F2,0
4961,6561,OR51G1_OR51G3P,0
4962,6561,OR51G2,0
4963,6561,OR51H1_OR51H1P,0
4964,6561,OR51I1,0
4965,6561,OR51I2,0
4966,6561,OR51J1_OR51J1P_OR51J2,0
4967,6561,OR51L1,0
4968,6561,OR51M1,0
4969,6561,OR51Q1,0
4970,6561,OR51S1,0
4971,6561,OR51T1,0
4972,6561,OR51V1_OR51A12,0
4973,6561,OR52A1,0
4974,6561,OR52A4P_OR52A4,0
4975,6561,OR52A5,0
4976,6561,OR52B2,0
4977,6561,OR52B4,0
4978,6561,OR52B6,0
4979,6561,OR52D1,0
4980,6561,OR52E2,0
4981,6561,OR52E4,0
4982,6561,OR52E5,0
4983,6561,OR52E6,0
4984,6561,OR52E8,0
4985,6561,OR52H1,0
4986,6561,OR52I2,0
4987,6561,OR52J3,0
4988,6561,OR52K1,0
4989,6561,OR52K2,0
4990,6561,OR52L1,0
4991,6561,OR52L2P_OR52L2,0
4992,6561,OR52M1_OR52M1P,0
4993,6561,OR52N1,0
4994,6561,OR52N2,0
4995,6561,OR52N4,0
4996,6561,OR52N5,0
4997,6561,OR52P1_OR52P1P,0
4998,6561,OR52R1,0
4999,6561,OR52W1_OR52W1P,0
5000,6561,OR56A1,0
5001,6561,OR56A3_OR56A3P_OR56A6,1
5002,6561,OR56A4,0
5003,6561,OR56A5_OR56A5P,0
5004,6561,OR56B1_OR56B1P,0
5005,6561,OR56B4,0
5006,6561,OR5A1_OR5A1P,0
5007,6561,OR5A2,0
5008,6561,OR5AC2,0
5009,6561,OR5AK2,0
5010,6561,OR5AK3P_OR5AK3,0
5011,6561,OR5AL1_OR5AL1P,0
5012,6561,OR5AN1,0
5013,6561,OR5AP2,0
5014,6561,OR5AR1,0
5015,6561,OR5AS1,0
5016,6561,OR5AU1,0
5017,6561,OR5B12_OR5B12P_OR5B16,0
5018,6561,OR5B17_OR5B20P,0
5019,6561,OR5B2,0
5020,6561,OR5B21,0
5021,6561,OR5B3_OR5B13,0
5022,6561,OR5C1_OR5C2P,0
5023,6561,OR5D13,0
5024,6561,OR5D14,0
5025,6561,OR5D16,0
5026,6561,OR5D18,0
5027,6561,OR5F1,0
5028,6561,OR5H1,0
5029,6561,OR5H14,0
5030,6561,OR5H2,0
5031,6561,OR5H6,0
5032,6561,OR5I1,0
5033,6561,OR5J2,0
5034,6561,OR5K1,0
5035,6561,OR5K2,0
5036,6561,OR5K3,0
5037,6561,OR5K4,0
5038,6561,OR5L1,0
5039,6561,OR5M1,0
5040,6561,OR5M10,0
5041,6561,OR5M11,0
5042,6561,OR5M3,0
5043,6561,OR5M8,0
5044,6561,OR5M9,0
5045,6561,OR5P2,0
5046,6561,OR5P3,0
5047,6561,OR5T1_OR5T1P,0
5048,6561,OR5T2,0
5049,6561,OR5T3,0
5050,6561,OR5V1,0
5051,6561,OR5W2_OR5W2P_OR5W3P,0
5052,6561,OR6A2_OR6A1_OR6A2P,0
5053,6561,OR6B1,0
5054,6561,OR6B2_OR6B2P,0
5055,6561,OR6B3_OR6B3P,0
5056,6561,OR6C1,0
5057,6561,OR6C2,0
5058,6561,OR6C3,0
5059,6561,OR6C4,0
5060,6561,OR6C6,0
5061,6561,OR6C65,0
5062,6561,OR6C68,0
5063,6561,OR6C70,0
5064,6561,OR6C74,0
5065,6561,OR6C75,0
5066,6561,OR6C76,0
5067,6561,OR6F1,0
5068,6561,OR6J1_OR6J2,0
5069,6561,OR6K2,0
5070,6561,OR6K3,0
5071,6561,OR6K6,0
5072,6561,OR6M1,0
5073,6561,OR6N1,0
5074,6561,OR6N2,0
5075,6561,OR6P1,0
5076,6561,OR6Q1,0
5077,6561,OR6S1,0
5078,6561,OR6T1,0
5079,6561,OR6V1,0
5080,6561,OR6X1,0
5081,6561,OR6Y1_OR6Y2,0
5082,6561,OR7A10,0
5083,6561,OR7A17,0
5084,6561,OR7A5,0
5085,6561,OR7C1_OR7C4,0
5086,6561,OR7D2,0
5087,6561,OR7D4_OR7D4P,0
5088,6561,OR7E24_OR7E24P,0
5089,6561,OR7G2,0
5090,6561,OR7G3,0
5091,6561,OR8A1,0
5092,6561,OR8B12,0
5093,6561,OR8B2,0
5094,6561,OR8B3,0
5095,6561,OR8B4_OR8B4P,0
5096,6561,OR8B8,0
5097,6561,OR8D1_OR8D3,0
5098,6561,OR8D2,0
5099,6561,OR8D4,0
5100,6561,OR8G1_OR8G1P,0
5101,6561,OR8G5_OR8G5P_OR8G6,0
5102,6561,OR8H1,0
5103,6561,OR8H2,0
5104,6561,OR8H3,0
5105,6561,OR8I2,0
5106,6561,OR8J1,0
5107,6561,OR8J3,0
5108,6561,OR8K1,0
5109,6561,OR8K3,0
5110,6561,OR8K5,0
5111,6561,OR8S1,0
5112,6561,OR8U1,0
5113,6561,OR8U3_OR5R1_OR5R1P,0
5114,6561,OR8U8,0
5115,6561,OR8U9,0
5116,6561,OR9A2,0
5117,6561,OR9A4,1
5118,6561,OR9G4,0
5119,6561,OR9G9,0
5120,6561,OR9I1,0
5121,6561,OR9K2,0
5122,6561,OR9Q1,0
5123,6561,OR9Q2,0
5124,6561,OR9Q2_OR9Q2P,0
5125,6569,OR10A2_OR10A2P,0
5126,6569,OR10A3,0
5127,6569,OR10A4_OR10A4P,0
5128,6569,OR10A5_OR10A1,0
5129,6569,OR10A6,0
5130,6569,OR10A7,0
5131,6569,OR10AD1_OR10AD1P,0
5132,6569,OR10AG1,0
5133,6569,OR10C1_OR10C2,0
5134,6569,OR10D3,0
5135,6569,OR10G3,0
5136,6569,OR10G4,0
5137,6569,OR10G6_OR10G6P,0
5138,6569,OR10G7,1
5139,6569,OR10G8,0
5140,6569,OR10G9_OR10G10P,0
5141,6569,OR10H1,0
5142,6569,OR10H2,0
5143,6569,OR10H3,0
5144,6569,OR10H4,0
5145,6569,OR10H5,0
5146,6569,OR10J1,0
5147,6569,OR10J3_OR10J3P,0
5148,6569,OR10J5,0
5149,6569,OR10K1,0
5150,6569,OR10K2,0
5151,6569,OR10P1_OR10P1P_OR10P2P_OR10P3P,0
5152,6569,OR10Q1,0
5153,6569,OR10R2,0
5154,6569,OR10T2,0
5155,6569,OR10V1,0
5156,6569,OR10W1_OR10W1P,0
5157,6569,OR10X1_OR10X1P,0
5158,6569,OR10Z1,0
5159,6569,OR11A1_OR11A2,0
5160,6569,OR11G2,0
5161,6569,OR11H1,0
5162,6569,OR11H12,0
5163,6569,OR11H2_OR11H2P,0
5164,6569,OR11H4,0
5165,6569,OR11H6,0
5166,6569,OR11L1,0
5167,6569,OR12D2,0
5168,6569,OR12D3,0
5169,6569,OR13A1,0
5170,6569,OR13C2,0
5171,6569,OR13C3,0
5172,6569,OR13C4,0
5173,6569,OR13C5,0
5174,6569,OR13C8,0
5175,6569,OR13C9,0
5176,6569,OR13D1,0
5177,6569,OR13F1,0
5178,6569,OR13G1,0
5179,6569,OR13H1,0
5180,6569,OR13J1,0
5181,6569,OR14A2_OR5AX1_OR5AX1P,0
5182,6569,OR14C36_OR5BF1,0
5183,6569,OR14I1_OR5BU1_OR5BU1P,0
5184,6569,OR14J1_OR5U1,0
5185,6569,OR14K1_OR5AY1,0
5186,6569,OR14L1_OR14L1P_OR5AV1P,0
5187,6569,OR1A1,0
5188,6569,OR1A2,0
5189,6569,OR1C1,0
5190,6569,OR1D2,0
5191,6569,OR1D5,0
5192,6569,OR1E1_OR1E5_OR1E6_OR1E9P,0
5193,6569,OR1E2_OR1E4,0
5194,6569,OR1F1,0
5195,6569,OR1F12P_OR1F12,0
5196,6569,OR1G1_OR1G2,0
5197,6569,OR1I1,0
5198,6569,OR1J1,0
5199,6569,OR1J2_OR1J3_OR1J5,0
5200,6569,OR1J4,0
5201,6569,OR1K1,0
5202,6569,OR1L1_OR1L2,0
5203,6569,OR1L3,0
5204,6569,OR1L4_OR1L5,0
5205,6569,OR1L6_OR1L7,0
5206,6569,OR1L8,0
5207,6569,OR1M1,0
5208,6569,OR1N1_OR1N3,0
5209,6569,OR1N2,0
5210,6569,OR1Q1_OR1Q2_OR1Q3,0
5211,6569,OR1S1,0
5212,6569,OR1S2,0
5213,6569,OR2A1,0
5214,6569,OR2A12_OR2A12P,0
5215,6569,OR2A14,0
5216,6569,OR2A14_OR2A14P_OR2A6,0
5217,6569,OR2A25_OR2A25P_OR2A27,0
5218,6569,OR2A2_OR2A17P_OR2A2P,0
5219,6569,OR2A4_OR2A10,0
5220,6569,OR2A5_OR2A26_OR2A8,0
5221,6569,OR2A7,0
5222,6569,OR2AE1_OR2AE2,0
5223,6569,OR2AG1_OR2AG3,0
5224,6569,OR2AG2_OR2AG2P,0
5225,6569,OR2AJ1_OR2AJ1P,0
5226,6569,OR2AK2_OR2AK1P,0
5227,6569,OR2AP1_OR2AP1P,0
5228,6569,OR2AT4,0
5229,6569,OR2B11,0
5230,6569,OR2B2_OR2B9,0
5231,6569,OR2B3_OR2B3P,0
5232,6569,OR2B6,0
5233,6569,OR2B8P_OR2B8,0
5234,6569,OR2C1,0
5235,6569,OR2C3_OR2C4_OR2C5P,0
5236,6569,OR2D2_OR2D1,0
5237,6569,OR2D3,0
5238,6569,OR2F1_OR2F3_OR2F3P_OR2F4_OR2F5,0
5239,6569,OR2F2,0
5240,6569,OR2G2,0
5241,6569,OR2G3,0
5242,6569,OR2G6,0
5243,6569,OR2H1_OR2H6_OR2H8,0
5244,6569,OR2H2_OR2H3,0
5245,6569,OR2J1_OR2J1P,0
5246,6569,OR2J2,0
5247,6569,OR2J3,1
5248,6569,OR2K2_OR2AR1P,0
5249,6569,OR2L13_OR2L14,0
5250,6569,OR2L2_OR2L12_OR2L4P,0
5251,6569,OR2L3,0
5252,6569,OR2L5_OR2L11,0
5253,6569,OR2L8,0
5254,6569,OR2M2,0
5255,6569,OR2M3_OR2M3P_OR2M6,0
5256,6569,OR2M4,0
5257,6569,OR2M5,0
5258,6569,OR2M7,0
5259,6569,OR2S2,0
5260,6569,OR2T1,0
5261,6569,OR2T10,0
5262,6569,OR2T11,0
5263,6569,OR2T29,0
5264,6569,OR2T2_OR2T2P,0
5265,6569,OR2T3,0
5266,6569,OR2T33,0
5267,6569,OR2T34,0
5268,6569,OR2T35,0
5269,6569,OR2T4,0
5270,6569,OR2T5,0
5271,6569,OR2T6_OR2T6P_OR2T9,0
5272,6569,OR2T8_OR2T8P,0
5273,6569,OR2V1,0
5274,6569,OR2V2_OR2V3,0
5275,6569,OR2W1,1
5276,6569,OR2W3_OR2W3P_OR2W8P,0
5277,6569,OR2W5P_OR2W5,0
5278,6569,OR2Y1,0
5279,6569,OR2Z1_OR2Z2,0
5280,6569,OR3A1,0
5281,6569,OR3A2,0
5282,6569,OR3A3_OR3A6_OR3A7_OR3A8P,0
5283,6569,OR3A4P_OR3A4_OR3A5P,0
5284,6569,OR4A15,0
5285,6569,OR4A16,0
5286,6569,OR4A47,0
5287,6569,OR4A4P,0
5288,6569,OR4A5,0
5289,6569,OR4B1,0
5290,6569,OR4C11_OR4C11P,0
5291,6569,OR4C12,0
5292,6569,OR4C15,0
5293,6569,OR4C16,0
5294,6569,OR4C3,0
5295,6569,OR4C46,0
5296,6569,OR4C5,0
5297,6569,OR4C6,0
5298,6569,OR4D10_OR4D10P,0
5299,6569,OR4D1_OR4D3,0
5300,6569,OR4D2,0
5301,6569,OR4D5,0
5302,6569,OR4D6,0
5303,6569,OR4D9,0
5304,6569,OR4E2,0
5305,6569,OR4F14,0
5306,6569,OR4F15,0
5307,6569,OR4F17_OR4F11P_OR4F18_OR4F19,1
5308,6569,OR4F21_OR4F21P,0
5309,6569,OR4F3,0
5310,6569,OR4F4,1
5311,6569,OR4F6_OR4F12,0
5312,6569,OR4K1,0
5313,6569,OR4K13,0
5314,6569,OR4K15,0
5315,6569,OR4K17,0
5316,6569,OR4K2,0
5317,6569,OR4K3_OR4K3P,0
5318,6569,OR4K5,0
5319,6569,OR4L1_OR4L2P,0
5320,6569,OR4M1,0
5321,6569,OR4M2B,0
5322,6569,OR4N2,0
5323,6569,OR4N4,0
5324,6569,OR4P4_OR4P3P,0
5325,6569,OR4Q3_OR4Q4,0
5326,6569,OR4S1,0
5327,6569,OR4S2_OR4S2P,0
5328,6569,OR4X1,0
5329,6569,OR4X2,0
5330,6569,OR51A2,0
5331,6569,OR51A4,0
5332,6569,OR51B2_OR51B1P,0
5333,6569,OR51B4,0
5334,6569,OR51B5,0
5335,6569,OR51B6,0
5336,6569,OR51D1,0
5337,6569,OR51E1_OR51E1P_OR52A3P,0
5338,6569,OR51E2,0
5339,6569,OR51F1_OR51F1P,0
5340,6569,OR51F2,0
5341,6569,OR51G1_OR51G3P,0
5342,6569,OR51G2,0
5343,6569,OR51H1_OR51H1P,0
5344,6569,OR51I1,0
5345,6569,OR51I2,0
5346,6569,OR51J1_OR51J1P_OR51J2,0
5347,6569,OR51L1,0
5348,6569,OR51M1,0
5349,6569,OR51Q1,0
5350,6569,OR51S1,0
5351,6569,OR51T1,0
5352,6569,OR51V1_OR51A12,0
5353,6569,OR52A1,0
5354,6569,OR52A4P_OR52A4,0
5355,6569,OR52A5,0
5356,6569,OR52B2,0
5357,6569,OR52B4,0
5358,6569,OR52B6,0
5359,6569,OR52D1,0
5360,6569,OR52E2,0
5361,6569,OR52E4,0
5362,6569,OR52E5,0
5363,6569,OR52E6,0
5364,6569,OR52E8,0
5365,6569,OR52H1,0
5366,6569,OR52I2,0
5367,6569,OR52J3,0
5368,6569,OR52K1,0
5369,6569,OR52K2,0
5370,6569,OR52L1,0
5371,6569,OR52L2P_OR52L2,0
5372,6569,OR52M1_OR52M1P,0
5373,6569,OR52N1,0
5374,6569,OR52N2,0
5375,6569,OR52N4,0
5376,6569,OR52N5,0
5377,6569,OR52P1_OR52P1P,0
5378,6569,OR52R1,0
5379,6569,OR52W1_OR52W1P,0
5380,6569,OR56A1,0
5381,6569,OR56A3_OR56A3P_OR56A6,0
5382,6569,OR56A4,0
5383,6569,OR56A5_OR56A5P,0
5384,6569,OR56B1_OR56B1P,0
5385,6569,OR56B4,0
5386,6569,OR5A1_OR5A1P,0
5387,6569,OR5A2,0
5388,6569,OR5AC2,0
5389,6569,OR5AK2,0
5390,6569,OR5AK3P_OR5AK3,0
5391,6569,OR5AL1_OR5AL1P,0
5392,6569,OR5AN1,0
5393,6569,OR5AP2,0
5394,6569,OR5AR1,0
5395,6569,OR5AS1,0
5396,6569,OR5AU1,0
5397,6569,OR5B12_OR5B12P_OR5B16,0
5398,6569,OR5B17_OR5B20P,0
5399,6569,OR5B2,0
5400,6569,OR5B21,0
5401,6569,OR5B3_OR5B13,0
5402,6569,OR5C1_OR5C2P,0
5403,6569,OR5D13,0
5404,6569,OR5D14,0
5405,6569,OR5D16,0
5406,6569,OR5D18,0
5407,6569,OR5F1,0
5408,6569,OR5H1,0
5409,6569,OR5H14,0
5410,6569,OR5H2,0
5411,6569,OR5H6,0
5412,6569,OR5I1,0
5413,6569,OR5J2,0
5414,6569,OR5K1,0
5415,6569,OR5K2,0
5416,6569,OR5K3,0
5417,6569,OR5K4,0
5418,6569,OR5L1,0
5419,6569,OR5M1,0
5420,6569,OR5M10,0
5421,6569,OR5M11,0
5422,6569,OR5M8,0
5423,6569,OR5M9,0
5424,6569,OR5P2,0
5425,6569,OR5P3,0
5426,6569,OR5T1_OR5T1P,0
5427,6569,OR5T2,0
5428,6569,OR5T3,0
5429,6569,OR5V1,0
5430,6569,OR5W2_OR5W2P_OR5W3P,0
5431,6569,OR6A2_OR6A1_OR6A2P,0
5432,6569,OR6B1,0
5433,6569,OR6B2_OR6B2P,0
5434,6569,OR6B3_OR6B3P,0
5435,6569,OR6C1,0
5436,6569,OR6C2,0
5437,6569,OR6C3,0
5438,6569,OR6C4,0
5439,6569,OR6C6,0
5440,6569,OR6C65,0
5441,6569,OR6C68,0
5442,6569,OR6C70,0
5443,6569,OR6C74,0
5444,6569,OR6C75,0
5445,6569,OR6C76,0
5446,6569,OR6F1,0
5447,6569,OR6J1_OR6J2,0
5448,6569,OR6K2,0
5449,6569,OR6K3,0
5450,6569,OR6K6,0
5451,6569,OR6M1,0
5452,6569,OR6N1,0
5453,6569,OR6N2,0
5454,6569,OR6P1,0
5455,6569,OR6Q1,0
5456,6569,OR6S1,0
5457,6569,OR6T1,0
5458,6569,OR6V1,0
5459,6569,OR6X1,0
5460,6569,OR6Y1_OR6Y2,0
5461,6569,OR7A10,0
5462,6569,OR7A17,0
5463,6569,OR7A5,0
5464,6569,OR7C1_OR7C4,0
5465,6569,OR7D2,0
5466,6569,OR7D4_OR7D4P,0
5467,6569,OR7E24_OR7E24P,0
5468,6569,OR7G2,0
5469,6569,OR7G3,0
5470,6569,OR8A1,0
5471,6569,OR8B12,0
5472,6569,OR8B2,0
5473,6569,OR8B3,0
5474,6569,OR8B4_OR8B4P,0
5475,6569,OR8B8,0
5476,6569,OR8D1_OR8D3,0
5477,6569,OR8D2,0
5478,6569,OR8D4,0
5479,6569,OR8G1_OR8G1P,0
5480,6569,OR8G5_OR8G5P_OR8G6,0
5481,6569,OR8H1,0
5482,6569,OR8H2,0
5483,6569,OR8H3,0
5484,6569,OR8I2,0
5485,6569,OR8J1,0
5486,6569,OR8J3,0
5487,6569,OR8K1,0
5488,6569,OR8K3,0
5489,6569,OR8K5,0
5490,6569,OR8S1,0
5491,6569,OR8U1,0
5492,6569,OR8U3_OR5R1_OR5R1P,0
5493,6569,OR8U8,0
5494,6569,OR8U9,0
5495,6569,OR9A2,0
5496,6569,OR9A4,0
5497,6569,OR9G4,0
5498,6569,OR9G9,0
5499,6569,OR9I1,0
5500,6569,OR9K2,0
5501,6569,OR9Q1,0
5502,6569,OR9Q2,0
5503,6569,OR9Q2_OR9Q2P,0
5504,6590,OR10A2_OR10A2P,0
5505,6590,OR10A3,0
5506,6590,OR10A4_OR10A4P,0
5507,6590,OR10A5_OR10A1,0
5508,6590,OR10A6,0
5509,6590,OR10A7,0
5510,6590,OR10AD1_OR10AD1P,0
5511,6590,OR10AG1,0
5512,6590,OR10C1_OR10C2,0
5513,6590,OR10D3,0
5514,6590,OR10G3,0
5515,6590,OR10G4,0
5516,6590,OR10G6_OR10G6P,0
5517,6590,OR10G7,1
5518,6590,OR10G8,0
5519,6590,OR10G9_OR10G10P,0
5520,6590,OR10H1,0
5521,6590,OR10H2,0
5522,6590,OR10H3,0
5523,6590,OR10H4,0
5524,6590,OR10H5,0
5525,6590,OR10J1,0
5526,6590,OR10J3_OR10J3P,0
5527,6590,OR10J5,0
5528,6590,OR10K1,0
5529,6590,OR10K2,0
5530,6590,OR10P1_OR10P1P_OR10P2P_OR10P3P,0
5531,6590,OR10Q1,0
5532,6590,OR10R2,0
5533,6590,OR10T2,0
5534,6590,OR10V1,0
5535,6590,OR10W1_OR10W1P,0
5536,6590,OR10X1_OR10X1P,0
5537,6590,OR10Z1,0
5538,6590,OR11A1_OR11A2,0
5539,6590,OR11G2,0
5540,6590,OR11H1,0
5541,6590,OR11H12,0
5542,6590,OR11H2_OR11H2P,0
5543,6590,OR11H4,0
5544,6590,OR11H6,0
5545,6590,OR11L1,0
5546,6590,OR12D2,0
5547,6590,OR12D3,0
5548,6590,OR13A1,0
5549,6590,OR13C2,0
5550,6590,OR13C3,0
5551,6590,OR13C4,0
5552,6590,OR13C5,0
5553,6590,OR13C8,0
5554,6590,OR13C9,0
5555,6590,OR13D1,0
5556,6590,OR13F1,0
5557,6590,OR13G1,0
5558,6590,OR13H1,0
5559,6590,OR13J1,0
5560,6590,OR14A2_OR5AX1_OR5AX1P,0
5561,6590,OR14C36_OR5BF1,0
5562,6590,OR14I1_OR5BU1_OR5BU1P,0
5563,6590,OR14J1_OR5U1,0
5564,6590,OR14K1_OR5AY1,0
5565,6590,OR14L1_OR14L1P_OR5AV1P,0
5566,6590,OR1A1,0
5567,6590,OR1A2,0
5568,6590,OR1C1,0
5569,6590,OR1D2,0
5570,6590,OR1D5,0
5571,6590,OR1E1_OR1E5_OR1E6_OR1E9P,0
5572,6590,OR1E2_OR1E4,0
5573,6590,OR1F1,0
5574,6590,OR1F12P_OR1F12,0
5575,6590,OR1G1_OR1G2,0
5576,6590,OR1I1,0
5577,6590,OR1J1,0
5578,6590,OR1J2_OR1J3_OR1J5,0
5579,6590,OR1J4,0
5580,6590,OR1K1,0
5581,6590,OR1L1_OR1L2,0
5582,6590,OR1L3,0
5583,6590,OR1L4_OR1L5,0
5584,6590,OR1L6_OR1L7,0
5585,6590,OR1L8,0
5586,6590,OR1M1,1
5587,6590,OR1N1_OR1N3,0
5588,6590,OR1N2,0
5589,6590,OR1Q1_OR1Q2_OR1Q3,0
5590,6590,OR1S1,0
5591,6590,OR1S2,0
5592,6590,OR2A1,0
5593,6590,OR2A12_OR2A12P,0
5594,6590,OR2A14,0
5595,6590,OR2A14_OR2A14P_OR2A6,0
5596,6590,OR2A25_OR2A25P_OR2A27,0
5597,6590,OR2A2_OR2A17P_OR2A2P,0
5598,6590,OR2A4_OR2A10,0
5599,6590,OR2A5_OR2A26_OR2A8,0
5600,6590,OR2A7,0
5601,6590,OR2AE1_OR2AE2,0
5602,6590,OR2AG1_OR2AG3,0
5603,6590,OR2AG2_OR2AG2P,0
5604,6590,OR2AJ1_OR2AJ1P,0
5605,6590,OR2AK2_OR2AK1P,0
5606,6590,OR2AP1_OR2AP1P,0
5607,6590,OR2AT4,0
5608,6590,OR2B11,0
5609,6590,OR2B2_OR2B9,0
5610,6590,OR2B3_OR2B3P,0
5611,6590,OR2B6,0
5612,6590,OR2B8P_OR2B8,0
5613,6590,OR2C1,0
5614,6590,OR2C3_OR2C4_OR2C5P,0
5615,6590,OR2D2_OR2D1,0
5616,6590,OR2D3,0
5617,6590,OR2F1_OR2F3_OR2F3P_OR2F4_OR2F5,0
5618,6590,OR2F2,0
5619,6590,OR2G2,0
5620,6590,OR2G3,0
5621,6590,OR2G6,0
5622,6590,OR2H1_OR2H6_OR2H8,0
5623,6590,OR2H2_OR2H3,0
5624,6590,OR2J1_OR2J1P,0
5625,6590,OR2J2,0
5626,6590,OR2J3,0
5627,6590,OR2K2_OR2AR1P,0
5628,6590,OR2L13_OR2L14,0
5629,6590,OR2L2_OR2L12_OR2L4P,0
5630,6590,OR2L3,0
5631,6590,OR2L5_OR2L11,0
5632,6590,OR2L8,0
5633,6590,OR2M2,0
5634,6590,OR2M3_OR2M3P_OR2M6,0
5635,6590,OR2M4,0
5636,6590,OR2M5,0
5637,6590,OR2M7,0
5638,6590,OR2S2,0
5639,6590,OR2T1,0
5640,6590,OR2T10,0
5641,6590,OR2T11,0
5642,6590,OR2T29,0
5643,6590,OR2T2_OR2T2P,0
5644,6590,OR2T3,0
5645,6590,OR2T33,0
5646,6590,OR2T34,0
5647,6590,OR2T35,0
5648,6590,OR2T4,0
5649,6590,OR2T5,0
5650,6590,OR2T6_OR2T6P_OR2T9,0
5651,6590,OR2T8_OR2T8P,0
5652,6590,OR2V1,0
5653,6590,OR2V2_OR2V3,0
5654,6590,OR2W1,0
5655,6590,OR2W3_OR2W3P_OR2W8P,0
5656,6590,OR2W5P_OR2W5,0
5657,6590,OR2Y1,0
5658,6590,OR2Z1_OR2Z2,0
5659,6590,OR3A1,0
5660,6590,OR3A2,0
5661,6590,OR3A3_OR3A6_OR3A7_OR3A8P,0
5662,6590,OR3A4P_OR3A4_OR3A5P,0
5663,6590,OR4A15,0
5664,6590,OR4A16,0
5665,6590,OR4A47,0
5666,6590,OR4A4P,0
5667,6590,OR4A5,0
5668,6590,OR4B1,0
5669,6590,OR4C11_OR4C11P,0
5670,6590,OR4C12,0
5671,6590,OR4C15,0
5672,6590,OR4C16,0
5673,6590,OR4C3,0
5674,6590,OR4C46,0
5675,6590,OR4C5,0
5676,6590,OR4C6,0
5677,6590,OR4D10_OR4D10P,0
5678,6590,OR4D1_OR4D3,0
5679,6590,OR4D2,0
5680,6590,OR4D5,0
5681,6590,OR4D6,0
5682,6590,OR4D9,0
5683,6590,OR4E2,0
5684,6590,OR4F14,0
5685,6590,OR4F15,0
5686,6590,OR4F17_OR4F11P_OR4F18_OR4F19,0
5687,6590,OR4F21_OR4F21P,0
5688,6590,OR4F3,0
5689,6590,OR4F4,0
5690,6590,OR4F6_OR4F12,0
5691,6590,OR4K1,0
5692,6590,OR4K13,0
5693,6590,OR4K15,0
5694,6590,OR4K17,0
5695,6590,OR4K2,0
5696,6590,OR4K3_OR4K3P,0
5697,6590,OR4K5,0
5698,6590,OR4L1_OR4L2P,0
5699,6590,OR4M1,0
5700,6590,OR4M2B,0
5701,6590,OR4N2,0
5702,6590,OR4N4,0
5703,6590,OR4P4_OR4P3P,0
5704,6590,OR4Q3_OR4Q4,0
5705,6590,OR4S1,0
5706,6590,OR4S2_OR4S2P,0
5707,6590,OR4X1,0
5708,6590,OR4X2,0
5709,6590,OR51A2,0
5710,6590,OR51A4,0
5711,6590,OR51B2_OR51B1P,0
5712,6590,OR51B4,0
5713,6590,OR51B5,0
5714,6590,OR51B6,0
5715,6590,OR51D1,0
5716,6590,OR51E1_OR51E1P_OR52A3P,0
5717,6590,OR51E2,1
5718,6590,OR51F1_OR51F1P,0
5719,6590,OR51F2,0
5720,6590,OR51G1_OR51G3P,0
5721,6590,OR51G2,0
5722,6590,OR51H1_OR51H1P,0
5723,6590,OR51I1,0
5724,6590,OR51I2,0
5725,6590,OR51J1_OR51J1P_OR51J2,0
5726,6590,OR51L1,0
5727,6590,OR51M1,0
5728,6590,OR51Q1,0
5729,6590,OR51S1,0
5730,6590,OR51T1,0
5731,6590,OR51V1_OR51A12,0
5732,6590,OR52A1,0
5733,6590,OR52A4P_OR52A4,0
5734,6590,OR52A5,0
5735,6590,OR52B2,0
5736,6590,OR52B4,0
5737,6590,OR52B6,0
5738,6590,OR52D1,1
5739,6590,OR52E2,0
5740,6590,OR52E4,0
5741,6590,OR52E5,0
5742,6590,OR52E6,1
5743,6590,OR52E8,0
5744,6590,OR52H1,0
5745,6590,OR52I2,0
5746,6590,OR52J3,0
5747,6590,OR52K1,0
5748,6590,OR52K2,0
5749,6590,OR52L1,0
5750,6590,OR52L2P_OR52L2,0
5751,6590,OR52M1_OR52M1P,0
5752,6590,OR52N1,0
5753,6590,OR52N2,0
5754,6590,OR52N4,0
5755,6590,OR52N5,0
5756,6590,OR52P1_OR52P1P,0
5757,6590,OR52R1,0
5758,6590,OR52W1_OR52W1P,0
5759,6590,OR56A1,0
5760,6590,OR56A3_OR56A3P_OR56A6,0
5761,6590,OR56A4,0
5762,6590,OR56A5_OR56A5P,1
5763,6590,OR56B1_OR56B1P,0
5764,6590,OR56B4,0
5765,6590,OR5A1_OR5A1P,0
5766,6590,OR5A2,0
5767,6590,OR5AC2,0
5768,6590,OR5AK2,0
5769,6590,OR5AK3P_OR5AK3,0
5770,6590,OR5AL1_OR5AL1P,0
5771,6590,OR5AN1,0
5772,6590,OR5AP2,0
5773,6590,OR5AR1,0
5774,6590,OR5AS1,0
5775,6590,OR5AU1,0
5776,6590,OR5B12_OR5B12P_OR5B16,0
5777,6590,OR5B17_OR5B20P,0
5778,6590,OR5B2,0
5779,6590,OR5B21,0
5780,6590,OR5B3_OR5B13,0
5781,6590,OR5C1_OR5C2P,0
5782,6590,OR5D13,0
5783,6590,OR5D14,0
5784,6590,OR5D16,0
5785,6590,OR5D18,0
5786,6590,OR5F1,0
5787,6590,OR5H1,0
5788,6590,OR5H14,0
5789,6590,OR5H2,1
5790,6590,OR5H6,0
5791,6590,OR5I1,0
5792,6590,OR5J2,0
5793,6590,OR5K1,0
5794,6590,OR5K2,0
5795,6590,OR5K3,0
5796,6590,OR5K4,0
5797,6590,OR5L1,0
5798,6590,OR5M1,0
5799,6590,OR5M10,0
5800,6590,OR5M11,0
5801,6590,OR5M3,0
5802,6590,OR5M8,0
5803,6590,OR5M9,0
5804,6590,OR5P2,0
5805,6590,OR5P3,0
5806,6590,OR5T1_OR5T1P,0
5807,6590,OR5T2,0
5808,6590,OR5T3,0
5809,6590,OR5V1,0
5810,6590,OR5W2_OR5W2P_OR5W3P,0
5811,6590,OR6A2_OR6A1_OR6A2P,0
5812,6590,OR6B1,0
5813,6590,OR6B2_OR6B2P,0
5814,6590,OR6B3_OR6B3P,0
5815,6590,OR6C1,0
5816,6590,OR6C2,0
5817,6590,OR6C3,0
5818,6590,OR6C4,0
5819,6590,OR6C6,0
5820,6590,OR6C65,0
5821,6590,OR6C68,0
5822,6590,OR6C70,0
5823,6590,OR6C74,0
5824,6590,OR6C75,0
5825,6590,OR6C76,0
5826,6590,OR6F1,0
5827,6590,OR6J1_OR6J2,0
5828,6590,OR6K2,0
5829,6590,OR6K3,0
5830,6590,OR6K6,0
5831,6590,OR6M1,0
5832,6590,OR6N1,0
5833,6590,OR6N2,0
5834,6590,OR6P1,0
5835,6590,OR6Q1,0
5836,6590,OR6S1,0
5837,6590,OR6T1,0
5838,6590,OR6V1,0
5839,6590,OR6X1,0
5840,6590,OR6Y1_OR6Y2,0
5841,6590,OR7A10,0
5842,6590,OR7A17,0
5843,6590,OR7A5,0
5844,6590,OR7C1_OR7C4,0
5845,6590,OR7D2,0
5846,6590,OR7D4_OR7D4P,0
5847,6590,OR7E24_OR7E24P,0
5848,6590,OR7G2,0
5849,6590,OR7G3,0
5850,6590,OR8A1,0
5851,6590,OR8B12,1
5852,6590,OR8B2,0
5853,6590,OR8B3,0
5854,6590,OR8B4_OR8B4P,0
5855,6590,OR8B8,0
5856,6590,OR8D1_OR8D3,0
5857,6590,OR8D2,0
5858,6590,OR8D4,0
5859,6590,OR8G1_OR8G1P,0
5860,6590,OR8G5_OR8G5P_OR8G6,0
5861,6590,OR8H1,0
5862,6590,OR8H2,1
5863,6590,OR8H3,0
5864,6590,OR8I2,0
5865,6590,OR8J1,0
5866,6590,OR8J3,0
5867,6590,OR8K1,0
5868,6590,OR8K3,0
5869,6590,OR8K5,0
5870,6590,OR8S1,0
5871,6590,OR8U1,0
5872,6590,OR8U3_OR5R1_OR5R1P,0
5873,6590,OR8U8,0
5874,6590,OR8U9,0
5875,6590,OR9A2,0
5876,6590,OR9A4,0
5877,6590,OR9G4,0
5878,6590,OR9G9,0
5879,6590,OR9I1,0
5880,6590,OR9K2,0
5881,6590,OR9Q1,1
5882,6590,OR9Q2,0
5883,6590,OR9Q2_OR9Q2P,0
5884,6652,OR1G1_OR1G2,0
5885,6652,OR1L3,0
5886,6652,OR2B3_OR2B3P,0
5887,6652,OR2G2,0
5888,6652,OR2M4,0
5889,6652,OR2T10,0
5890,6652,OR2T34,0
5891,6652,OR5AC2,0
5892,6652,OR5B17_OR5B20P,0
5893,6654,OR10S1,0
5894,6654,OR1G1_OR1G2,0
5895,6654,OR1L3,0
5896,6654,OR2A1,1
5897,6654,OR2A1,1
5898,6654,OR2A1,1
5899,6654,OR2A7,1
5900,6654,OR2A7,1
5901,6654,OR2A7,1
5902,6654,OR2A7,1
5903,6654,OR2A7,1
5904,6654,OR2A7,1
5905,6654,OR2A7,1
5906,6654,OR2B3_OR2B3P,0
5907,6654,OR2G2,0
5908,6654,OR2L13_OR2L14,0
5909,6654,OR2M4,0
5910,6654,OR2T10,0
5911,6654,OR2T34,0
5912,6654,OR2T4,1
5913,6654,OR2T4,1
5914,6654,OR2T4,1
5915,6654,OR2T4,1
5916,6654,OR2T4,1
5917,6654,OR2W1,0
5918,6654,OR2W3_OR2W3P_OR2W8P,0
5919,6654,OR51B5,0
5920,6654,OR5AC2,0
5921,6654,OR5B17_OR5B20P,0
5922,6654,OR5K1,0
5923,6654,OR5M3,0
5924,6654,OR8D1_OR8D3,0
5925,6655,OR1A1,0
5926,6655,OR1A2,0
5927,6669,OR10A2_OR10A2P,0
5928,6669,OR10A4_OR10A4P,0
5929,6669,OR10A5_OR10A1,0
5930,6669,OR10A6,0
5931,6669,OR10A7,0
5932,6669,OR10AD1_OR10AD1P,0
5933,6669,OR10AG1,0
5934,6669,OR10C1_OR10C2,0
5935,6669,OR10G3,0
5936,6669,OR10G4,0
5937,6669,OR10G6_OR10G6P,0
5938,6669,OR10G7,0
5939,6669,OR10G8,0
5940,6669,OR10G9_OR10G10P,0
5941,6669,OR10H1,0
5942,6669,OR10H2,0
5943,6669,OR10H3,0
5944,6669,OR10H4,0
5945,6669,OR10H5,0
5946,6669,OR10J3_OR10J3P,0
5947,6669,OR10J5,0
5948,6669,OR10K1,0
5949,6669,OR10K2,0
5950,6669,OR10P1_OR10P1P_OR10P2P_OR10P3P,0
5951,6669,OR10Q1,0
5952,6669,OR10R2,0
5953,6669,OR10S1,0
5954,6669,OR10T2,0
5955,6669,OR10V1,0
5956,6669,OR10W1_OR10W1P,0
5957,6669,OR10X1_OR10X1P,0
5958,6669,OR10Z1,0
5959,6669,OR11A1_OR11A2,0
5960,6669,OR11G2,0
5961,6669,OR11H1,0
5962,6669,OR11H12,0
5963,6669,OR11H2_OR11H2P,0
5964,6669,OR11H4,0
5965,6669,OR11H6,0
5966,6669,OR11L1,0
5967,6669,OR12D2,0
5968,6669,OR12D3,0
5969,6669,OR13A1,0
5970,6669,OR13C2,0
5971,6669,OR13C3,0
5972,6669,OR13C4,0
5973,6669,OR13C5,0
5974,6669,OR13C8,0
5975,6669,OR13C9,0
5976,6669,OR13D1,0
5977,6669,OR13F1,0
5978,6669,OR13G1,0
5979,6669,OR13H1,0
5980,6669,OR13J1,0
5981,6669,OR14A2_OR5AX1_OR5AX1P,0
5982,6669,OR14C36_OR5BF1,0
5983,6669,OR14I1_OR5BU1_OR5BU1P,0
5984,6669,OR14J1_OR5U1,0
5985,6669,OR14K1_OR5AY1,0
5986,6669,OR1A1,0
5987,6669,OR1A2,0
5988,6669,OR1C1,0
5989,6669,OR1D5,0
5990,6669,OR1E2_OR1E4,0
5991,6669,OR1F1,0
5992,6669,OR1F12P_OR1F12,0
5993,6669,OR1G1_OR1G2,0
5994,6669,OR1I1,0
5995,6669,OR1J1,0
5996,6669,OR1K1,0
5997,6669,OR1L1_OR1L2,0
5998,6669,OR1L3,0
5999,6669,OR1L4_OR1L5,0
6000,6669,OR1L6_OR1L7,0
6001,6669,OR1L8,0
6002,6669,OR1M1,0
6003,6669,OR1N1_OR1N3,0
6004,6669,OR1N2,0
6005,6669,OR1Q1_OR1Q2_OR1Q3,0
6006,6669,OR1S1,0
6007,6669,OR1S2,0
6008,6669,OR2A1,0
6009,6669,OR2A12_OR2A12P,0
6010,6669,OR2A14_OR2A14P_OR2A6,0
6011,6669,OR2A25_OR2A25P_OR2A27,0
6012,6669,OR2A2_OR2A17P_OR2A2P,0
6013,6669,OR2A4_OR2A10,0
6014,6669,OR2A5_OR2A26_OR2A8,0
6015,6669,OR2A7,0
6016,6669,OR2AE1_OR2AE2,0
6017,6669,OR2AG1_OR2AG3,0
6018,6669,OR2AG2_OR2AG2P,0
6019,6669,OR2AJ1_OR2AJ1P,0
6020,6669,OR2AK2_OR2AK1P,0
6021,6669,OR2AP1_OR2AP1P,0
6022,6669,OR2AT4,0
6023,6669,OR2B11,0
6024,6669,OR2B2_OR2B9,0
6025,6669,OR2B6,0
6026,6669,OR2C1,0
6027,6669,OR2C3_OR2C4_OR2C5P,0
6028,6669,OR2D2_OR2D1,0
6029,6669,OR2D3,0
6030,6669,OR2F1_OR2F3_OR2F3P_OR2F4_OR2F5,0
6031,6669,OR2F2,0
6032,6669,OR2G2,0
6033,6669,OR2G3,0
6034,6669,OR2G6,0
6035,6669,OR2H1_OR2H6_OR2H8,0
6036,6669,OR2H2_OR2H3,0
6037,6669,OR2J1_OR2J1P,0
6038,6669,OR2J2,0
6039,6669,OR2J3,0
6040,6669,OR2K2_OR2AR1P,0
6041,6669,OR2L13_OR2L14,0
6042,6669,OR2L3,0
6043,6669,OR2L5_OR2L11,0
6044,6669,OR2L8,0
6045,6669,OR2M2,0
6046,6669,OR2M3_OR2M3P_OR2M6,0
6047,6669,OR2M7,0
6048,6669,OR2S2,0
6049,6669,OR2T1,0
6050,6669,OR2T10,0
6051,6669,OR2T11,0
6052,6669,OR2T29,0
6053,6669,OR2T2_OR2T2P,0
6054,6669,OR2T3,0
6055,6669,OR2T33,0
6056,6669,OR2T34,0
6057,6669,OR2T35,0
6058,6669,OR2T4,0
6059,6669,OR2T5,0
6060,6669,OR2T6_OR2T6P_OR2T9,0
6061,6669,OR2T8_OR2T8P,0
6062,6669,OR2V1,0
6063,6669,OR2V2_OR2V3,0
6064,6669,OR2W1,0
6065,6669,OR2W3_OR2W3P_OR2W8P,0
6066,6669,OR2Y1,0
6067,6669,OR2Z1_OR2Z2,0
6068,6669,OR3A1,0
6069,6669,OR3A2,0
6070,6669,OR3A3_OR3A6_OR3A7_OR3A8P,0
6071,6669,OR4A15,0
6072,6669,OR4A16,0
6073,6669,OR4A47,0
6074,6669,OR4A5,0
6075,6669,OR4B1,0
6076,6669,OR4C11_OR4C11P,0
6077,6669,OR4C12,0
6078,6669,OR4C15,0
6079,6669,OR4C16,0
6080,6669,OR4C3,0
6081,6669,OR4C46,0
6082,6669,OR4C5,0
6083,6669,OR4C6,0
6084,6669,OR4D10_OR4D10P,0
6085,6669,OR4D1_OR4D3,0
6086,6669,OR4D2,0
6087,6669,OR4D5,0
6088,6669,OR4D6,0
6089,6669,OR4D9,0
6090,6669,OR4E2,0
6091,6669,OR4F15,0
6092,6669,OR4F17_OR4F11P_OR4F18_OR4F19,0
6093,6669,OR4F21_OR4F21P,0
6094,6669,OR4F3,0
6095,6669,OR4F4,0
6096,6669,OR4F6_OR4F12,0
6097,6669,OR4K1,0
6098,6669,OR4K13,0
6099,6669,OR4K15,0
6100,6669,OR4K17,0
6101,6669,OR4K2,0
6102,6669,OR4K3_OR4K3P,0
6103,6669,OR4K5,0
6104,6669,OR4L1_OR4L2P,0
6105,6669,OR4M1,0
6106,6669,OR4M2B,0
6107,6669,OR4N2,0
6108,6669,OR4N4,0
6109,6669,OR4P4_OR4P3P,0
6110,6669,OR4Q3_OR4Q4,0
6111,6669,OR4S1,0
6112,6669,OR4S2_OR4S2P,0
6113,6669,OR4X1,0
6114,6669,OR4X2,0
6115,6669,OR51A2,0
6116,6669,OR51A4,0
6117,6669,OR51A7,0
6118,6669,OR51B2_OR51B1P,0
6119,6669,OR51B4,0
6120,6669,OR51B5,0
6121,6669,OR51B6,0
6122,6669,OR51D1,0
6123,6669,OR51E2,0
6124,6669,OR51F1_OR51F1P,0
6125,6669,OR51F2,0
6126,6669,OR51G1_OR51G3P,0
6127,6669,OR51G2,0
6128,6669,OR51H1_OR51H1P,0
6129,6669,OR51I1,0
6130,6669,OR51I2,0
6131,6669,OR51J1_OR51J1P_OR51J2,0
6132,6669,OR51L1,0
6133,6669,OR51M1,0
6134,6669,OR51Q1,0
6135,6669,OR51S1,0
6136,6669,OR51T1,0
6137,6669,OR51V1_OR51A12,0
6138,6669,OR52A1,0
6139,6669,OR52A4P_OR52A4,0
6140,6669,OR52A5,0
6141,6669,OR52B2,0
6142,6669,OR52B4,0
6143,6669,OR52B6,0
6144,6669,OR52D1,0
6145,6669,OR52E2,0
6146,6669,OR52E4,0
6147,6669,OR52E5,0
6148,6669,OR52E6,0
6149,6669,OR52E8,0
6150,6669,OR52H1,0
6151,6669,OR52I1,0
6152,6669,OR52I2,0
6153,6669,OR52J3,0
6154,6669,OR52K1,0
6155,6669,OR52K2,0
6156,6669,OR52L1,0
6157,6669,OR52M1_OR52M1P,0
6158,6669,OR52N1,0
6159,6669,OR52N2,0
6160,6669,OR52N4,0
6161,6669,OR52N5,0
6162,6669,OR52R1,0
6163,6669,OR52W1_OR52W1P,0
6164,6669,OR56A1,0
6165,6669,OR56A3_OR56A3P_OR56A6,0
6166,6669,OR56A4,0
6167,6669,OR56A5_OR56A5P,0
6168,6669,OR56B1_OR56B1P,0
6169,6669,OR56B4,0
6170,6669,OR5A1_OR5A1P,0
6171,6669,OR5A2,1
6172,6669,OR5AC2,0
6173,6669,OR5AK2,0
6174,6669,OR5AL1_OR5AL1P,0
6175,6669,OR5AN1,1
6176,6669,OR5AN1,1
6177,6669,OR5AN1,1
6178,6669,OR5AN1,1
6179,6669,OR5AN1,1
6180,6669,OR5AP2,0
6181,6669,OR5AR1,0
6182,6669,OR5AS1,0
6183,6669,OR5AU1,0
6184,6669,OR5B12_OR5B12P_OR5B16,0
6185,6669,OR5B17_OR5B20P,0
6186,6669,OR5B2,0
6187,6669,OR5B21,0
6188,6669,OR5B3_OR5B13,0
6189,6669,OR5C1_OR5C2P,0
6190,6669,OR5D13,0
6191,6669,OR5D14,0
6192,6669,OR5D16,0
6193,6669,OR5D18,0
6194,6669,OR5F1,0
6195,6669,OR5H14,0
6196,6669,OR5H2,0
6197,6669,OR5H6,0
6198,6669,OR5I1,0
6199,6669,OR5J2,0
6200,6669,OR5K2,0
6201,6669,OR5K3,0
6202,6669,OR5K4,0
6203,6669,OR5L1,0
6204,6669,OR5M1,0
6205,6669,OR5M10,0
6206,6669,OR5M11,0
6207,6669,OR5M3,0
6208,6669,OR5M8,0
6209,6669,OR5M9,0
6210,6669,OR5P2,0
6211,6669,OR5P3,0
6212,6669,OR5T1_OR5T1P,0
6213,6669,OR5T2,0
6214,6669,OR5T3,0
6215,6669,OR5V1,0
6216,6669,OR5W2_OR5W2P_OR5W3P,0
6217,6669,OR6A2_OR6A1_OR6A2P,0
6218,6669,OR6B1,0
6219,6669,OR6B2_OR6B2P,0
6220,6669,OR6B3_OR6B3P,0
6221,6669,OR6C1,0
6222,6669,OR6C2,0
6223,6669,OR6C3,0
6224,6669,OR6C4,0
6225,6669,OR6C6,0
6226,6669,OR6C65,0
6227,6669,OR6C68,0
6228,6669,OR6C70,0
6229,6669,OR6C74,0
6230,6669,OR6C75,0
6231,6669,OR6C76,0
6232,6669,OR6F1,0
6233,6669,OR6J1_OR6J2,0
6234,6669,OR6K2,0
6235,6669,OR6K3,0
6236,6669,OR6K6,0
6237,6669,OR6M1,0
6238,6669,OR6N1,0
6239,6669,OR6N2,0
6240,6669,OR6P1,0
6241,6669,OR6Q1,0
6242,6669,OR6S1,0
6243,6669,OR6T1,0
6244,6669,OR6V1,0
6245,6669,OR6X1,0
6246,6669,OR6Y1_OR6Y2,0
6247,6669,OR7A10,0
6248,6669,OR7A17,0
6249,6669,OR7A5,0
6250,6669,OR7C1_OR7C4,0
6251,6669,OR7D2,0
6252,6669,OR7D4_OR7D4P,0
6253,6669,OR7E24_OR7E24P,0
6254,6669,OR7G2,0
6255,6669,OR7G3,0
6256,6669,OR8A1,0
6257,6669,OR8B12,0
6258,6669,OR8B2,0
6259,6669,OR8B3,0
6260,6669,OR8B4_OR8B4P,0
6261,6669,OR8B8,0
6262,6669,OR8D1_OR8D3,0
6263,6669,OR8D2,0
6264,6669,OR8D4,0
6265,6669,OR8G1_OR8G1P,0
6266,6669,OR8G5_OR8G5P_OR8G6,0
6267,6669,OR8H1,0
6268,6669,OR8H2,0
6269,6669,OR8H3,0
6270,6669,OR8I2,0
6271,6669,OR8J1,0
6272,6669,OR8J3,0
6273,6669,OR8K1,0
6274,6669,OR8K3,0
6275,6669,OR8K5,0
6276,6669,OR8S1,0
6277,6669,OR8U1,0
6278,6669,OR8U3_OR5R1_OR5R1P,0
6279,6669,OR8U8,0
6280,6669,OR8U9,0
6281,6669,OR9A2,0
6282,6669,OR9A4,0
6283,6669,OR9G4,0
6284,6669,OR9G9,0
6285,6669,OR9I1,0
6286,6669,OR9K2,0
6287,6669,OR9Q1,0
6288,6669,OR9Q2_OR9Q2P,0
6289,6736,OR1A1,0
6290,6736,OR2M3_OR2M3P_OR2M6,0
6291,6736,OR2W1,0
6292,6736,OR5K1,0
6293,6736,OR5M3,0
6294,6736,OR8D1_OR8D3,0
6295,6753,OR11A1_OR11A2,0
6296,6753,OR5A1_OR5A1P,0
6297,6753,OR5A2,1
6298,6753,OR5AN1,1
6299,6753,OR5AN1,1
6300,6989,OR1G1_OR1G2,1
6301,6989,OR52D1,0
6302,7041,OR1A1,0
6303,7041,OR2M3_OR2M3P_OR2M6,0
6304,7041,OR2W1,0
6305,7041,OR5K1,0
6306,7041,OR5M3,0
6307,7041,OR8D1_OR8D3,0
6308,7047,OR1G1_OR1G2,1
6309,7047,OR2A25_OR2A25P_OR2A27,1
6310,7047,OR2A25_OR2A25P_OR2A27,1
6311,7047,OR2B11,1
6312,7047,OR2B11,1
6313,7047,OR2B11,1
6314,7047,OR52D1,0
6315,7122,OR10A2_OR10A2P,0
6316,7122,OR10A3,0
6317,7122,OR10A4_OR10A4P,0
6318,7122,OR10A5_OR10A1,0
6319,7122,OR10A6,1
6320,7122,OR10A6,1
6321,7122,OR10A7,0
6322,7122,OR10AD1_OR10AD1P,0
6323,7122,OR10AG1,0
6324,7122,OR10C1_OR10C2,0
6325,7122,OR10G3,0
6326,7122,OR10G4,0
6327,7122,OR10G6_OR10G6P,0
6328,7122,OR10G7,0
6329,7122,OR10G8,0
6330,7122,OR10G9_OR10G10P,0
6331,7122,OR10H1,0
6332,7122,OR10H2,0
6333,7122,OR10H3,0
6334,7122,OR10H4,0
6335,7122,OR10H5,0
6336,7122,OR10J1,0
6337,7122,OR10J3_OR10J3P,0
6338,7122,OR10J5,0
6339,7122,OR10K1,0
6340,7122,OR10K2,0
6341,7122,OR10P1_OR10P1P_OR10P2P_OR10P3P,0
6342,7122,OR10Q1,0
6343,7122,OR10R2,0
6344,7122,OR10S1,0
6345,7122,OR10T2,0
6346,7122,OR10V1,0
6347,7122,OR10W1_OR10W1P,0
6348,7122,OR10X1_OR10X1P,0
6349,7122,OR10Z1,0
6350,7122,OR11A1_OR11A2,0
6351,7122,OR11G2,0
6352,7122,OR11H1,0
6353,7122,OR11H12,0
6354,7122,OR11H4,0
6355,7122,OR11H6,0
6356,7122,OR11L1,0
6357,7122,OR12D2,0
6358,7122,OR12D3,0
6359,7122,OR13A1,0
6360,7122,OR13C2,0
6361,7122,OR13C3,0
6362,7122,OR13C4,0
6363,7122,OR13C5,0
6364,7122,OR13C8,0
6365,7122,OR13C9,0
6366,7122,OR13D1,0
6367,7122,OR13F1,0
6368,7122,OR13G1,0
6369,7122,OR13H1,0
6370,7122,OR13J1,0
6371,7122,OR14A2_OR5AX1_OR5AX1P,0
6372,7122,OR14K1_OR5AY1,0
6373,7122,OR1A1,1
6374,7122,OR1A1,1
6375,7122,OR1A2,0
6376,7122,OR1C1,0
6377,7122,OR1D2,1
6378,7122,OR1D2,1
6379,7122,OR1D5,0
6380,7122,OR1E1_OR1E5_OR1E6_OR1E9P,0
6381,7122,OR1E2_OR1E4,0
6382,7122,OR1F1,0
6383,7122,OR1G1_OR1G2,0
6384,7122,OR1I1,0
6385,7122,OR1J1,0
6386,7122,OR1J2_OR1J3_OR1J5,0
6387,7122,OR1J4,0
6388,7122,OR1K1,0
6389,7122,OR1L1_OR1L2,0
6390,7122,OR1L3,0
6391,7122,OR1L4_OR1L5,0
6392,7122,OR1L6_OR1L7,0
6393,7122,OR1L8,0
6394,7122,OR1M1,0
6395,7122,OR1N1_OR1N3,0
6396,7122,OR1N2,0
6397,7122,OR1Q1_OR1Q2_OR1Q3,0
6398,7122,OR1S1,0
6399,7122,OR1S2,0
6400,7122,OR2A1,0
6401,7122,OR2A12_OR2A12P,0
6402,7122,OR2A14_OR2A14P_OR2A6,0
6403,7122,OR2A25_OR2A25P_OR2A27,0
6404,7122,OR2A2_OR2A17P_OR2A2P,0
6405,7122,OR2A4_OR2A10,0
6406,7122,OR2A5_OR2A26_OR2A8,0
6407,7122,OR2A7,0
6408,7122,OR2AE1_OR2AE2,0
6409,7122,OR2AG1_OR2AG3,0
6410,7122,OR2AG2_OR2AG2P,0
6411,7122,OR2AJ1_OR2AJ1P,0
6412,7122,OR2AK2_OR2AK1P,0
6413,7122,OR2AT4,0
6414,7122,OR2B11,0
6415,7122,OR2B2_OR2B9,0
6416,7122,OR2B3_OR2B3P,0
6417,7122,OR2B6,0
6418,7122,OR2C1,0
6419,7122,OR2C3_OR2C4_OR2C5P,0
6420,7122,OR2D2_OR2D1,0
6421,7122,OR2D3,0
6422,7122,OR2F1_OR2F3_OR2F3P_OR2F4_OR2F5,0
6423,7122,OR2F2,0
6424,7122,OR2G2,0
6425,7122,OR2G3,0
6426,7122,OR2G6,0
6427,7122,OR2H1_OR2H6_OR2H8,0
6428,7122,OR2H2_OR2H3,0
6429,7122,OR2J1_OR2J1P,0
6430,7122,OR2J2,1
6431,7122,OR2J2,1
6432,7122,OR2J3,0
6433,7122,OR2K2_OR2AR1P,0
6434,7122,OR2L13_OR2L14,0
6435,7122,OR2L2_OR2L12_OR2L4P,0
6436,7122,OR2L3,0
6437,7122,OR2L5_OR2L11,0
6438,7122,OR2L8,0
6439,7122,OR2M2,0
6440,7122,OR2M3_OR2M3P_OR2M6,0
6441,7122,OR2M4,0
6442,7122,OR2M7,0
6443,7122,OR2S2,0
6444,7122,OR2T1,0
6445,7122,OR2T10,0
6446,7122,OR2T11,0
6447,7122,OR2T29,0
6448,7122,OR2T2_OR2T2P,0
6449,7122,OR2T3,0
6450,7122,OR2T33,0
6451,7122,OR2T34,0
6452,7122,OR2T4,0
6453,7122,OR2T5,0
6454,7122,OR2T6_OR2T6P_OR2T9,0
6455,7122,OR2T8_OR2T8P,0
6456,7122,OR2V2_OR2V3,0
6457,7122,OR2W1,1
6458,7122,OR2W1,1
6459,7122,OR2W3_OR2W3P_OR2W8P,0
6460,7122,OR2W5P_OR2W5,0
6461,7122,OR2Z1_OR2Z2,0
6462,7122,OR3A1,0
6463,7122,OR3A2,0
6464,7122,OR3A3_OR3A6_OR3A7_OR3A8P,0
6465,7122,OR3A4P_OR3A4_OR3A5P,0
6466,7122,OR4A15,0
6467,7122,OR4A16,0
6468,7122,OR4A47,0
6469,7122,OR4A5,0
6470,7122,OR4B1,0
6471,7122,OR4C11_OR4C11P,0
6472,7122,OR4C12,0
6473,7122,OR4C15,0
6474,7122,OR4C16,0
6475,7122,OR4C3,0
6476,7122,OR4C46,0
6477,7122,OR4C5,0
6478,7122,OR4C6,0
6479,7122,OR4D10_OR4D10P,0
6480,7122,OR4D1_OR4D3,0
6481,7122,OR4D2,0
6482,7122,OR4D5,0
6483,7122,OR4D6,0
6484,7122,OR4D9,0
6485,7122,OR4E2,0
6486,7122,OR4F15,0
6487,7122,OR4F17_OR4F11P_OR4F18_OR4F19,0
6488,7122,OR4F21_OR4F21P,0
6489,7122,OR4F3,0
6490,7122,OR4F4,0
6491,7122,OR4F6_OR4F12,0
6492,7122,OR4K1,0
6493,7122,OR4K13,0
6494,7122,OR4K15,0
6495,7122,OR4K17,0
6496,7122,OR4K2,0
6497,7122,OR4L1_OR4L2P,0
6498,7122,OR4M1,0
6499,7122,OR4N2,0
6500,7122,OR4N4,0
6501,7122,OR4P4_OR4P3P,0
6502,7122,OR4Q3_OR4Q4,0
6503,7122,OR4S1,0
6504,7122,OR4S2_OR4S2P,0
6505,7122,OR4X1,0
6506,7122,OR4X2,0
6507,7122,OR51A2,0
6508,7122,OR51A4,0
6509,7122,OR51A7,0
6510,7122,OR51B2_OR51B1P,0
6511,7122,OR51B4,0
6512,7122,OR51B5,0
6513,7122,OR51B6,0
6514,7122,OR51D1,0
6515,7122,OR51E1_OR51E1P_OR52A3P,0
6516,7122,OR51E2,0
6517,7122,OR51F1_OR51F1P,0
6518,7122,OR51F2,0
6519,7122,OR51G1_OR51G3P,0
6520,7122,OR51G2,0
6521,7122,OR51I1,0
6522,7122,OR51I2,0
6523,7122,OR51J1_OR51J1P_OR51J2,0
6524,7122,OR51L1,0
6525,7122,OR51M1,0
6526,7122,OR51Q1,0
6527,7122,OR51S1,0
6528,7122,OR51T1,0
6529,7122,OR51V1_OR51A12,0
6530,7122,OR52A1,0
6531,7122,OR52A4P_OR52A4,0
6532,7122,OR52A5,0
6533,7122,OR52B2,0
6534,7122,OR52B4,0
6535,7122,OR52B6,0
6536,7122,OR52D1,0
6537,7122,OR52E2,0
6538,7122,OR52E4,0
6539,7122,OR52E6,0
6540,7122,OR52E8,0
6541,7122,OR52H1,0
6542,7122,OR52I1,0
6543,7122,OR52I2,0
6544,7122,OR52J3,0
6545,7122,OR52K1,0
6546,7122,OR52K2,0
6547,7122,OR52L1,0
6548,7122,OR52M1_OR52M1P,0
6549,7122,OR52N1,0
6550,7122,OR52N2,0
6551,7122,OR52N5,0
6552,7122,OR52R1,0
6553,7122,OR52W1_OR52W1P,0
6554,7122,OR56A1,0
6555,7122,OR56A3_OR56A3P_OR56A6,0
6556,7122,OR56A4,0
6557,7122,OR56B1_OR56B1P,0
6558,7122,OR56B4,0
6559,7122,OR5A1_OR5A1P,0
6560,7122,OR5A2,0
6561,7122,OR5AC2,0
6562,7122,OR5AK2,0
6563,7122,OR5AN1,0
6564,7122,OR5AP2,0
6565,7122,OR5AR1,0
6566,7122,OR5AS1,0
6567,7122,OR5AU1,0
6568,7122,OR5B12_OR5B12P_OR5B16,0
6569,7122,OR5B17_OR5B20P,0
6570,7122,OR5B2,0
6571,7122,OR5B21,0
6572,7122,OR5B3_OR5B13,0
6573,7122,OR5C1_OR5C2P,0
6574,7122,OR5D13,0
6575,7122,OR5D14,0
6576,7122,OR5D16,0
6577,7122,OR5D18,0
6578,7122,OR5F1,0
6579,7122,OR5H1,0
6580,7122,OR5H14,0
6581,7122,OR5H2,0
6582,7122,OR5H6,0
6583,7122,OR5I1,0
6584,7122,OR5J2,0
6585,7122,OR5K1,0
6586,7122,OR5K2,0
6587,7122,OR5K3,0
6588,7122,OR5K4,0
6589,7122,OR5L1,0
6590,7122,OR5M1,0
6591,7122,OR5M10,0
6592,7122,OR5M11,0
6593,7122,OR5M3,0
6594,7122,OR5M8,0
6595,7122,OR5M9,0
6596,7122,OR5P2,0
6597,7122,OR5P3,1
6598,7122,OR5P3,1
6599,7122,OR5T1_OR5T1P,0
6600,7122,OR5T2,0
6601,7122,OR5T3,0
6602,7122,OR5V1,0
6603,7122,OR5W2_OR5W2P_OR5W3P,0
6604,7122,OR6A2_OR6A1_OR6A2P,0
6605,7122,OR6B1,0
6606,7122,OR6B2_OR6B2P,0
6607,7122,OR6B3_OR6B3P,0
6608,7122,OR6C1,0
6609,7122,OR6C2,0
6610,7122,OR6C3,0
6611,7122,OR6C4,0
6612,7122,OR6C6,0
6613,7122,OR6C65,0
6614,7122,OR6C68,0
6615,7122,OR6C70,0
6616,7122,OR6C74,0
6617,7122,OR6C75,0
6618,7122,OR6C76,0
6619,7122,OR6F1,0
6620,7122,OR6J1_OR6J2,0
6621,7122,OR6K2,0
6622,7122,OR6K3,0
6623,7122,OR6K6,0
6624,7122,OR6M1,0
6625,7122,OR6N1,0
6626,7122,OR6N2,0
6627,7122,OR6Q1,0
6628,7122,OR6S1,0
6629,7122,OR6T1,0
6630,7122,OR6V1,0
6631,7122,OR6X1,0
6632,7122,OR6Y1_OR6Y2,0
6633,7122,OR7A10,0
6634,7122,OR7A17,0
6635,7122,OR7A5,0
6636,7122,OR7C1_OR7C4,0
6637,7122,OR7D2,0
6638,7122,OR7D4_OR7D4P,0
6639,7122,OR7E24_OR7E24P,0
6640,7122,OR7G2,0
6641,7122,OR7G3,0
6642,7122,OR8A1,0
6643,7122,OR8B12,0
6644,7122,OR8B2,0
6645,7122,OR8B3,1
6646,7122,OR8B3,1
6647,7122,OR8B4_OR8B4P,0
6648,7122,OR8B8,0
6649,7122,OR8D1_OR8D3,0
6650,7122,OR8D2,0
6651,7122,OR8D4,0
6652,7122,OR8G1_OR8G1P,0
6653,7122,OR8G5_OR8G5P_OR8G6,0
6654,7122,OR8H1,1
6655,7122,OR8H2,0
6656,7122,OR8H3,0
6657,7122,OR8I2,0
6658,7122,OR8J1,0
6659,7122,OR8J3,0
6660,7122,OR8K1,0
6661,7122,OR8K3,0
6662,7122,OR8K5,0
6663,7122,OR8U1,0
6664,7122,OR8U3_OR5R1_OR5R1P,0
6665,7122,OR8U8,0
6666,7122,OR8U9,0
6667,7122,OR9A2,0
6668,7122,OR9A4,0
6669,7122,OR9G4,0
6670,7122,OR9G9,0
6671,7122,OR9I1,0
6672,7122,OR9K2,0
6673,7122,OR9Q1,0
6674,7122,OR9Q2_OR9Q2P,0
6675,7127,OR10A2_OR10A2P,0
6676,7127,OR10A3,0
6677,7127,OR10A4_OR10A4P,0
6678,7127,OR10A5_OR10A1,0
6679,7127,OR10A6,0
6680,7127,OR10A7,0
6681,7127,OR10AD1_OR10AD1P,0
6682,7127,OR10AG1,0
6683,7127,OR10C1_OR10C2,0
6684,7127,OR10D3,0
6685,7127,OR10G3,0
6686,7127,OR10G4,1
6687,7127,OR10G6_OR10G6P,0
6688,7127,OR10G7,1
6689,7127,OR10G7,1
6690,7127,OR10G7,1
6691,7127,OR10G7,1
6692,7127,OR10G7,1
6693,7127,OR10G8,0
6694,7127,OR10G9_OR10G10P,0
6695,7127,OR10H1,0
6696,7127,OR10H2,0
6697,7127,OR10H3,0
6698,7127,OR10H4,0
6699,7127,OR10H5,0
6700,7127,OR10J1,0
6701,7127,OR10J3_OR10J3P,0
6702,7127,OR10J5,0
6703,7127,OR10K1,0
6704,7127,OR10K2,0
6705,7127,OR10P1_OR10P1P_OR10P2P_OR10P3P,0
6706,7127,OR10Q1,0
6707,7127,OR10R2,0
6708,7127,OR10T2,0
6709,7127,OR10V1,0
6710,7127,OR10W1_OR10W1P,0
6711,7127,OR10X1_OR10X1P,0
6712,7127,OR10Z1,0
6713,7127,OR11A1_OR11A2,0
6714,7127,OR11G2,0
6715,7127,OR11H1,0
6716,7127,OR11H12,0
6717,7127,OR11H2_OR11H2P,0
6718,7127,OR11H4,0
6719,7127,OR11H6,0
6720,7127,OR11L1,0
6721,7127,OR12D2,0
6722,7127,OR12D3,0
6723,7127,OR13A1,0
6724,7127,OR13C2,0
6725,7127,OR13C3,0
6726,7127,OR13C4,0
6727,7127,OR13C5,0
6728,7127,OR13C8,0
6729,7127,OR13C9,0
6730,7127,OR13D1,0
6731,7127,OR13F1,0
6732,7127,OR13G1,0
6733,7127,OR13H1,0
6734,7127,OR13J1,0
6735,7127,OR14A2_OR5AX1_OR5AX1P,0
6736,7127,OR14C36_OR5BF1,0
6737,7127,OR14I1_OR5BU1_OR5BU1P,0
6738,7127,OR14J1_OR5U1,0
6739,7127,OR14K1_OR5AY1,0
6740,7127,OR14L1_OR14L1P_OR5AV1P,0
6741,7127,OR1A1,1
6742,7127,OR1A1,1
6743,7127,OR1A2,0
6744,7127,OR1C1,0
6745,7127,OR1D2,0
6746,7127,OR1D5,0
6747,7127,OR1E1_OR1E5_OR1E6_OR1E9P,0
6748,7127,OR1E2_OR1E4,0
6749,7127,OR1F1,0
6750,7127,OR1F12P_OR1F12,0
6751,7127,OR1G1_OR1G2,0
6752,7127,OR1I1,0
6753,7127,OR1J1,0
6754,7127,OR1J2_OR1J3_OR1J5,0
6755,7127,OR1J4,0
6756,7127,OR1K1,0
6757,7127,OR1L1_OR1L2,0
6758,7127,OR1L3,0
6759,7127,OR1L4_OR1L5,0
6760,7127,OR1L6_OR1L7,0
6761,7127,OR1L8,0
6762,7127,OR1M1,0
6763,7127,OR1N1_OR1N3,0
6764,7127,OR1N2,0
6765,7127,OR1Q1_OR1Q2_OR1Q3,0
6766,7127,OR1S1,0
6767,7127,OR1S2,0
6768,7127,OR2A1,0
6769,7127,OR2A12_OR2A12P,0
6770,7127,OR2A14,0
6771,7127,OR2A14_OR2A14P_OR2A6,0
6772,7127,OR2A25_OR2A25P_OR2A27,0
6773,7127,OR2A2_OR2A17P_OR2A2P,0
6774,7127,OR2A4_OR2A10,0
6775,7127,OR2A5_OR2A26_OR2A8,0
6776,7127,OR2A7,0
6777,7127,OR2AE1_OR2AE2,0
6778,7127,OR2AG1_OR2AG3,0
6779,7127,OR2AG2_OR2AG2P,0
6780,7127,OR2AJ1_OR2AJ1P,0
6781,7127,OR2AK2_OR2AK1P,0
6782,7127,OR2AP1_OR2AP1P,0
6783,7127,OR2AT4,0
6784,7127,OR2B11,0
6785,7127,OR2B2_OR2B9,0
6786,7127,OR2B3_OR2B3P,0
6787,7127,OR2B6,0
6788,7127,OR2B8P_OR2B8,0
6789,7127,OR2C1,1
6790,7127,OR2C3_OR2C4_OR2C5P,0
6791,7127,OR2D2_OR2D1,0
6792,7127,OR2D3,0
6793,7127,OR2F1_OR2F3_OR2F3P_OR2F4_OR2F5,0
6794,7127,OR2F2,0
6795,7127,OR2G2,0
6796,7127,OR2G3,0
6797,7127,OR2G6,0
6798,7127,OR2H1_OR2H6_OR2H8,0
6799,7127,OR2H2_OR2H3,0
6800,7127,OR2J1_OR2J1P,0
6801,7127,OR2J2,1
6802,7127,OR2J2,1
6803,7127,OR2J2,1
6804,7127,OR2J2,1
6805,7127,OR2J2,1
6806,7127,OR2J2,1
6807,7127,OR2J3,1
6808,7127,OR2J3,1
6809,7127,OR2J3,1
6810,7127,OR2J3,1
6811,7127,OR2K2_OR2AR1P,0
6812,7127,OR2L13_OR2L14,0
6813,7127,OR2L2_OR2L12_OR2L4P,0
6814,7127,OR2L3,0
6815,7127,OR2L5_OR2L11,0
6816,7127,OR2L8,0
6817,7127,OR2M2,0
6818,7127,OR2M3_OR2M3P_OR2M6,0
6819,7127,OR2M4,0
6820,7127,OR2M5,0
6821,7127,OR2M7,0
6822,7127,OR2S2,0
6823,7127,OR2T1,0
6824,7127,OR2T10,0
6825,7127,OR2T11,0
6826,7127,OR2T29,0
6827,7127,OR2T2_OR2T2P,0
6828,7127,OR2T3,0
6829,7127,OR2T33,0
6830,7127,OR2T34,0
6831,7127,OR2T35,0
6832,7127,OR2T4,0
6833,7127,OR2T5,0
6834,7127,OR2T6_OR2T6P_OR2T9,0
6835,7127,OR2T8_OR2T8P,0
6836,7127,OR2V1,0
6837,7127,OR2V2_OR2V3,0
6838,7127,OR2W1,1
6839,7127,OR2W3_OR2W3P_OR2W8P,0
6840,7127,OR2W5P_OR2W5,0
6841,7127,OR2Y1,0
6842,7127,OR2Z1_OR2Z2,0
6843,7127,OR3A1,0
6844,7127,OR3A2,0
6845,7127,OR3A3_OR3A6_OR3A7_OR3A8P,0
6846,7127,OR3A4P_OR3A4_OR3A5P,0
6847,7127,OR4A15,0
6848,7127,OR4A16,0
6849,7127,OR4A47,0
6850,7127,OR4A4P,0
6851,7127,OR4A5,0
6852,7127,OR4B1,0
6853,7127,OR4C11_OR4C11P,0
6854,7127,OR4C12,0
6855,7127,OR4C15,0
6856,7127,OR4C16,1
6857,7127,OR4C3,0
6858,7127,OR4C46,0
6859,7127,OR4C5,0
6860,7127,OR4C6,0
6861,7127,OR4D10_OR4D10P,0
6862,7127,OR4D1_OR4D3,0
6863,7127,OR4D2,0
6864,7127,OR4D5,0
6865,7127,OR4D6,0
6866,7127,OR4D9,0
6867,7127,OR4E2,0
6868,7127,OR4F14,0
6869,7127,OR4F15,0
6870,7127,OR4F17_OR4F11P_OR4F18_OR4F19,0
6871,7127,OR4F21_OR4F21P,0
6872,7127,OR4F3,0
6873,7127,OR4F4,0
6874,7127,OR4F6_OR4F12,0
6875,7127,OR4K1,0
6876,7127,OR4K13,0
6877,7127,OR4K15,0
6878,7127,OR4K17,0
6879,7127,OR4K2,0
6880,7127,OR4K3_OR4K3P,0
6881,7127,OR4K5,0
6882,7127,OR4L1_OR4L2P,0
6883,7127,OR4M1,0
6884,7127,OR4M2B,0
6885,7127,OR4N2,0
6886,7127,OR4N4,0
6887,7127,OR4P4_OR4P3P,0
6888,7127,OR4Q3_OR4Q4,0
6889,7127,OR4S1,0
6890,7127,OR4S2_OR4S2P,0
6891,7127,OR4X1,0
6892,7127,OR4X2,0
6893,7127,OR51A2,0
6894,7127,OR51A4,0
6895,7127,OR51B2_OR51B1P,0
6896,7127,OR51B4,0
6897,7127,OR51B5,0
6898,7127,OR51B6,0
6899,7127,OR51D1,0
6900,7127,OR51E1_OR51E1P_OR52A3P,0
6901,7127,OR51E2,1
6902,7127,OR51F1_OR51F1P,0
6903,7127,OR51F2,0
6904,7127,OR51G1_OR51G3P,0
6905,7127,OR51G2,0
6906,7127,OR51H1_OR51H1P,0
6907,7127,OR51I1,0
6908,7127,OR51I2,0
6909,7127,OR51J1_OR51J1P_OR51J2,0
6910,7127,OR51L1,0
6911,7127,OR51M1,1
6912,7127,OR51Q1,0
6913,7127,OR51S1,0
6914,7127,OR51T1,0
6915,7127,OR51V1_OR51A12,0
6916,7127,OR52A1,0
6917,7127,OR52A4P_OR52A4,0
6918,7127,OR52A5,0
6919,7127,OR52B2,0
6920,7127,OR52B4,0
6921,7127,OR52B6,0
6922,7127,OR52D1,0
6923,7127,OR52E2,0
6924,7127,OR52E4,1
6925,7127,OR52E4,1
6926,7127,OR52E4,1
6927,7127,OR52E5,1
6928,7127,OR52E6,0
6929,7127,OR52E8,0
6930,7127,OR52H1,0
6931,7127,OR52I2,0
6932,7127,OR52J3,0
6933,7127,OR52K1,0
6934,7127,OR52K2,0
6935,7127,OR52L1,0
6936,7127,OR52L2P_OR52L2,0
6937,7127,OR52M1_OR52M1P,0
6938,7127,OR52N1,0
6939,7127,OR52N2,0
6940,7127,OR52N4,1
6941,7127,OR52N5,0
6942,7127,OR52P1_OR52P1P,0
6943,7127,OR52R1,0
6944,7127,OR52W1_OR52W1P,0
6945,7127,OR56A1,0
6946,7127,OR56A3_OR56A3P_OR56A6,0
6947,7127,OR56A4,0
6948,7127,OR56A5_OR56A5P,0
6949,7127,OR56B1_OR56B1P,0
6950,7127,OR56B4,0
6951,7127,OR5A1_OR5A1P,0
6952,7127,OR5A2,0
6953,7127,OR5AC2,0
6954,7127,OR5AK2,0
6955,7127,OR5AK3P_OR5AK3,0
6956,7127,OR5AL1_OR5AL1P,0
6957,7127,OR5AN1,0
6958,7127,OR5AP2,0
6959,7127,OR5AR1,0
6960,7127,OR5AS1,0
6961,7127,OR5AU1,0
6962,7127,OR5B12_OR5B12P_OR5B16,0
6963,7127,OR5B17_OR5B20P,0
6964,7127,OR5B2,0
6965,7127,OR5B21,0
6966,7127,OR5B3_OR5B13,0
6967,7127,OR5C1_OR5C2P,0
6968,7127,OR5D13,0
6969,7127,OR5D14,0
6970,7127,OR5D16,0
6971,7127,OR5D18,0
6972,7127,OR5F1,0
6973,7127,OR5H1,0
6974,7127,OR5H14,0
6975,7127,OR5H2,0
6976,7127,OR5H6,0
6977,7127,OR5I1,0
6978,7127,OR5J2,0
6979,7127,OR5K1,1
6980,7127,OR5K1,1
6981,7127,OR5K2,0
6982,7127,OR5K3,0
6983,7127,OR5K4,0
6984,7127,OR5L1,0
6985,7127,OR5M1,0
6986,7127,OR5M10,1
6987,7127,OR5M11,0
6988,7127,OR5M3,0
6989,7127,OR5M8,0
6990,7127,OR5M9,0
6991,7127,OR5P2,0
6992,7127,OR5P3,1
6993,7127,OR5T1_OR5T1P,0
6994,7127,OR5T2,0
6995,7127,OR5T3,0
6996,7127,OR5V1,0
6997,7127,OR5W2_OR5W2P_OR5W3P,0
6998,7127,OR6A2_OR6A1_OR6A2P,0
6999,7127,OR6B1,0
7000,7127,OR6B2_OR6B2P,0
7001,7127,OR6B3_OR6B3P,0
7002,7127,OR6C1,0
7003,7127,OR6C2,0
7004,7127,OR6C3,0
7005,7127,OR6C4,0
7006,7127,OR6C6,0
7007,7127,OR6C65,0
7008,7127,OR6C68,0
7009,7127,OR6C70,0
7010,7127,OR6C74,0
7011,7127,OR6C75,0
7012,7127,OR6C76,0
7013,7127,OR6F1,1
7014,7127,OR6J1_OR6J2,0
7015,7127,OR6K2,0
7016,7127,OR6K3,0
7017,7127,OR6K6,0
7018,7127,OR6M1,0
7019,7127,OR6N1,0
7020,7127,OR6N2,0
7021,7127,OR6P1,0
7022,7127,OR6Q1,0
7023,7127,OR6S1,0
7024,7127,OR6T1,0
7025,7127,OR6V1,0
7026,7127,OR6X1,0
7027,7127,OR6Y1_OR6Y2,0
7028,7127,OR7A10,0
7029,7127,OR7A17,0
7030,7127,OR7A5,0
7031,7127,OR7C1_OR7C4,0
7032,7127,OR7D2,0
7033,7127,OR7D4_OR7D4P,0
7034,7127,OR7E24_OR7E24P,0
7035,7127,OR7G2,0
7036,7127,OR7G3,0
7037,7127,OR8A1,0
7038,7127,OR8B12,0
7039,7127,OR8B2,1
7040,7127,OR8B3,0
7041,7127,OR8B4_OR8B4P,0
7042,7127,OR8B8,0
7043,7127,OR8D1_OR8D3,0
7044,7127,OR8D2,0
7045,7127,OR8D4,0
7046,7127,OR8G1_OR8G1P,0
7047,7127,OR8G5_OR8G5P_OR8G6,0
7048,7127,OR8H1,0
7049,7127,OR8H2,0
7050,7127,OR8H3,0
7051,7127,OR8I2,0
7052,7127,OR8J1,0
7053,7127,OR8J3,0
7054,7127,OR8K1,0
7055,7127,OR8K3,0
7056,7127,OR8K5,0
7057,7127,OR8S1,0
7058,7127,OR8U1,0
7059,7127,OR8U3_OR5R1_OR5R1P,0
7060,7127,OR8U8,0
7061,7127,OR8U9,0
7062,7127,OR9A2,0
7063,7127,OR9A4,0
7064,7127,OR9G4,0
7065,7127,OR9G9,0
7066,7127,OR9I1,0
7067,7127,OR9K2,0
7068,7127,OR9Q1,0
7069,7127,OR9Q2,0
7070,7127,OR9Q2_OR9Q2P,0
7071,7129,OR2W1,1
7072,7136,OR10A2_OR10A2P,0
7073,7136,OR10A3,0
7074,7136,OR10A4_OR10A4P,0
7075,7136,OR10A5_OR10A1,1
7076,7136,OR10A6,0
7077,7136,OR10A7,0
7078,7136,OR10AD1_OR10AD1P,0
7079,7136,OR10AG1,0
7080,7136,OR10C1_OR10C2,0
7081,7136,OR10D3,0
7082,7136,OR10G3,1
7083,7136,OR10G4,0
7084,7136,OR10G6_OR10G6P,0
7085,7136,OR10G7,1
7086,7136,OR10G8,0
7087,7136,OR10G9_OR10G10P,0
7088,7136,OR10H1,0
7089,7136,OR10H2,0
7090,7136,OR10H3,0
7091,7136,OR10H4,0
7092,7136,OR10H5,0
7093,7136,OR10J1,1
7094,7136,OR10J3_OR10J3P,1
7095,7136,OR10J5,0
7096,7136,OR10K1,0
7097,7136,OR10K2,0
7098,7136,OR10P1_OR10P1P_OR10P2P_OR10P3P,0
7099,7136,OR10Q1,1
7100,7136,OR10R2,0
7101,7136,OR10T2,0
7102,7136,OR10V1,0
7103,7136,OR10W1_OR10W1P,0
7104,7136,OR10X1_OR10X1P,0
7105,7136,OR10Z1,0
7106,7136,OR11A1_OR11A2,0
7107,7136,OR11G2,1
7108,7136,OR11H1,1
7109,7136,OR11H12,0
7110,7136,OR11H2_OR11H2P,0
7111,7136,OR11H4,0
7112,7136,OR11H6,0
7113,7136,OR11L1,0
7114,7136,OR12D2,0
7115,7136,OR12D3,0
7116,7136,OR13A1,0
7117,7136,OR13C2,1
7118,7136,OR13C3,1
7119,7136,OR13C4,0
7120,7136,OR13C5,0
7121,7136,OR13C8,0
7122,7136,OR13C9,0
7123,7136,OR13D1,0
7124,7136,OR13F1,0
7125,7136,OR13G1,0
7126,7136,OR13H1,0
7127,7136,OR13J1,1
7128,7136,OR14A2_OR5AX1_OR5AX1P,0
7129,7136,OR14C36_OR5BF1,0
7130,7136,OR14I1_OR5BU1_OR5BU1P,0
7131,7136,OR14J1_OR5U1,0
7132,7136,OR14K1_OR5AY1,0
7133,7136,OR14L1_OR14L1P_OR5AV1P,0
7134,7136,OR1A1,0
7135,7136,OR1A2,0
7136,7136,OR1C1,0
7137,7136,OR1D2,0
7138,7136,OR1D5,1
7139,7136,OR1E1_OR1E5_OR1E6_OR1E9P,0
7140,7136,OR1E2_OR1E4,0
7141,7136,OR1F1,0
7142,7136,OR1F12P_OR1F12,1
7143,7136,OR1G1_OR1G2,1
7144,7136,OR1G1_OR1G2,1
7145,7136,OR1G1_OR1G2,1
7146,7136,OR1G1_OR1G2,1
7147,7136,OR1I1,0
7148,7136,OR1J1,1
7149,7136,OR1J2_OR1J3_OR1J5,0
7150,7136,OR1J4,0
7151,7136,OR1K1,0
7152,7136,OR1L1_OR1L2,0
7153,7136,OR1L3,0
7154,7136,OR1L4_OR1L5,0
7155,7136,OR1L6_OR1L7,1
7156,7136,OR1L8,0
7157,7136,OR1M1,1
7158,7136,OR1N1_OR1N3,0
7159,7136,OR1N2,0
7160,7136,OR1Q1_OR1Q2_OR1Q3,0
7161,7136,OR1S1,1
7162,7136,OR1S2,0
7163,7136,OR2A1,1
7164,7136,OR2A12_OR2A12P,0
7165,7136,OR2A14,0
7166,7136,OR2A14_OR2A14P_OR2A6,0
7167,7136,OR2A25_OR2A25P_OR2A27,0
7168,7136,OR2A2_OR2A17P_OR2A2P,0
7169,7136,OR2A4_OR2A10,0
7170,7136,OR2A5_OR2A26_OR2A8,0
7171,7136,OR2A7,0
7172,7136,OR2AE1_OR2AE2,0
7173,7136,OR2AG1_OR2AG3,0
7174,7136,OR2AG2_OR2AG2P,0
7175,7136,OR2AJ1_OR2AJ1P,0
7176,7136,OR2AK2_OR2AK1P,0
7177,7136,OR2AP1_OR2AP1P,0
7178,7136,OR2AT4,0
7179,7136,OR2B11,0
7180,7136,OR2B2_OR2B9,0
7181,7136,OR2B3_OR2B3P,1
7182,7136,OR2B3_OR2B3P,1
7183,7136,OR2B6,0
7184,7136,OR2B8P_OR2B8,0
7185,7136,OR2C1,0
7186,7136,OR2C3_OR2C4_OR2C5P,1
7187,7136,OR2D2_OR2D1,1
7188,7136,OR2D3,0
7189,7136,OR2F1_OR2F3_OR2F3P_OR2F4_OR2F5,1
7190,7136,OR2F2,0
7191,7136,OR2G2,0
7192,7136,OR2G3,0
7193,7136,OR2G6,0
7194,7136,OR2H1_OR2H6_OR2H8,0
7195,7136,OR2H2_OR2H3,0
7196,7136,OR2J1_OR2J1P,0
7197,7136,OR2J2,1
7198,7136,OR2J3,1
7199,7136,OR2K2_OR2AR1P,0
7200,7136,OR2L13_OR2L14,0
7201,7136,OR2L2_OR2L12_OR2L4P,0
7202,7136,OR2L3,0
7203,7136,OR2L5_OR2L11,1
7204,7136,OR2L8,0
7205,7136,OR2M2,0
7206,7136,OR2M3_OR2M3P_OR2M6,0
7207,7136,OR2M4,0
7208,7136,OR2M5,0
7209,7136,OR2M7,0
7210,7136,OR2S2,0
7211,7136,OR2T1,0
7212,7136,OR2T10,0
7213,7136,OR2T11,0
7214,7136,OR2T29,0
7215,7136,OR2T2_OR2T2P,1
7216,7136,OR2T3,0
7217,7136,OR2T33,1
7218,7136,OR2T34,0
7219,7136,OR2T35,1
7220,7136,OR2T4,0
7221,7136,OR2T5,0
7222,7136,OR2T6_OR2T6P_OR2T9,0
7223,7136,OR2T8_OR2T8P,1
7224,7136,OR2V1,1
7225,7136,OR2V2_OR2V3,0
7226,7136,OR2W1,1
7227,7136,OR2W1,1
7228,7136,OR2W3_OR2W3P_OR2W8P,0
7229,7136,OR2W5P_OR2W5,0
7230,7136,OR2Y1,0
7231,7136,OR2Z1_OR2Z2,0
7232,7136,OR3A1,0
7233,7136,OR3A2,0
7234,7136,OR3A3_OR3A6_OR3A7_OR3A8P,1
7235,7136,OR3A4P_OR3A4_OR3A5P,1
7236,7136,OR4A15,0
7237,7136,OR4A16,0
7238,7136,OR4A47,1
7239,7136,OR4A4P,0
7240,7136,OR4A5,1
7241,7136,OR4B1,0
7242,7136,OR4C11_OR4C11P,0
7243,7136,OR4C12,1
7244,7136,OR4C15,0
7245,7136,OR4C16,0
7246,7136,OR4C3,0
7247,7136,OR4C46,0
7248,7136,OR4C5,0
7249,7136,OR4C6,0
7250,7136,OR4D10_OR4D10P,0
7251,7136,OR4D1_OR4D3,0
7252,7136,OR4D2,1
7253,7136,OR4D2,1
7254,7136,OR4D2,1
7255,7136,OR4D2,1
7256,7136,OR4D2,1
7257,7136,OR4D5,1
7258,7136,OR4D6,0
7259,7136,OR4D9,0
7260,7136,OR4E2,0
7261,7136,OR4F14,0
7262,7136,OR4F15,0
7263,7136,OR4F17_OR4F11P_OR4F18_OR4F19,1
7264,7136,OR4F21_OR4F21P,1
7265,7136,OR4F3,0
7266,7136,OR4F4,1
7267,7136,OR4F6_OR4F12,0
7268,7136,OR4K1,0
7269,7136,OR4K13,0
7270,7136,OR4K15,1
7271,7136,OR4K17,0
7272,7136,OR4K2,0
7273,7136,OR4K3_OR4K3P,0
7274,7136,OR4K5,0
7275,7136,OR4L1_OR4L2P,0
7276,7136,OR4M1,1
7277,7136,OR4M2B,0
7278,7136,OR4N2,0
7279,7136,OR4N4,0
7280,7136,OR4P4_OR4P3P,0
7281,7136,OR4Q3_OR4Q4,0
7282,7136,OR4S1,0
7283,7136,OR4S2_OR4S2P,0
7284,7136,OR4X1,0
7285,7136,OR4X2,0
7286,7136,OR51A2,1
7287,7136,OR51A4,0
7288,7136,OR51B2_OR51B1P,1
7289,7136,OR51B4,1
7290,7136,OR51B5,1
7291,7136,OR51B6,1
7292,7136,OR51D1,0
7293,7136,OR51E1_OR51E1P_OR52A3P,0
7294,7136,OR51E2,1
7295,7136,OR51F1_OR51F1P,0
7296,7136,OR51F2,0
7297,7136,OR51G1_OR51G3P,0
7298,7136,OR51G2,0
7299,7136,OR51H1_OR51H1P,0
7300,7136,OR51I1,1
7301,7136,OR51I2,0
7302,7136,OR51J1_OR51J1P_OR51J2,1
7303,7136,OR51L1,0
7304,7136,OR51M1,1
7305,7136,OR51Q1,0
7306,7136,OR51S1,1
7307,7136,OR51T1,0
7308,7136,OR51V1_OR51A12,1
7309,7136,OR51V1_OR51A12,1
7310,7136,OR52A1,0
7311,7136,OR52A4P_OR52A4,1
7312,7136,OR52A5,1
7313,7136,OR52B2,0
7314,7136,OR52B4,0
7315,7136,OR52B6,0
7316,7136,OR52D1,0
7317,7136,OR52E2,1
7318,7136,OR52E4,0
7319,7136,OR52E5,0
7320,7136,OR52E6,0
7321,7136,OR52E8,0
7322,7136,OR52H1,1
7323,7136,OR52I2,0
7324,7136,OR52J3,0
7325,7136,OR52K1,0
7326,7136,OR52K2,0
7327,7136,OR52L1,0
7328,7136,OR52L2P_OR52L2,0
7329,7136,OR52M1_OR52M1P,0
7330,7136,OR52N1,0
7331,7136,OR52N2,1
7332,7136,OR52N4,0
7333,7136,OR52N5,1
7334,7136,OR52P1_OR52P1P,0
7335,7136,OR52R1,1
7336,7136,OR52W1_OR52W1P,0
7337,7136,OR56A1,0
7338,7136,OR56A3_OR56A3P_OR56A6,0
7339,7136,OR56A4,1
7340,7136,OR56A5_OR56A5P,1
7341,7136,OR56B1_OR56B1P,0
7342,7136,OR56B4,0
7343,7136,OR5A1_OR5A1P,1
7344,7136,OR5A2,1
7345,7136,OR5AC2,1
7346,7136,OR5AC2,1
7347,7136,OR5AK2,0
7348,7136,OR5AK3P_OR5AK3,0
7349,7136,OR5AL1_OR5AL1P,0
7350,7136,OR5AN1,0
7351,7136,OR5AP2,0
7352,7136,OR5AR1,0
7353,7136,OR5AS1,0
7354,7136,OR5AU1,0
7355,7136,OR5B12_OR5B12P_OR5B16,1
7356,7136,OR5B17_OR5B20P,1
7357,7136,OR5B17_OR5B20P,1
7358,7136,OR5B2,0
7359,7136,OR5B21,0
7360,7136,OR5B3_OR5B13,0
7361,7136,OR5C1_OR5C2P,0
7362,7136,OR5D13,0
7363,7136,OR5D14,0
7364,7136,OR5D16,0
7365,7136,OR5D18,0
7366,7136,OR5F1,1
7367,7136,OR5H1,0
7368,7136,OR5H14,1
7369,7136,OR5H2,0
7370,7136,OR5H6,0
7371,7136,OR5I1,1
7372,7136,OR5J2,1
7373,7136,OR5K1,0
7374,7136,OR5K2,0
7375,7136,OR5K3,0
7376,7136,OR5K4,1
7377,7136,OR5L1,1
7378,7136,OR5M1,0
7379,7136,OR5M10,0
7380,7136,OR5M11,1
7381,7136,OR5M8,0
7382,7136,OR5M9,0
7383,7136,OR5P2,1
7384,7136,OR5P3,0
7385,7136,OR5T1_OR5T1P,0
7386,7136,OR5T2,0
7387,7136,OR5T3,0
7388,7136,OR5V1,0
7389,7136,OR5W2_OR5W2P_OR5W3P,0
7390,7136,OR6A2_OR6A1_OR6A2P,0
7391,7136,OR6B1,0
7392,7136,OR6B2_OR6B2P,0
7393,7136,OR6B3_OR6B3P,0
7394,7136,OR6C1,0
7395,7136,OR6C2,0
7396,7136,OR6C3,0
7397,7136,OR6C4,0
7398,7136,OR6C6,0
7399,7136,OR6C65,0
7400,7136,OR6C68,1
7401,7136,OR6C70,0
7402,7136,OR6C74,0
7403,7136,OR6C75,0
7404,7136,OR6C76,0
7405,7136,OR6F1,0
7406,7136,OR6J1_OR6J2,1
7407,7136,OR6K2,0
7408,7136,OR6K3,0
7409,7136,OR6K6,0
7410,7136,OR6M1,0
7411,7136,OR6N1,0
7412,7136,OR6N2,0
7413,7136,OR6P1,0
7414,7136,OR6Q1,0
7415,7136,OR6S1,0
7416,7136,OR6T1,1
7417,7136,OR6T1,1
7418,7136,OR6T1,1
7419,7136,OR6V1,1
7420,7136,OR6X1,1
7421,7136,OR6Y1_OR6Y2,0
7422,7136,OR7A10,0
7423,7136,OR7A17,0
7424,7136,OR7A5,0
7425,7136,OR7C1_OR7C4,0
7426,7136,OR7D2,0
7427,7136,OR7D4_OR7D4P,0
7428,7136,OR7E24_OR7E24P,0
7429,7136,OR7G2,0
7430,7136,OR7G3,1
7431,7136,OR8A1,0
7432,7136,OR8B12,1
7433,7136,OR8B2,1
7434,7136,OR8B3,1
7435,7136,OR8B4_OR8B4P,0
7436,7136,OR8B8,0
7437,7136,OR8D1_OR8D3,0
7438,7136,OR8D2,0
7439,7136,OR8D4,0
7440,7136,OR8G1_OR8G1P,0
7441,7136,OR8G5_OR8G5P_OR8G6,0
7442,7136,OR8H1,0
7443,7136,OR8H2,0
7444,7136,OR8H3,0
7445,7136,OR8I2,0
7446,7136,OR8J1,0
7447,7136,OR8J3,0
7448,7136,OR8K1,0
7449,7136,OR8K3,0
7450,7136,OR8K5,0
7451,7136,OR8S1,0
7452,7136,OR8U1,0
7453,7136,OR8U3_OR5R1_OR5R1P,0
7454,7136,OR8U8,0
7455,7136,OR8U9,0
7456,7136,OR9A2,0
7457,7136,OR9A4,0
7458,7136,OR9G4,0
7459,7136,OR9G9,1
7460,7136,OR9I1,0
7461,7136,OR9K2,0
7462,7136,OR9Q1,1
7463,7136,OR9Q2,0
7464,7136,OR9Q2_OR9Q2P,0
7465,7144,OR10A2_OR10A2P,0
7466,7144,OR10A3,0
7467,7144,OR10A4_OR10A4P,0
7468,7144,OR10A5_OR10A1,0
7469,7144,OR10A6,0
7470,7144,OR10A7,0
7471,7144,OR10AD1_OR10AD1P,0
7472,7144,OR10AG1,0
7473,7144,OR10C1_OR10C2,0
7474,7144,OR10D3,0
7475,7144,OR10G3,0
7476,7144,OR10G4,1
7477,7144,OR10G4,1
7478,7144,OR10G4,1
7479,7144,OR10G4,1
7480,7144,OR10G4,1
7481,7144,OR10G6_OR10G6P,0
7482,7144,OR10G7,1
7483,7144,OR10G7,1
7484,7144,OR10G7,1
7485,7144,OR10G7,1
7486,7144,OR10G7,1
7487,7144,OR10G8,0
7488,7144,OR10G9_OR10G10P,0
7489,7144,OR10H1,0
7490,7144,OR10H2,0
7491,7144,OR10H3,0
7492,7144,OR10H4,0
7493,7144,OR10H5,0
7494,7144,OR10J1,0
7495,7144,OR10J3_OR10J3P,0
7496,7144,OR10J5,0
7497,7144,OR10K1,0
7498,7144,OR10K2,0
7499,7144,OR10P1_OR10P1P_OR10P2P_OR10P3P,0
7500,7144,OR10Q1,0
7501,7144,OR10R2,0
7502,7144,OR10T2,0
7503,7144,OR10V1,0
7504,7144,OR10W1_OR10W1P,0
7505,7144,OR10X1_OR10X1P,0
7506,7144,OR10Z1,0
7507,7144,OR11A1_OR11A2,0
7508,7144,OR11G2,0
7509,7144,OR11H1,0
7510,7144,OR11H12,0
7511,7144,OR11H2_OR11H2P,0
7512,7144,OR11H4,0
7513,7144,OR11H6,0
7514,7144,OR11L1,0
7515,7144,OR12D2,0
7516,7144,OR12D3,0
7517,7144,OR13A1,0
7518,7144,OR13C2,0
7519,7144,OR13C3,0
7520,7144,OR13C4,0
7521,7144,OR13C5,0
7522,7144,OR13C8,0
7523,7144,OR13C9,0
7524,7144,OR13D1,0
7525,7144,OR13F1,0
7526,7144,OR13G1,0
7527,7144,OR13H1,0
7528,7144,OR13J1,0
7529,7144,OR14A2_OR5AX1_OR5AX1P,0
7530,7144,OR14C36_OR5BF1,0
7531,7144,OR14I1_OR5BU1_OR5BU1P,0
7532,7144,OR14J1_OR5U1,0
7533,7144,OR14K1_OR5AY1,0
7534,7144,OR14L1_OR14L1P_OR5AV1P,0
7535,7144,OR1A1,0
7536,7144,OR1A2,0
7537,7144,OR1C1,0
7538,7144,OR1D2,0
7539,7144,OR1D5,0
7540,7144,OR1E1_OR1E5_OR1E6_OR1E9P,0
7541,7144,OR1E2_OR1E4,0
7542,7144,OR1F1,0
7543,7144,OR1F12P_OR1F12,0
7544,7144,OR1G1_OR1G2,0
7545,7144,OR1I1,0
7546,7144,OR1J1,0
7547,7144,OR1J2_OR1J3_OR1J5,0
7548,7144,OR1J4,0
7549,7144,OR1K1,0
7550,7144,OR1L1_OR1L2,0
7551,7144,OR1L3,0
7552,7144,OR1L4_OR1L5,0
7553,7144,OR1L6_OR1L7,0
7554,7144,OR1L8,0
7555,7144,OR1M1,0
7556,7144,OR1N1_OR1N3,0
7557,7144,OR1N2,0
7558,7144,OR1Q1_OR1Q2_OR1Q3,0
7559,7144,OR1S1,0
7560,7144,OR1S2,0
7561,7144,OR2A1,0
7562,7144,OR2A12_OR2A12P,0
7563,7144,OR2A14,0
7564,7144,OR2A14_OR2A14P_OR2A6,0
7565,7144,OR2A25_OR2A25P_OR2A27,0
7566,7144,OR2A2_OR2A17P_OR2A2P,0
7567,7144,OR2A4_OR2A10,0
7568,7144,OR2A5_OR2A26_OR2A8,0
7569,7144,OR2A7,0
7570,7144,OR2AE1_OR2AE2,0
7571,7144,OR2AG1_OR2AG3,0
7572,7144,OR2AG2_OR2AG2P,0
7573,7144,OR2AJ1_OR2AJ1P,0
7574,7144,OR2AK2_OR2AK1P,0
7575,7144,OR2AP1_OR2AP1P,0
7576,7144,OR2AT4,0
7577,7144,OR2B11,0
7578,7144,OR2B2_OR2B9,0
7579,7144,OR2B3_OR2B3P,0
7580,7144,OR2B6,0
7581,7144,OR2B8P_OR2B8,0
7582,7144,OR2C1,1
7583,7144,OR2C1,1
7584,7144,OR2C3_OR2C4_OR2C5P,0
7585,7144,OR2D2_OR2D1,0
7586,7144,OR2D3,0
7587,7144,OR2F1_OR2F3_OR2F3P_OR2F4_OR2F5,0
7588,7144,OR2F2,0
7589,7144,OR2G2,0
7590,7144,OR2G3,0
7591,7144,OR2G6,0
7592,7144,OR2H1_OR2H6_OR2H8,0
7593,7144,OR2H2_OR2H3,0
7594,7144,OR2J1_OR2J1P,0
7595,7144,OR2J2,1
7596,7144,OR2J3,1
7597,7144,OR2K2_OR2AR1P,0
7598,7144,OR2L13_OR2L14,0
7599,7144,OR2L2_OR2L12_OR2L4P,0
7600,7144,OR2L3,0
7601,7144,OR2L5_OR2L11,0
7602,7144,OR2L8,0
7603,7144,OR2M2,0
7604,7144,OR2M3_OR2M3P_OR2M6,0
7605,7144,OR2M4,0
7606,7144,OR2M5,0
7607,7144,OR2M7,1
7608,7144,OR2S2,0
7609,7144,OR2T1,0
7610,7144,OR2T10,0
7611,7144,OR2T11,0
7612,7144,OR2T29,0
7613,7144,OR2T2_OR2T2P,0
7614,7144,OR2T3,0
7615,7144,OR2T33,0
7616,7144,OR2T34,0
7617,7144,OR2T35,0
7618,7144,OR2T4,0
7619,7144,OR2T5,0
7620,7144,OR2T6_OR2T6P_OR2T9,0
7621,7144,OR2T8_OR2T8P,0
7622,7144,OR2V1,0
7623,7144,OR2V2_OR2V3,0
7624,7144,OR2W1,1
7625,7144,OR2W3_OR2W3P_OR2W8P,0
7626,7144,OR2W5P_OR2W5,0
7627,7144,OR2Y1,0
7628,7144,OR2Z1_OR2Z2,0
7629,7144,OR3A1,0
7630,7144,OR3A2,0
7631,7144,OR3A3_OR3A6_OR3A7_OR3A8P,0
7632,7144,OR3A4P_OR3A4_OR3A5P,0
7633,7144,OR4A15,0
7634,7144,OR4A16,0
7635,7144,OR4A47,0
7636,7144,OR4A4P,0
7637,7144,OR4A5,0
7638,7144,OR4B1,0
7639,7144,OR4C11_OR4C11P,0
7640,7144,OR4C12,0
7641,7144,OR4C15,0
7642,7144,OR4C16,0
7643,7144,OR4C3,0
7644,7144,OR4C46,0
7645,7144,OR4C5,0
7646,7144,OR4C6,0
7647,7144,OR4D10_OR4D10P,0
7648,7144,OR4D1_OR4D3,0
7649,7144,OR4D2,0
7650,7144,OR4D5,0
7651,7144,OR4D6,0
7652,7144,OR4D9,0
7653,7144,OR4E2,0
7654,7144,OR4F14,0
7655,7144,OR4F15,0
7656,7144,OR4F17_OR4F11P_OR4F18_OR4F19,1
7657,7144,OR4F21_OR4F21P,0
7658,7144,OR4F3,0
7659,7144,OR4F4,1
7660,7144,OR4F6_OR4F12,0
7661,7144,OR4K1,0
7662,7144,OR4K13,0
7663,7144,OR4K15,0
7664,7144,OR4K17,0
7665,7144,OR4K2,0
7666,7144,OR4K3_OR4K3P,0
7667,7144,OR4K5,0
7668,7144,OR4L1_OR4L2P,0
7669,7144,OR4M1,0
7670,7144,OR4M2B,0
7671,7144,OR4N2,0
7672,7144,OR4N4,0
7673,7144,OR4P4_OR4P3P,0
7674,7144,OR4Q3_OR4Q4,0
7675,7144,OR4S1,0
7676,7144,OR4S2_OR4S2P,0
7677,7144,OR4X1,1
7678,7144,OR4X2,0
7679,7144,OR51A2,0
7680,7144,OR51A4,0
7681,7144,OR51B2_OR51B1P,0
7682,7144,OR51B4,0
7683,7144,OR51B5,0
7684,7144,OR51B6,0
7685,7144,OR51D1,0
7686,7144,OR51E1_OR51E1P_OR52A3P,0
7687,7144,OR51E2,0
7688,7144,OR51F1_OR51F1P,0
7689,7144,OR51F2,0
7690,7144,OR51G1_OR51G3P,0
7691,7144,OR51G2,0
7692,7144,OR51H1_OR51H1P,0
7693,7144,OR51I1,0
7694,7144,OR51I2,0
7695,7144,OR51J1_OR51J1P_OR51J2,0
7696,7144,OR51L1,0
7697,7144,OR51M1,0
7698,7144,OR51Q1,0
7699,7144,OR51S1,0
7700,7144,OR51T1,0
7701,7144,OR51V1_OR51A12,0
7702,7144,OR52A1,0
7703,7144,OR52A4P_OR52A4,0
7704,7144,OR52A5,0
7705,7144,OR52B2,0
7706,7144,OR52B4,0
7707,7144,OR52B6,0
7708,7144,OR52D1,0
7709,7144,OR52E2,0
7710,7144,OR52E4,0
7711,7144,OR52E5,0
7712,7144,OR52E6,0
7713,7144,OR52E8,0
7714,7144,OR52H1,0
7715,7144,OR52I2,0
7716,7144,OR52J3,0
7717,7144,OR52K1,0
7718,7144,OR52K2,0
7719,7144,OR52L1,0
7720,7144,OR52L2P_OR52L2,0
7721,7144,OR52M1_OR52M1P,0
7722,7144,OR52N1,1
7723,7144,OR52N2,0
7724,7144,OR52N4,0
7725,7144,OR52N5,0
7726,7144,OR52P1_OR52P1P,0
7727,7144,OR52R1,0
7728,7144,OR52W1_OR52W1P,0
7729,7144,OR56A1,0
7730,7144,OR56A3_OR56A3P_OR56A6,0
7731,7144,OR56A4,0
7732,7144,OR56A5_OR56A5P,0
7733,7144,OR56B1_OR56B1P,0
7734,7144,OR56B4,0
7735,7144,OR5A1_OR5A1P,0
7736,7144,OR5A2,0
7737,7144,OR5AC2,0
7738,7144,OR5AK2,0
7739,7144,OR5AK3P_OR5AK3,0
7740,7144,OR5AL1_OR5AL1P,0
7741,7144,OR5AN1,0
7742,7144,OR5AP2,0
7743,7144,OR5AR1,0
7744,7144,OR5AS1,0
7745,7144,OR5AU1,0
7746,7144,OR5B12_OR5B12P_OR5B16,0
7747,7144,OR5B17_OR5B20P,0
7748,7144,OR5B2,0
7749,7144,OR5B21,0
7750,7144,OR5B3_OR5B13,0
7751,7144,OR5C1_OR5C2P,0
7752,7144,OR5D13,0
7753,7144,OR5D14,0
7754,7144,OR5D16,0
7755,7144,OR5D18,0
7756,7144,OR5F1,0
7757,7144,OR5H1,0
7758,7144,OR5H14,0
7759,7144,OR5H2,0
7760,7144,OR5H6,0
7761,7144,OR5I1,0
7762,7144,OR5J2,1
7763,7144,OR5J2,1
7764,7144,OR5K1,0
7765,7144,OR5K2,0
7766,7144,OR5K3,0
7767,7144,OR5K4,0
7768,7144,OR5L1,0
7769,7144,OR5M1,0
7770,7144,OR5M10,0
7771,7144,OR5M11,0
7772,7144,OR5M3,0
7773,7144,OR5M8,0
7774,7144,OR5M9,0
7775,7144,OR5P2,0
7776,7144,OR5P3,0
7777,7144,OR5T1_OR5T1P,0
7778,7144,OR5T2,0
7779,7144,OR5T3,0
7780,7144,OR5V1,0
7781,7144,OR5W2_OR5W2P_OR5W3P,0
7782,7144,OR6A2_OR6A1_OR6A2P,0
7783,7144,OR6B1,0
7784,7144,OR6B2_OR6B2P,0
7785,7144,OR6B3_OR6B3P,0
7786,7144,OR6C1,0
7787,7144,OR6C2,0
7788,7144,OR6C3,0
7789,7144,OR6C4,0
7790,7144,OR6C6,0
7791,7144,OR6C65,0
7792,7144,OR6C68,0
7793,7144,OR6C70,0
7794,7144,OR6C74,0
7795,7144,OR6C75,0
7796,7144,OR6C76,0
7797,7144,OR6F1,0
7798,7144,OR6J1_OR6J2,0
7799,7144,OR6K2,0
7800,7144,OR6K3,0
7801,7144,OR6K6,0
7802,7144,OR6M1,0
7803,7144,OR6N1,0
7804,7144,OR6N2,0
7805,7144,OR6P1,0
7806,7144,OR6Q1,0
7807,7144,OR6S1,0
7808,7144,OR6T1,0
7809,7144,OR6V1,0
7810,7144,OR6X1,0
7811,7144,OR6Y1_OR6Y2,0
7812,7144,OR7A10,0
7813,7144,OR7A17,0
7814,7144,OR7A5,0
7815,7144,OR7C1_OR7C4,0
7816,7144,OR7D2,0
7817,7144,OR7D4_OR7D4P,0
7818,7144,OR7E24_OR7E24P,0
7819,7144,OR7G2,0
7820,7144,OR7G3,0
7821,7144,OR8A1,0
7822,7144,OR8B12,0
7823,7144,OR8B2,0
7824,7144,OR8B3,0
7825,7144,OR8B4_OR8B4P,0
7826,7144,OR8B8,0
7827,7144,OR8D1_OR8D3,0
7828,7144,OR8D2,0
7829,7144,OR8D4,0
7830,7144,OR8G1_OR8G1P,0
7831,7144,OR8G5_OR8G5P_OR8G6,0
7832,7144,OR8H1,0
7833,7144,OR8H2,0
7834,7144,OR8H3,0
7835,7144,OR8I2,0
7836,7144,OR8J1,0
7837,7144,OR8J3,0
7838,7144,OR8K1,0
7839,7144,OR8K3,0
7840,7144,OR8K5,0
7841,7144,OR8S1,0
7842,7144,OR8U1,0
7843,7144,OR8U3_OR5R1_OR5R1P,0
7844,7144,OR8U8,0
7845,7144,OR8U9,0
7846,7144,OR9A2,0
7847,7144,OR9A4,0
7848,7144,OR9G4,0
7849,7144,OR9G9,0
7850,7144,OR9I1,0
7851,7144,OR9K2,0
7852,7144,OR9Q1,0
7853,7144,OR9Q2,0
7854,7144,OR9Q2_OR9Q2P,0
7855,7147,OR3A1,0
7856,7150,OR10A2_OR10A2P,0
7857,7150,OR10A3,0
7858,7150,OR10A5_OR10A1,0
7859,7150,OR10A6,0
7860,7150,OR10A7,0
7861,7150,OR10AD1_OR10AD1P,0
7862,7150,OR10AG1,0
7863,7150,OR10C1_OR10C2,0
7864,7150,OR10D3,0
7865,7150,OR10G3,0
7866,7150,OR10G6_OR10G6P,0
7867,7150,OR10G8,0
7868,7150,OR10G9_OR10G10P,0
7869,7150,OR10H1,0
7870,7150,OR10H2,0
7871,7150,OR10H3,0
7872,7150,OR10H4,0
7873,7150,OR10H5,0
7874,7150,OR10J5,0
7875,7150,OR10K1,1
7876,7150,OR10K2,1
7877,7150,OR10P1_OR10P1P_OR10P2P_OR10P3P,0
7878,7150,OR10Q1,0
7879,7150,OR10R2,0
7880,7150,OR10T2,0
7881,7150,OR10V1,0
7882,7150,OR10W1_OR10W1P,0
7883,7150,OR10X1_OR10X1P,0
7884,7150,OR10Z1,0
7885,7150,OR11A1_OR11A2,0
7886,7150,OR11H12,0
7887,7150,OR11H2_OR11H2P,0
7888,7150,OR11H4,0
7889,7150,OR11H6,0
7890,7150,OR11L1,0
7891,7150,OR12D2,0
7892,7150,OR12D3,0
7893,7150,OR13A1,0
7894,7150,OR13C3,0
7895,7150,OR13C4,0
7896,7150,OR13C5,0
7897,7150,OR13C8,0
7898,7150,OR13C9,0
7899,7150,OR13D1,0
7900,7150,OR13F1,0
7901,7150,OR13G1,0
7902,7150,OR13H1,0
7903,7150,OR13J1,0
7904,7150,OR14A2_OR5AX1_OR5AX1P,0
7905,7150,OR14C36_OR5BF1,0
7906,7150,OR14I1_OR5BU1_OR5BU1P,0
7907,7150,OR14J1_OR5U1,0
7908,7150,OR14K1_OR5AY1,0
7909,7150,OR14L1_OR14L1P_OR5AV1P,0
7910,7150,OR1A1,0
7911,7150,OR1A2,0
7912,7150,OR1C1,1
7913,7150,OR1D2,0
7914,7150,OR1D5,0
7915,7150,OR1E1_OR1E5_OR1E6_OR1E9P,0
7916,7150,OR1E2_OR1E4,0
7917,7150,OR1F1,0
7918,7150,OR1G1_OR1G2,0
7919,7150,OR1I1,0
7920,7150,OR1J2_OR1J3_OR1J5,0
7921,7150,OR1J4,0
7922,7150,OR1K1,0
7923,7150,OR1L1_OR1L2,0
7924,7150,OR1L3,0
7925,7150,OR1L4_OR1L5,0
7926,7150,OR1L6_OR1L7,0
7927,7150,OR1L8,0
7928,7150,OR1M1,0
7929,7150,OR1N1_OR1N3,0
7930,7150,OR1N2,0
7931,7150,OR1Q1_OR1Q2_OR1Q3,0
7932,7150,OR1S2,0
7933,7150,OR2A1,1
7934,7150,OR2A12_OR2A12P,1
7935,7150,OR2A14_OR2A14P_OR2A6,0
7936,7150,OR2A25_OR2A25P_OR2A27,0
7937,7150,OR2A2_OR2A17P_OR2A2P,0
7938,7150,OR2A4_OR2A10,0
7939,7150,OR2A5_OR2A26_OR2A8,0
7940,7150,OR2A7,0
7941,7150,OR2AE1_OR2AE2,0
7942,7150,OR2AG1_OR2AG3,0
7943,7150,OR2AG2_OR2AG2P,0
7944,7150,OR2AJ1_OR2AJ1P,0
7945,7150,OR2AK2_OR2AK1P,0
7946,7150,OR2AP1_OR2AP1P,0
7947,7150,OR2AT4,0
7948,7150,OR2B11,0
7949,7150,OR2B2_OR2B9,0
7950,7150,OR2B3_OR2B3P,1
7951,7150,OR2B6,0
7952,7150,OR2B8P_OR2B8,1
7953,7150,OR2C1,0
7954,7150,OR2D3,0
7955,7150,OR2F1_OR2F3_OR2F3P_OR2F4_OR2F5,0
7956,7150,OR2F2,0
7957,7150,OR2G2,0
7958,7150,OR2G3,0
7959,7150,OR2G6,0
7960,7150,OR2H1_OR2H6_OR2H8,0
7961,7150,OR2H2_OR2H3,1
7962,7150,OR2J1_OR2J1P,0
7963,7150,OR2J2,1
7964,7150,OR2K2_OR2AR1P,0
7965,7150,OR2L13_OR2L14,0
7966,7150,OR2L2_OR2L12_OR2L4P,0
7967,7150,OR2L3,0
7968,7150,OR2L8,0
7969,7150,OR2M2,0
7970,7150,OR2M3_OR2M3P_OR2M6,0
7971,7150,OR2M4,1
7972,7150,OR2M5,0
7973,7150,OR2M7,0
7974,7150,OR2S2,0
7975,7150,OR2T1,0
7976,7150,OR2T10,1
7977,7150,OR2T11,1
7978,7150,OR2T29,1
7979,7150,OR2T3,0
7980,7150,OR2T34,1
7981,7150,OR2T4,0
7982,7150,OR2T5,0
7983,7150,OR2T6_OR2T6P_OR2T9,0
7984,7150,OR2V2_OR2V3,0
7985,7150,OR2W1,1
7986,7150,OR2W1,1
7987,7150,OR2W1,1
7988,7150,OR2W1,1
7989,7150,OR2W1,1
7990,7150,OR2W3_OR2W3P_OR2W8P,0
7991,7150,OR2W5P_OR2W5,0
7992,7150,OR2Y1,1
7993,7150,OR2Z1_OR2Z2,0
7994,7150,OR3A1,0
7995,7150,OR3A2,0
7996,7150,OR4A15,0
7997,7150,OR4A16,0
7998,7150,OR4A4P,0
7999,7150,OR4A5,1
8000,7150,OR4B1,0
8001,7150,OR4C11_OR4C11P,0
8002,7150,OR4C12,0
8003,7150,OR4C15,0
8004,7150,OR4C3,0
8005,7150,OR4C46,0
8006,7150,OR4C5,0
8007,7150,OR4D10_OR4D10P,0
8008,7150,OR4D1_OR4D3,0
8009,7150,OR4D2,0
8010,7150,OR4D6,0
8011,7150,OR4D9,0
8012,7150,OR4E2,0
8013,7150,OR4F14,1
8014,7150,OR4F15,0
8015,7150,OR4F17_OR4F11P_OR4F18_OR4F19,0
8016,7150,OR4F3,0
8017,7150,OR4F6_OR4F12,0
8018,7150,OR4K1,0
8019,7150,OR4K13,0
8020,7150,OR4K17,0
8021,7150,OR4K2,0
8022,7150,OR4K3_OR4K3P,0
8023,7150,OR4K5,1
8024,7150,OR4L1_OR4L2P,0
8025,7150,OR4M2B,0
8026,7150,OR4N2,0
8027,7150,OR4N4,0
8028,7150,OR4P4_OR4P3P,0
8029,7150,OR4Q3_OR4Q4,0
8030,7150,OR4S1,0
8031,7150,OR4S2_OR4S2P,0
8032,7150,OR4X1,0
8033,7150,OR4X2,0
8034,7150,OR51A4,0
8035,7150,OR51D1,0
8036,7150,OR51E1_OR51E1P_OR52A3P,1
8037,7150,OR51E2,0
8038,7150,OR51F1_OR51F1P,0
8039,7150,OR51F2,0
8040,7150,OR51G1_OR51G3P,0
8041,7150,OR51G2,0
8042,7150,OR51H1_OR51H1P,0
8043,7150,OR51I2,0
8044,7150,OR51L1,0
8045,7150,OR51Q1,0
8046,7150,OR51T1,0
8047,7150,OR52A1,0
8048,7150,OR52B2,0
8049,7150,OR52B4,0
8050,7150,OR52B6,0
8051,7150,OR52D1,0
8052,7150,OR52E2,0
8053,7150,OR52E6,0
8054,7150,OR52E8,0
8055,7150,OR52I2,0
8056,7150,OR52K1,0
8057,7150,OR52K2,0
8058,7150,OR52M1_OR52M1P,0
8059,7150,OR52N1,0
8060,7150,OR52P1_OR52P1P,0
8061,7150,OR56A1,0
8062,7150,OR56A3_OR56A3P_OR56A6,0
8063,7150,OR56B1_OR56B1P,0
8064,7150,OR56B4,0
8065,7150,OR5A1_OR5A1P,0
8066,7150,OR5A2,0
8067,7150,OR5AC2,0
8068,7150,OR5AK2,0
8069,7150,OR5AK3P_OR5AK3,0
8070,7150,OR5AL1_OR5AL1P,0
8071,7150,OR5AN1,0
8072,7150,OR5AP2,0
8073,7150,OR5AR1,0
8074,7150,OR5AS1,0
8075,7150,OR5AU1,0
8076,7150,OR5B17_OR5B20P,0
8077,7150,OR5B2,0
8078,7150,OR5B21,0
8079,7150,OR5B3_OR5B13,0
8080,7150,OR5C1_OR5C2P,0
8081,7150,OR5D13,0
8082,7150,OR5D16,0
8083,7150,OR5D18,0
8084,7150,OR5F1,0
8085,7150,OR5H1,0
8086,7150,OR5H14,0
8087,7150,OR5H2,1
8088,7150,OR5H6,1
8089,7150,OR5I1,0
8090,7150,OR5K1,0
8091,7150,OR5K2,0
8092,7150,OR5K3,0
8093,7150,OR5L1,0
8094,7150,OR5M1,0
8095,7150,OR5M3,0
8096,7150,OR5M8,0
8097,7150,OR5M9,0
8098,7150,OR5P2,0
8099,7150,OR5P3,1
8100,7150,OR5P3,1
8101,7150,OR5P3,1
8102,7150,OR5T1_OR5T1P,0
8103,7150,OR5T2,0
8104,7150,OR5T3,0
8105,7150,OR5V1,1
8106,7150,OR5W2_OR5W2P_OR5W3P,0
8107,7150,OR6A2_OR6A1_OR6A2P,0
8108,7150,OR6B1,0
8109,7150,OR6B2_OR6B2P,0
8110,7150,OR6B3_OR6B3P,0
8111,7150,OR6C1,0
8112,7150,OR6C2,0
8113,7150,OR6C3,0
8114,7150,OR6C4,0
8115,7150,OR6C6,0
8116,7150,OR6C65,0
8117,7150,OR6C70,0
8118,7150,OR6C74,0
8119,7150,OR6C75,0
8120,7150,OR6C76,0
8121,7150,OR6F1,1
8122,7150,OR6K2,0
8123,7150,OR6K3,0
8124,7150,OR6K6,0
8125,7150,OR6M1,0
8126,7150,OR6N1,0
8127,7150,OR6N2,0
8128,7150,OR6P1,1
8129,7150,OR6S1,0
8130,7150,OR6T1,0
8131,7150,OR6Y1_OR6Y2,1
8132,7150,OR7A10,1
8133,7150,OR7A17,0
8134,7150,OR7A5,0
8135,7150,OR7C1_OR7C4,0
8136,7150,OR7D2,0
8137,7150,OR7D4_OR7D4P,0
8138,7150,OR7E24_OR7E24P,0
8139,7150,OR7G2,0
8140,7150,OR7G3,0
8141,7150,OR8A1,0
8142,7150,OR8B4_OR8B4P,0
8143,7150,OR8B8,0
8144,7150,OR8D1_OR8D3,0
8145,7150,OR8D2,0
8146,7150,OR8D4,1
8147,7150,OR8G1_OR8G1P,0
8148,7150,OR8G5_OR8G5P_OR8G6,0
8149,7150,OR8H1,0
8150,7150,OR8H2,0
8151,7150,OR8H3,0
8152,7150,OR8I2,0
8153,7150,OR8J1,0
8154,7150,OR8J3,0
8155,7150,OR8K1,0
8156,7150,OR8K3,0
8157,7150,OR8K5,0
8158,7150,OR8S1,0
8159,7150,OR8U1,0
8160,7150,OR8U3_OR5R1_OR5R1P,0
8161,7150,OR8U8,0
8162,7150,OR8U9,0
8163,7150,OR9A2,0
8164,7150,OR9A4,0
8165,7150,OR9G4,0
8166,7150,OR9G9,1
8167,7150,OR9I1,0
8168,7150,OR9K2,0
8169,7150,OR9Q2,0
8170,7150,OR9Q2_OR9Q2P,0
8171,7151,OR1D2,1
8172,7165,OR1A1,0
8173,7165,OR2M3_OR2M3P_OR2M6,0
8174,7165,OR2W1,1
8175,7165,OR2W1,1
8176,7165,OR2W1,1
8177,7165,OR5K1,0
8178,7165,OR5M3,0
8179,7165,OR8D1_OR8D3,0
8180,7222,OR1G1_OR1G2,1
8181,7222,OR52D1,1
8182,7284,OR1A1,0
8183,7284,OR2M3_OR2M3P_OR2M6,0
8184,7284,OR2W1,0
8185,7284,OR5K1,0
8186,7284,OR5M3,0
8187,7284,OR8D1_OR8D3,0
8188,7341,OR51E1_OR51E1P_OR52A3P,1
8189,7341,OR51E1_OR51E1P_OR52A3P,1
8190,7342,OR10J5,0
8191,7342,OR1A1,0
8192,7342,OR1G1_OR1G2,0
8193,7342,OR2C1,0
8194,7342,OR2J2,0
8195,7342,OR2M3_OR2M3P_OR2M6,0
8196,7342,OR2M7,0
8197,7342,OR2W1,1
8198,7342,OR2W1,1
8199,7342,OR51E1_OR51E1P_OR52A3P,0
8200,7342,OR51E2,0
8201,7342,OR51L1,0
8202,7342,OR52D1,0
8203,7342,OR5K1,0
8204,7342,OR5M3,0
8205,7342,OR5P3,0
8206,7342,OR8D1_OR8D3,0
8207,7361,OR2W1,1
8208,7361,OR2W1,1
8209,7362,OR2W1,0
8210,7363,OR1A1,0
8211,7363,OR2M3_OR2M3P_OR2M6,0
8212,7363,OR2W1,1
8213,7363,OR2W1,1
8214,7363,OR2W1,1
8215,7363,OR5K1,0
8216,7363,OR5M3,0
8217,7363,OR8D1_OR8D3,0
8218,7366,OR2A7,1
8219,7366,OR2T4,0
8220,7406,OR1D2,0
8221,7410,OR10A2_OR10A2P,0
8222,7410,OR10A3,0
8223,7410,OR10A5_OR10A1,0
8224,7410,OR10A6,0
8225,7410,OR10A7,0
8226,7410,OR10AD1_OR10AD1P,0
8227,7410,OR10AG1,0
8228,7410,OR10C1_OR10C2,0
8229,7410,OR10D3,0
8230,7410,OR10G3,0
8231,7410,OR10G6_OR10G6P,0
8232,7410,OR10G7,1
8233,7410,OR10G7,1
8234,7410,OR10G8,0
8235,7410,OR10G9_OR10G10P,0
8236,7410,OR10H1,1
8237,7410,OR10H2,0
8238,7410,OR10H3,0
8239,7410,OR10H4,0
8240,7410,OR10H5,0
8241,7410,OR10J5,0
8242,7410,OR10K1,0
8243,7410,OR10K2,0
8244,7410,OR10P1_OR10P1P_OR10P2P_OR10P3P,0
8245,7410,OR10Q1,0
8246,7410,OR10R2,0
8247,7410,OR10T2,0
8248,7410,OR10V1,0
8249,7410,OR10W1_OR10W1P,0
8250,7410,OR10X1_OR10X1P,0
8251,7410,OR10Z1,0
8252,7410,OR11A1_OR11A2,0
8253,7410,OR11H12,1
8254,7410,OR11H2_OR11H2P,0
8255,7410,OR11H4,0
8256,7410,OR11H6,0
8257,7410,OR11L1,0
8258,7410,OR12D2,0
8259,7410,OR12D3,0
8260,7410,OR13A1,0
8261,7410,OR13C3,1
8262,7410,OR13C4,0
8263,7410,OR13C5,0
8264,7410,OR13C8,0
8265,7410,OR13C9,0
8266,7410,OR13D1,0
8267,7410,OR13F1,0
8268,7410,OR13G1,0
8269,7410,OR13H1,0
8270,7410,OR13J1,0
8271,7410,OR14A2_OR5AX1_OR5AX1P,1
8272,7410,OR14C36_OR5BF1,0
8273,7410,OR14I1_OR5BU1_OR5BU1P,0
8274,7410,OR14J1_OR5U1,1
8275,7410,OR14K1_OR5AY1,0
8276,7410,OR14L1_OR14L1P_OR5AV1P,0
8277,7410,OR1A1,1
8278,7410,OR1A2,0
8279,7410,OR1C1,0
8280,7410,OR1D2,0
8281,7410,OR1D5,0
8282,7410,OR1E1_OR1E5_OR1E6_OR1E9P,0
8283,7410,OR1E2_OR1E4,0
8284,7410,OR1F1,0
8285,7410,OR1G1_OR1G2,1
8286,7410,OR1I1,0
8287,7410,OR1J2_OR1J3_OR1J5,0
8288,7410,OR1J4,0
8289,7410,OR1K1,0
8290,7410,OR1L1_OR1L2,0
8291,7410,OR1L3,0
8292,7410,OR1L4_OR1L5,0
8293,7410,OR1L6_OR1L7,0
8294,7410,OR1L8,0
8295,7410,OR1M1,0
8296,7410,OR1N1_OR1N3,0
8297,7410,OR1N2,0
8298,7410,OR1Q1_OR1Q2_OR1Q3,0
8299,7410,OR1S2,0
8300,7410,OR2A1,1
8301,7410,OR2A12_OR2A12P,0
8302,7410,OR2A14_OR2A14P_OR2A6,0
8303,7410,OR2A25_OR2A25P_OR2A27,0
8304,7410,OR2A2_OR2A17P_OR2A2P,0
8305,7410,OR2A4_OR2A10,0
8306,7410,OR2A5_OR2A26_OR2A8,0
8307,7410,OR2A7,0
8308,7410,OR2AE1_OR2AE2,0
8309,7410,OR2AG1_OR2AG3,0
8310,7410,OR2AG2_OR2AG2P,0
8311,7410,OR2AJ1_OR2AJ1P,0
8312,7410,OR2AK2_OR2AK1P,0
8313,7410,OR2AP1_OR2AP1P,0
8314,7410,OR2AT4,0
8315,7410,OR2B11,0
8316,7410,OR2B2_OR2B9,0
8317,7410,OR2B3_OR2B3P,0
8318,7410,OR2B6,0
8319,7410,OR2B8P_OR2B8,0
8320,7410,OR2C1,1
8321,7410,OR2C1,1
8322,7410,OR2D3,0
8323,7410,OR2F1_OR2F3_OR2F3P_OR2F4_OR2F5,0
8324,7410,OR2F2,0
8325,7410,OR2G2,0
8326,7410,OR2G3,0
8327,7410,OR2G6,0
8328,7410,OR2H1_OR2H6_OR2H8,0
8329,7410,OR2H2_OR2H3,0
8330,7410,OR2J1_OR2J1P,0
8331,7410,OR2J2,1
8332,7410,OR2J2,1
8333,7410,OR2J2,1
8334,7410,OR2J2,1
8335,7410,OR2J2,1
8336,7410,OR2J2,1
8337,7410,OR2K2_OR2AR1P,0
8338,7410,OR2L13_OR2L14,0
8339,7410,OR2L2_OR2L12_OR2L4P,0
8340,7410,OR2L3,0
8341,7410,OR2L8,0
8342,7410,OR2M2,0
8343,7410,OR2M3_OR2M3P_OR2M6,1
8344,7410,OR2M4,0
8345,7410,OR2M5,0
8346,7410,OR2M7,0
8347,7410,OR2S2,0
8348,7410,OR2T1,0
8349,7410,OR2T10,0
8350,7410,OR2T11,0
8351,7410,OR2T29,0
8352,7410,OR2T3,0
8353,7410,OR2T34,0
8354,7410,OR2T4,1
8355,7410,OR2T5,0
8356,7410,OR2T6_OR2T6P_OR2T9,0
8357,7410,OR2V2_OR2V3,0
8358,7410,OR2W1,1
8359,7410,OR2W1,1
8360,7410,OR2W1,1
8361,7410,OR2W1,1
8362,7410,OR2W1,1
8363,7410,OR2W1,1
8364,7410,OR2W3_OR2W3P_OR2W8P,0
8365,7410,OR2W5P_OR2W5,0
8366,7410,OR2Y1,0
8367,7410,OR2Z1_OR2Z2,1
8368,7410,OR3A1,1
8369,7410,OR3A2,1
8370,7410,OR4A15,0
8371,7410,OR4A16,0
8372,7410,OR4A4P,0
8373,7410,OR4A5,1
8374,7410,OR4B1,0
8375,7410,OR4C11_OR4C11P,0
8376,7410,OR4C12,0
8377,7410,OR4C15,0
8378,7410,OR4C3,0
8379,7410,OR4C46,0
8380,7410,OR4C5,0
8381,7410,OR4D10_OR4D10P,0
8382,7410,OR4D1_OR4D3,0
8383,7410,OR4D2,0
8384,7410,OR4D6,0
8385,7410,OR4D9,0
8386,7410,OR4E2,0
8387,7410,OR4F14,0
8388,7410,OR4F15,0
8389,7410,OR4F17_OR4F11P_OR4F18_OR4F19,0
8390,7410,OR4F3,0
8391,7410,OR4F6_OR4F12,0
8392,7410,OR4K1,0
8393,7410,OR4K13,0
8394,7410,OR4K17,0
8395,7410,OR4K2,0
8396,7410,OR4K3_OR4K3P,1
8397,7410,OR4K5,0
8398,7410,OR4L1_OR4L2P,0
8399,7410,OR4M2B,0
8400,7410,OR4N2,1
8401,7410,OR4N4,0
8402,7410,OR4P4_OR4P3P,0
8403,7410,OR4Q3_OR4Q4,0
8404,7410,OR4S1,0
8405,7410,OR4S2_OR4S2P,1
8406,7410,OR4X1,0
8407,7410,OR4X2,1
8408,7410,OR51A4,0
8409,7410,OR51D1,0
8410,7410,OR51E1_OR51E1P_OR52A3P,1
8411,7410,OR51E2,0
8412,7410,OR51F1_OR51F1P,0
8413,7410,OR51F2,0
8414,7410,OR51G1_OR51G3P,0
8415,7410,OR51G2,0
8416,7410,OR51H1_OR51H1P,0
8417,7410,OR51I2,0
8418,7410,OR51L1,0
8419,7410,OR51Q1,0
8420,7410,OR51T1,1
8421,7410,OR52A1,0
8422,7410,OR52B2,0
8423,7410,OR52B4,0
8424,7410,OR52B6,1
8425,7410,OR52D1,1
8426,7410,OR52E2,0
8427,7410,OR52E6,0
8428,7410,OR52E8,0
8429,7410,OR52I2,0
8430,7410,OR52K1,0
8431,7410,OR52K2,0
8432,7410,OR52M1_OR52M1P,0
8433,7410,OR52N1,0
8434,7410,OR52P1_OR52P1P,0
8435,7410,OR56A1,0
8436,7410,OR56A3_OR56A3P_OR56A6,0
8437,7410,OR56B1_OR56B1P,0
8438,7410,OR56B4,0
8439,7410,OR5A1_OR5A1P,0
8440,7410,OR5A2,1
8441,7410,OR5AC2,0
8442,7410,OR5AK2,0
8443,7410,OR5AK3P_OR5AK3,0
8444,7410,OR5AL1_OR5AL1P,0
8445,7410,OR5AN1,0
8446,7410,OR5AP2,0
8447,7410,OR5AR1,0
8448,7410,OR5AS1,0
8449,7410,OR5AU1,0
8450,7410,OR5B17_OR5B20P,0
8451,7410,OR5B2,0
8452,7410,OR5B21,0
8453,7410,OR5B3_OR5B13,0
8454,7410,OR5C1_OR5C2P,0
8455,7410,OR5D13,0
8456,7410,OR5D16,0
8457,7410,OR5D18,0
8458,7410,OR5F1,0
8459,7410,OR5H1,0
8460,7410,OR5H14,0
8461,7410,OR5H2,0
8462,7410,OR5H6,0
8463,7410,OR5I1,0
8464,7410,OR5K1,0
8465,7410,OR5K2,0
8466,7410,OR5K3,0
8467,7410,OR5L1,0
8468,7410,OR5M1,0
8469,7410,OR5M8,0
8470,7410,OR5M9,0
8471,7410,OR5P2,0
8472,7410,OR5P3,1
8473,7410,OR5P3,1
8474,7410,OR5P3,1
8475,7410,OR5P3,1
8476,7410,OR5T1_OR5T1P,0
8477,7410,OR5T2,0
8478,7410,OR5T3,0
8479,7410,OR5V1,0
8480,7410,OR5W2_OR5W2P_OR5W3P,0
8481,7410,OR6A2_OR6A1_OR6A2P,0
8482,7410,OR6B1,0
8483,7410,OR6B2_OR6B2P,0
8484,7410,OR6B3_OR6B3P,0
8485,7410,OR6C1,0
8486,7410,OR6C2,0
8487,7410,OR6C3,0
8488,7410,OR6C4,0
8489,7410,OR6C6,0
8490,7410,OR6C65,0
8491,7410,OR6C70,0
8492,7410,OR6C74,0
8493,7410,OR6C75,0
8494,7410,OR6C76,0
8495,7410,OR6F1,0
8496,7410,OR6K2,0
8497,7410,OR6K3,0
8498,7410,OR6K6,0
8499,7410,OR6M1,0
8500,7410,OR6N1,0
8501,7410,OR6N2,0
8502,7410,OR6P1,0
8503,7410,OR6S1,1
8504,7410,OR6T1,0
8505,7410,OR6Y1_OR6Y2,0
8506,7410,OR7A10,0
8507,7410,OR7A17,0
8508,7410,OR7A5,0
8509,7410,OR7C1_OR7C4,0
8510,7410,OR7D2,0
8511,7410,OR7D4_OR7D4P,1
8512,7410,OR7E24_OR7E24P,0
8513,7410,OR7G2,0
8514,7410,OR7G3,0
8515,7410,OR8A1,0
8516,7410,OR8B2,0
8517,7410,OR8B4_OR8B4P,0
8518,7410,OR8B8,0
8519,7410,OR8D1_OR8D3,0
8520,7410,OR8D2,0
8521,7410,OR8D4,0
8522,7410,OR8G1_OR8G1P,0
8523,7410,OR8G5_OR8G5P_OR8G6,0
8524,7410,OR8H1,0
8525,7410,OR8H2,0
8526,7410,OR8H3,0
8527,7410,OR8I2,0
8528,7410,OR8J1,0
8529,7410,OR8J3,0
8530,7410,OR8K1,0
8531,7410,OR8K3,0
8532,7410,OR8K5,0
8533,7410,OR8S1,0
8534,7410,OR8U1,0
8535,7410,OR8U3_OR5R1_OR5R1P,1
8536,7410,OR8U8,0
8537,7410,OR8U9,0
8538,7410,OR9A2,0
8539,7410,OR9A4,0
8540,7410,OR9G4,0
8541,7410,OR9G9,0
8542,7410,OR9I1,0
8543,7410,OR9K2,0
8544,7410,OR9Q2,0
8545,7410,OR9Q2_OR9Q2P,0
8546,7438,OR1A1,1
8547,7438,OR1A2,1
8548,7460,OR1A1,0
8549,7460,OR2M3_OR2M3P_OR2M6,0
8550,7460,OR2W1,1
8551,7463,OR10S1,0
8552,7463,OR2A1,0
8553,7463,OR2A7,0
8554,7463,OR2L13_OR2L14,0
8555,7463,OR2T4,1
8556,7463,OR2T4,1
8557,7463,OR2T4,1
8558,7463,OR2T4,1
8559,7463,OR2T4,1
8560,7463,OR2W3_OR2W3P_OR2W8P,0
8561,7463,OR51B5,0
8562,7463,OR8D1_OR8D3,0
8563,7476,OR1D2,1
8564,7509,OR2W1,1
8565,7509,OR2W1,1
8566,7509,OR2W1,1
8567,7519,OR1A1,0
8568,7519,OR1A2,0
8569,7519,OR1G1_OR1G2,0
8570,7519,OR52D1,1
8571,7557,OR3A1,0
8572,7583,OR10A2_OR10A2P,0
8573,7583,OR10A3,0
8574,7583,OR10A4_OR10A4P,0
8575,7583,OR10A5_OR10A1,0
8576,7583,OR10A6,0
8577,7583,OR10A7,0
8578,7583,OR10AD1_OR10AD1P,0
8579,7583,OR10AG1,0
8580,7583,OR10C1_OR10C2,0
8581,7583,OR10D3,0
8582,7583,OR10G3,0
8583,7583,OR10G4,0
8584,7583,OR10G6_OR10G6P,0
8585,7583,OR10G7,0
8586,7583,OR10G8,0
8587,7583,OR10G9_OR10G10P,0
8588,7583,OR10H1,0
8589,7583,OR10H2,0
8590,7583,OR10H3,0
8591,7583,OR10H4,0
8592,7583,OR10H5,0
8593,7583,OR10J1,0
8594,7583,OR10J3_OR10J3P,0
8595,7583,OR10J5,0
8596,7583,OR10K1,0
8597,7583,OR10K2,0
8598,7583,OR10P1_OR10P1P_OR10P2P_OR10P3P,0
8599,7583,OR10Q1,0
8600,7583,OR10R2,0
8601,7583,OR10T2,0
8602,7583,OR10V1,0
8603,7583,OR10W1_OR10W1P,0
8604,7583,OR10X1_OR10X1P,0
8605,7583,OR10Z1,0
8606,7583,OR11A1_OR11A2,0
8607,7583,OR11G2,0
8608,7583,OR11H1,0
8609,7583,OR11H12,0
8610,7583,OR11H2_OR11H2P,0
8611,7583,OR11H4,0
8612,7583,OR11H6,0
8613,7583,OR11L1,0
8614,7583,OR12D2,0
8615,7583,OR12D3,0
8616,7583,OR13A1,0
8617,7583,OR13C2,0
8618,7583,OR13C3,0
8619,7583,OR13C4,0
8620,7583,OR13C5,0
8621,7583,OR13C8,0
8622,7583,OR13C9,0
8623,7583,OR13D1,0
8624,7583,OR13F1,0
8625,7583,OR13G1,0
8626,7583,OR13H1,0
8627,7583,OR13J1,0
8628,7583,OR14A2_OR5AX1_OR5AX1P,0
8629,7583,OR14C36_OR5BF1,0
8630,7583,OR14I1_OR5BU1_OR5BU1P,0
8631,7583,OR14J1_OR5U1,0
8632,7583,OR14K1_OR5AY1,0
8633,7583,OR14L1_OR14L1P_OR5AV1P,0
8634,7583,OR1A1,1
8635,7583,OR1A1,1
8636,7583,OR1A1,1
8637,7583,OR1A2,0
8638,7583,OR1C1,0
8639,7583,OR1D2,0
8640,7583,OR1D5,0
8641,7583,OR1E1_OR1E5_OR1E6_OR1E9P,0
8642,7583,OR1E2_OR1E4,0
8643,7583,OR1F1,0
8644,7583,OR1F12P_OR1F12,0
8645,7583,OR1G1_OR1G2,0
8646,7583,OR1I1,0
8647,7583,OR1J1,0
8648,7583,OR1J2_OR1J3_OR1J5,0
8649,7583,OR1J4,0
8650,7583,OR1K1,0
8651,7583,OR1L1_OR1L2,0
8652,7583,OR1L3,0
8653,7583,OR1L4_OR1L5,0
8654,7583,OR1L6_OR1L7,0
8655,7583,OR1L8,0
8656,7583,OR1M1,0
8657,7583,OR1N1_OR1N3,0
8658,7583,OR1N2,0
8659,7583,OR1Q1_OR1Q2_OR1Q3,0
8660,7583,OR1S1,0
8661,7583,OR1S2,0
8662,7583,OR2A1,0
8663,7583,OR2A12_OR2A12P,0
8664,7583,OR2A14,0
8665,7583,OR2A14_OR2A14P_OR2A6,0
8666,7583,OR2A25_OR2A25P_OR2A27,0
8667,7583,OR2A2_OR2A17P_OR2A2P,0
8668,7583,OR2A4_OR2A10,0
8669,7583,OR2A5_OR2A26_OR2A8,0
8670,7583,OR2A7,0
8671,7583,OR2AE1_OR2AE2,0
8672,7583,OR2AG1_OR2AG3,0
8673,7583,OR2AG2_OR2AG2P,0
8674,7583,OR2AJ1_OR2AJ1P,0
8675,7583,OR2AK2_OR2AK1P,0
8676,7583,OR2AP1_OR2AP1P,0
8677,7583,OR2AT4,0
8678,7583,OR2B11,0
8679,7583,OR2B2_OR2B9,0
8680,7583,OR2B3_OR2B3P,0
8681,7583,OR2B6,0
8682,7583,OR2B8P_OR2B8,0
8683,7583,OR2C1,0
8684,7583,OR2C3_OR2C4_OR2C5P,0
8685,7583,OR2D2_OR2D1,0
8686,7583,OR2D3,0
8687,7583,OR2F1_OR2F3_OR2F3P_OR2F4_OR2F5,0
8688,7583,OR2F2,0
8689,7583,OR2G2,0
8690,7583,OR2G3,0
8691,7583,OR2G6,0
8692,7583,OR2H1_OR2H6_OR2H8,0
8693,7583,OR2H2_OR2H3,0
8694,7583,OR2J1_OR2J1P,0
8695,7583,OR2J2,0
8696,7583,OR2J3,1
8697,7583,OR2K2_OR2AR1P,0
8698,7583,OR2L13_OR2L14,0
8699,7583,OR2L2_OR2L12_OR2L4P,0
8700,7583,OR2L3,0
8701,7583,OR2L5_OR2L11,0
8702,7583,OR2L8,0
8703,7583,OR2M2,0
8704,7583,OR2M3_OR2M3P_OR2M6,0
8705,7583,OR2M4,0
8706,7583,OR2M5,0
8707,7583,OR2M7,0
8708,7583,OR2S2,0
8709,7583,OR2T1,0
8710,7583,OR2T10,0
8711,7583,OR2T11,0
8712,7583,OR2T29,0
8713,7583,OR2T2_OR2T2P,0
8714,7583,OR2T3,0
8715,7583,OR2T33,0
8716,7583,OR2T34,0
8717,7583,OR2T35,0
8718,7583,OR2T4,0
8719,7583,OR2T5,0
8720,7583,OR2T6_OR2T6P_OR2T9,0
8721,7583,OR2T8_OR2T8P,0
8722,7583,OR2V1,0
8723,7583,OR2V2_OR2V3,0
8724,7583,OR2W1,0
8725,7583,OR2W3_OR2W3P_OR2W8P,0
8726,7583,OR2W5P_OR2W5,0
8727,7583,OR2Y1,0
8728,7583,OR2Z1_OR2Z2,0
8729,7583,OR3A1,0
8730,7583,OR3A2,0
8731,7583,OR3A3_OR3A6_OR3A7_OR3A8P,0
8732,7583,OR3A4P_OR3A4_OR3A5P,0
8733,7583,OR4A15,0
8734,7583,OR4A16,0
8735,7583,OR4A47,0
8736,7583,OR4A4P,0
8737,7583,OR4A5,0
8738,7583,OR4B1,0
8739,7583,OR4C11_OR4C11P,0
8740,7583,OR4C12,0
8741,7583,OR4C15,0
8742,7583,OR4C16,0
8743,7583,OR4C3,0
8744,7583,OR4C46,0
8745,7583,OR4C5,0
8746,7583,OR4C6,0
8747,7583,OR4D10_OR4D10P,0
8748,7583,OR4D1_OR4D3,0
8749,7583,OR4D2,0
8750,7583,OR4D5,0
8751,7583,OR4D6,0
8752,7583,OR4D9,0
8753,7583,OR4E2,0
8754,7583,OR4F14,0
8755,7583,OR4F15,0
8756,7583,OR4F17_OR4F11P_OR4F18_OR4F19,0
8757,7583,OR4F21_OR4F21P,0
8758,7583,OR4F3,0
8759,7583,OR4F4,0
8760,7583,OR4F6_OR4F12,0
8761,7583,OR4K1,0
8762,7583,OR4K13,0
8763,7583,OR4K15,0
8764,7583,OR4K17,0
8765,7583,OR4K2,0
8766,7583,OR4K3_OR4K3P,0
8767,7583,OR4K5,0
8768,7583,OR4L1_OR4L2P,0
8769,7583,OR4M1,0
8770,7583,OR4M2B,0
8771,7583,OR4N2,0
8772,7583,OR4N4,0
8773,7583,OR4P4_OR4P3P,0
8774,7583,OR4Q3_OR4Q4,0
8775,7583,OR4S1,0
8776,7583,OR4S2_OR4S2P,0
8777,7583,OR4X1,0
8778,7583,OR4X2,0
8779,7583,OR51A2,0
8780,7583,OR51A4,0
8781,7583,OR51B2_OR51B1P,0
8782,7583,OR51B4,0
8783,7583,OR51B5,0
8784,7583,OR51B6,0
8785,7583,OR51D1,0
8786,7583,OR51E1_OR51E1P_OR52A3P,0
8787,7583,OR51E2,0
8788,7583,OR51F1_OR51F1P,0
8789,7583,OR51F2,0
8790,7583,OR51G1_OR51G3P,0
8791,7583,OR51G2,0
8792,7583,OR51H1_OR51H1P,0
8793,7583,OR51I1,0
8794,7583,OR51I2,0
8795,7583,OR51J1_OR51J1P_OR51J2,0
8796,7583,OR51L1,0
8797,7583,OR51M1,0
8798,7583,OR51Q1,0
8799,7583,OR51S1,0
8800,7583,OR51T1,0
8801,7583,OR51V1_OR51A12,0
8802,7583,OR52A1,0
8803,7583,OR52A4P_OR52A4,0
8804,7583,OR52A5,0
8805,7583,OR52B2,0
8806,7583,OR52B4,0
8807,7583,OR52B6,0
8808,7583,OR52D1,0
8809,7583,OR52E2,0
8810,7583,OR52E4,0
8811,7583,OR52E5,0
8812,7583,OR52E6,0
8813,7583,OR52E8,0
8814,7583,OR52H1,0
8815,7583,OR52I2,0
8816,7583,OR52J3,0
8817,7583,OR52K1,0
8818,7583,OR52K2,0
8819,7583,OR52L1,0
8820,7583,OR52L2P_OR52L2,0
8821,7583,OR52M1_OR52M1P,0
8822,7583,OR52N1,0
8823,7583,OR52N2,0
8824,7583,OR52N4,0
8825,7583,OR52N5,0
8826,7583,OR52P1_OR52P1P,0
8827,7583,OR52R1,0
8828,7583,OR52W1_OR52W1P,0
8829,7583,OR56A1,0
8830,7583,OR56A3_OR56A3P_OR56A6,0
8831,7583,OR56A4,0
8832,7583,OR56A5_OR56A5P,0
8833,7583,OR56B1_OR56B1P,0
8834,7583,OR56B4,0
8835,7583,OR5A1_OR5A1P,0
8836,7583,OR5A2,0
8837,7583,OR5AC2,0
8838,7583,OR5AK2,0
8839,7583,OR5AK3P_OR5AK3,0
8840,7583,OR5AL1_OR5AL1P,0
8841,7583,OR5AN1,0
8842,7583,OR5AP2,0
8843,7583,OR5AR1,0
8844,7583,OR5AS1,0
8845,7583,OR5AU1,0
8846,7583,OR5B12_OR5B12P_OR5B16,0
8847,7583,OR5B17_OR5B20P,0
8848,7583,OR5B2,0
8849,7583,OR5B21,0
8850,7583,OR5B3_OR5B13,0
8851,7583,OR5C1_OR5C2P,0
8852,7583,OR5D13,0
8853,7583,OR5D14,0
8854,7583,OR5D16,0
8855,7583,OR5D18,0
8856,7583,OR5F1,0
8857,7583,OR5H1,0
8858,7583,OR5H14,0
8859,7583,OR5H2,0
8860,7583,OR5H6,0
8861,7583,OR5I1,0
8862,7583,OR5J2,0
8863,7583,OR5K1,0
8864,7583,OR5K2,0
8865,7583,OR5K3,0
8866,7583,OR5K4,0
8867,7583,OR5L1,0
8868,7583,OR5M1,0
8869,7583,OR5M10,0
8870,7583,OR5M11,0
8871,7583,OR5M8,0
8872,7583,OR5M9,0
8873,7583,OR5P2,0
8874,7583,OR5P3,0
8875,7583,OR5T1_OR5T1P,0
8876,7583,OR5T2,0
8877,7583,OR5T3,0
8878,7583,OR5V1,0
8879,7583,OR5W2_OR5W2P_OR5W3P,0
8880,7583,OR6A2_OR6A1_OR6A2P,0
8881,7583,OR6B1,0
8882,7583,OR6B2_OR6B2P,0
8883,7583,OR6B3_OR6B3P,0
8884,7583,OR6C1,0
8885,7583,OR6C2,0
8886,7583,OR6C3,0
8887,7583,OR6C4,0
8888,7583,OR6C6,0
8889,7583,OR6C65,0
8890,7583,OR6C68,0
8891,7583,OR6C70,0
8892,7583,OR6C74,0
8893,7583,OR6C75,0
8894,7583,OR6C76,0
8895,7583,OR6F1,0
8896,7583,OR6J1_OR6J2,0
8897,7583,OR6K2,0
8898,7583,OR6K3,0
8899,7583,OR6K6,0
8900,7583,OR6M1,0
8901,7583,OR6N1,0
8902,7583,OR6N2,0
8903,7583,OR6P1,0
8904,7583,OR6Q1,0
8905,7583,OR6S1,0
8906,7583,OR6T1,0
8907,7583,OR6V1,0
8908,7583,OR6X1,0
8909,7583,OR6Y1_OR6Y2,0
8910,7583,OR7A10,0
8911,7583,OR7A17,0
8912,7583,OR7A5,0
8913,7583,OR7C1_OR7C4,0
8914,7583,OR7D2,0
8915,7583,OR7D4_OR7D4P,0
8916,7583,OR7E24_OR7E24P,0
8917,7583,OR7G2,0
8918,7583,OR7G3,0
8919,7583,OR8A1,0
8920,7583,OR8B12,0
8921,7583,OR8B2,0
8922,7583,OR8B3,0
8923,7583,OR8B4_OR8B4P,0
8924,7583,OR8B8,0
8925,7583,OR8D1_OR8D3,0
8926,7583,OR8D2,0
8927,7583,OR8D4,0
8928,7583,OR8G1_OR8G1P,0
8929,7583,OR8G5_OR8G5P_OR8G6,0
8930,7583,OR8H1,0
8931,7583,OR8H2,0
8932,7583,OR8H3,0
8933,7583,OR8I2,0
8934,7583,OR8J1,0
8935,7583,OR8J3,0
8936,7583,OR8K1,0
8937,7583,OR8K3,0
8938,7583,OR8K5,0
8939,7583,OR8S1,0
8940,7583,OR8U1,0
8941,7583,OR8U3_OR5R1_OR5R1P,0
8942,7583,OR8U8,0
8943,7583,OR8U9,0
8944,7583,OR9A2,0
8945,7583,OR9A4,0
8946,7583,OR9G4,0
8947,7583,OR9G9,0
8948,7583,OR9I1,0
8949,7583,OR9K2,0
8950,7583,OR9Q1,0
8951,7583,OR9Q2,0
8952,7583,OR9Q2_OR9Q2P,0
8953,7590,OR1A1,1
8954,7590,OR2M3_OR2M3P_OR2M6,0
8955,7590,OR2W1,1
8956,7590,OR2W1,1
8957,7590,OR2W1,1
8958,7590,OR5K1,0
8959,7590,OR5M3,0
8960,7590,OR8D1_OR8D3,0
8961,7632,OR1D2,1
8962,7646,OR1D2,1
8963,7650,OR1D2,1
8964,7654,OR1A1,1
8965,7654,OR1D2,1
8966,7654,OR2M3_OR2M3P_OR2M6,0
8967,7654,OR2W1,1
8968,7654,OR2W1,1
8969,7654,OR2W1,1
8970,7654,OR2W1,1
8971,7654,OR5K1,0
8972,7654,OR5M3,0
8973,7654,OR8D1_OR8D3,0
8974,7695,OR1D2,1
8975,7704,OR1A1,0
8976,7704,OR1G1_OR1G2,0
8977,7704,OR1L3,0
8978,7704,OR2B3_OR2B3P,0
8979,7704,OR2G2,0
8980,7704,OR2M3_OR2M3P_OR2M6,0
8981,7704,OR2M4,0
8982,7704,OR2T10,0
8983,7704,OR2T34,0
8984,7704,OR2W1,1
8985,7704,OR2W1,1
8986,7704,OR2W1,1
8987,7704,OR2W1,1
8988,7704,OR5AC2,0
8989,7704,OR5B17_OR5B20P,0
8990,7704,OR5K1,0
8991,7704,OR5M3,0
8992,7704,OR8D1_OR8D3,0
8993,7707,OR1D2,1
8994,7707,OR3A1,0
8995,7710,OR1A1,1
8996,7710,OR2M3_OR2M3P_OR2M6,0
8997,7710,OR2W1,1
8998,7710,OR2W1,1
8999,7710,OR2W1,1
9000,7710,OR5K1,0
9001,7710,OR5M3,0
9002,7710,OR8D1_OR8D3,0
9003,7714,OR1A1,0
9004,7714,OR1D2,1
9005,7714,OR2M3_OR2M3P_OR2M6,0
9006,7714,OR2W1,1
9007,7714,OR2W1,1
9008,7714,OR2W1,1
9009,7714,OR5K1,0
9010,7714,OR5M3,0
9011,7714,OR8D1_OR8D3,0
9012,7720,OR1G1_OR1G2,1
9013,7720,OR52D1,0
9014,7731,OR1G1_OR1G2,0
9015,7731,OR1L3,0
9016,7731,OR2B3_OR2B3P,0
9017,7731,OR2G2,0
9018,7731,OR2M4,1
9019,7731,OR2M4,1
9020,7731,OR2M4,1
9021,7731,OR2M4,1
9022,7731,OR2M4,1
9023,7731,OR2M4,1
9024,7731,OR2T10,0
9025,7731,OR2T34,0
9026,7731,OR5AC2,0
9027,7731,OR5B17_OR5B20P,0
9028,7755,OR51E1_OR51E1P_OR52A3P,1
9029,7755,OR51E1_OR51E1P_OR52A3P,1
9030,7762,OR1A1,0
9031,7762,OR1G1_OR1G2,1
9032,7762,OR2M3_OR2M3P_OR2M6,0
9033,7762,OR2W1,1
9034,7762,OR2W1,1
9035,7762,OR2W1,1
9036,7762,OR52D1,1
9037,7762,OR5K1,0
9038,7762,OR5M3,0
9039,7762,OR8D1_OR8D3,0
9040,7765,OR1A1,0
9041,7765,OR2M3_OR2M3P_OR2M6,0
9042,7765,OR2W1,0
9043,7765,OR5K1,0
9044,7765,OR5M3,0
9045,7765,OR8D1_OR8D3,0
9046,7771,OR1A1,0
9047,7771,OR2M3_OR2M3P_OR2M6,0
9048,7771,OR2W1,0
9049,7771,OR5K1,0
9050,7771,OR5M3,0
9051,7771,OR8D1_OR8D3,0
9052,7780,OR1A1,0
9053,7780,OR1A2,0
9054,7792,OR1D2,1
9055,7793,OR10J5,0
9056,7793,OR1A1,1
9057,7793,OR1A1,1
9058,7793,OR1A1,1
9059,7793,OR1A1,1
9060,7793,OR1A1,1
9061,7793,OR1A1,1
9062,7793,OR1A1,1
9063,7793,OR1A1,1
9064,7793,OR1A1,1
9065,7793,OR1A2,1
9066,7793,OR1A2,1
9067,7793,OR1A2,1
9068,7793,OR1A2,1
9069,7793,OR1A2,1
9070,7793,OR1A2,1
9071,7793,OR1A2,1
9072,7793,OR1A2,1
9073,7793,OR2C1,0
9074,7793,OR2J2,0
9075,7793,OR2M7,1
9076,7793,OR2W1,1
9077,7793,OR51E1_OR51E1P_OR52A3P,0
9078,7793,OR51E2,0
9079,7793,OR51L1,0
9080,7793,OR5P3,0
9081,7794,OR1G1_OR1G2,1
9082,7794,OR1L3,0
9083,7794,OR2B3_OR2B3P,0
9084,7794,OR2G2,0
9085,7794,OR2M4,0
9086,7794,OR2T10,0
9087,7794,OR2T34,0
9088,7794,OR51B4,0
9089,7794,OR52D1,0
9090,7794,OR5AC2,0
9091,7794,OR5B17_OR5B20P,0
9092,7797,OR1G1_OR1G2,0
9093,7797,OR52D1,1
9094,7799,OR10S1,0
9095,7799,OR1A1,0
9096,7799,OR1G1_OR1G2,1
9097,7799,OR2A1,0
9098,7799,OR2A7,0
9099,7799,OR2L13_OR2L14,0
9100,7799,OR2M3_OR2M3P_OR2M6,0
9101,7799,OR2T4,0
9102,7799,OR2W1,1
9103,7799,OR2W1,1
9104,7799,OR2W3_OR2W3P_OR2W8P,0
9105,7799,OR51B5,0
9106,7799,OR52D1,0
9107,7799,OR5K1,0
9108,7799,OR5M3,0
9109,7799,OR8D1_OR8D3,0
9110,7800,OR10S1,0
9111,7800,OR2A1,0
9112,7800,OR2A7,0
9113,7800,OR2L13_OR2L14,0
9114,7800,OR2T4,0
9115,7800,OR2W3_OR2W3P_OR2W8P,0
9116,7800,OR51B5,0
9117,7802,OR10J5,0
9118,7802,OR1A1,1
9119,7802,OR2C1,0
9120,7802,OR2J2,0
9121,7802,OR2M7,0
9122,7802,OR2W1,1
9123,7802,OR51E1_OR51E1P_OR52A3P,0
9124,7802,OR51E2,0
9125,7802,OR51L1,0
9126,7802,OR5P3,0
9127,7824,OR1G1_OR1G2,0
9128,7824,OR52D1,0
9129,7826,OR1G1_OR1G2,0
9130,7826,OR52D1,1
9131,7888,OR1A1,1
9132,7888,OR1A2,1
9133,7895,OR10J5,0
9134,7895,OR1A1,0
9135,7895,OR2C1,0
9136,7895,OR2J2,0
9137,7895,OR2M7,0
9138,7895,OR2W1,0
9139,7895,OR51E1_OR51E1P_OR52A3P,0
9140,7895,OR51E2,0
9141,7895,OR51L1,0
9142,7895,OR5P3,0
9143,7929,OR10S1,0
9144,7929,OR2A1,0
9145,7929,OR2A7,0
9146,7929,OR2L13_OR2L14,0
9147,7929,OR2T4,0
9148,7929,OR2W3_OR2W3P_OR2W8P,0
9149,7929,OR51B5,0
9150,7938,OR5K1,1
9151,7938,OR5K2,0
9152,7938,OR5K3,0
9153,7938,OR5K4,0
9154,7945,OR1A1,0
9155,7945,OR2M3_OR2M3P_OR2M6,0
9156,7945,OR2W1,1
9157,7945,OR2W1,1
9158,7945,OR5K1,0
9159,7945,OR5M3,0
9160,7945,OR8D1_OR8D3,0
9161,7967,OR10A2_OR10A2P,0
9162,7967,OR10A3,0
9163,7967,OR10A5_OR10A1,0
9164,7967,OR10A6,0
9165,7967,OR10A7,0
9166,7967,OR10AD1_OR10AD1P,0
9167,7967,OR10AG1,0
9168,7967,OR10C1_OR10C2,0
9169,7967,OR10D3,0
9170,7967,OR10G3,0
9171,7967,OR10G6_OR10G6P,1
9172,7967,OR10G8,0
9173,7967,OR10G9_OR10G10P,0
9174,7967,OR10H1,0
9175,7967,OR10H2,0
9176,7967,OR10H3,0
9177,7967,OR10H4,0
9178,7967,OR10H5,0
9179,7967,OR10J5,0
9180,7967,OR10K1,0
9181,7967,OR10K2,0
9182,7967,OR10P1_OR10P1P_OR10P2P_OR10P3P,0
9183,7967,OR10Q1,0
9184,7967,OR10R2,0
9185,7967,OR10T2,0
9186,7967,OR10V1,0
9187,7967,OR10W1_OR10W1P,0
9188,7967,OR10X1_OR10X1P,0
9189,7967,OR10Z1,0
9190,7967,OR11A1_OR11A2,0
9191,7967,OR11H12,0
9192,7967,OR11H2_OR11H2P,0
9193,7967,OR11H4,0
9194,7967,OR11H6,0
9195,7967,OR11L1,0
9196,7967,OR12D2,1
9197,7967,OR12D3,0
9198,7967,OR13A1,0
9199,7967,OR13C3,0
9200,7967,OR13C4,0
9201,7967,OR13C5,0
9202,7967,OR13C8,0
9203,7967,OR13C9,0
9204,7967,OR13D1,0
9205,7967,OR13F1,0
9206,7967,OR13G1,0
9207,7967,OR13H1,0
9208,7967,OR13J1,0
9209,7967,OR14A2_OR5AX1_OR5AX1P,0
9210,7967,OR14C36_OR5BF1,0
9211,7967,OR14I1_OR5BU1_OR5BU1P,0
9212,7967,OR14J1_OR5U1,0
9213,7967,OR14K1_OR5AY1,0
9214,7967,OR14L1_OR14L1P_OR5AV1P,0
9215,7967,OR1A1,0
9216,7967,OR1A2,0
9217,7967,OR1C1,0
9218,7967,OR1D2,0
9219,7967,OR1D5,0
9220,7967,OR1E1_OR1E5_OR1E6_OR1E9P,0
9221,7967,OR1E2_OR1E4,0
9222,7967,OR1F1,0
9223,7967,OR1G1_OR1G2,0
9224,7967,OR1I1,0
9225,7967,OR1J2_OR1J3_OR1J5,0
9226,7967,OR1J4,0
9227,7967,OR1K1,0
9228,7967,OR1L1_OR1L2,0
9229,7967,OR1L3,1
9230,7967,OR1L4_OR1L5,1
9231,7967,OR1L6_OR1L7,0
9232,7967,OR1L8,0
9233,7967,OR1M1,0
9234,7967,OR1N1_OR1N3,0
9235,7967,OR1N2,0
9236,7967,OR1Q1_OR1Q2_OR1Q3,0
9237,7967,OR1S2,0
9238,7967,OR2A1,0
9239,7967,OR2A12_OR2A12P,1
9240,7967,OR2A14_OR2A14P_OR2A6,0
9241,7967,OR2A25_OR2A25P_OR2A27,0
9242,7967,OR2A2_OR2A17P_OR2A2P,0
9243,7967,OR2A4_OR2A10,0
9244,7967,OR2A5_OR2A26_OR2A8,0
9245,7967,OR2A7,0
9246,7967,OR2AE1_OR2AE2,0
9247,7967,OR2AG1_OR2AG3,0
9248,7967,OR2AG2_OR2AG2P,0
9249,7967,OR2AJ1_OR2AJ1P,0
9250,7967,OR2AK2_OR2AK1P,0
9251,7967,OR2AP1_OR2AP1P,0
9252,7967,OR2AT4,0
9253,7967,OR2B11,0
9254,7967,OR2B2_OR2B9,0
9255,7967,OR2B3_OR2B3P,0
9256,7967,OR2B6,0
9257,7967,OR2B8P_OR2B8,0
9258,7967,OR2C1,0
9259,7967,OR2D3,0
9260,7967,OR2F1_OR2F3_OR2F3P_OR2F4_OR2F5,1
9261,7967,OR2F2,0
9262,7967,OR2G2,0
9263,7967,OR2G3,0
9264,7967,OR2G6,0
9265,7967,OR2H1_OR2H6_OR2H8,0
9266,7967,OR2H2_OR2H3,0
9267,7967,OR2J1_OR2J1P,0
9268,7967,OR2J2,0
9269,7967,OR2K2_OR2AR1P,0
9270,7967,OR2L13_OR2L14,0
9271,7967,OR2L2_OR2L12_OR2L4P,0
9272,7967,OR2L3,0
9273,7967,OR2L8,0
9274,7967,OR2M2,0
9275,7967,OR2M3_OR2M3P_OR2M6,0
9276,7967,OR2M4,0
9277,7967,OR2M5,0
9278,7967,OR2M7,0
9279,7967,OR2S2,0
9280,7967,OR2T1,0
9281,7967,OR2T10,0
9282,7967,OR2T11,0
9283,7967,OR2T29,0
9284,7967,OR2T3,0
9285,7967,OR2T34,0
9286,7967,OR2T4,0
9287,7967,OR2T5,0
9288,7967,OR2T6_OR2T6P_OR2T9,0
9289,7967,OR2V2_OR2V3,0
9290,7967,OR2W1,0
9291,7967,OR2W3_OR2W3P_OR2W8P,0
9292,7967,OR2W5P_OR2W5,0
9293,7967,OR2Y1,0
9294,7967,OR2Z1_OR2Z2,0
9295,7967,OR3A1,0
9296,7967,OR3A2,0
9297,7967,OR4A15,0
9298,7967,OR4A16,0
9299,7967,OR4A4P,0
9300,7967,OR4A5,0
9301,7967,OR4B1,0
9302,7967,OR4C11_OR4C11P,0
9303,7967,OR4C12,0
9304,7967,OR4C15,0
9305,7967,OR4C3,0
9306,7967,OR4C46,0
9307,7967,OR4C5,0
9308,7967,OR4D10_OR4D10P,0
9309,7967,OR4D1_OR4D3,0
9310,7967,OR4D2,0
9311,7967,OR4D6,0
9312,7967,OR4D9,0
9313,7967,OR4E2,0
9314,7967,OR4F14,0
9315,7967,OR4F15,0
9316,7967,OR4F17_OR4F11P_OR4F18_OR4F19,0
9317,7967,OR4F3,0
9318,7967,OR4F6_OR4F12,0
9319,7967,OR4K1,0
9320,7967,OR4K13,0
9321,7967,OR4K17,0
9322,7967,OR4K2,0
9323,7967,OR4K3_OR4K3P,0
9324,7967,OR4K5,0
9325,7967,OR4L1_OR4L2P,0
9326,7967,OR4M2B,0
9327,7967,OR4N2,0
9328,7967,OR4N4,0
9329,7967,OR4P4_OR4P3P,0
9330,7967,OR4Q3_OR4Q4,0
9331,7967,OR4S1,0
9332,7967,OR4S2_OR4S2P,0
9333,7967,OR4X1,0
9334,7967,OR4X2,0
9335,7967,OR51A4,0
9336,7967,OR51D1,0
9337,7967,OR51E1_OR51E1P_OR52A3P,0
9338,7967,OR51E2,0
9339,7967,OR51F1_OR51F1P,0
9340,7967,OR51F2,0
9341,7967,OR51G1_OR51G3P,0
9342,7967,OR51G2,0
9343,7967,OR51H1_OR51H1P,0
9344,7967,OR51I2,0
9345,7967,OR51L1,0
9346,7967,OR51Q1,0
9347,7967,OR51T1,0
9348,7967,OR52A1,0
9349,7967,OR52B2,0
9350,7967,OR52B4,0
9351,7967,OR52B6,0
9352,7967,OR52D1,1
9353,7967,OR52E2,0
9354,7967,OR52E6,0
9355,7967,OR52E8,0
9356,7967,OR52I2,0
9357,7967,OR52K1,0
9358,7967,OR52K2,0
9359,7967,OR52M1_OR52M1P,0
9360,7967,OR52N1,0
9361,7967,OR52P1_OR52P1P,0
9362,7967,OR56A1,0
9363,7967,OR56A3_OR56A3P_OR56A6,0
9364,7967,OR56B1_OR56B1P,0
9365,7967,OR56B4,0
9366,7967,OR5A1_OR5A1P,0
9367,7967,OR5A2,0
9368,7967,OR5AC2,0
9369,7967,OR5AK2,0
9370,7967,OR5AK3P_OR5AK3,0
9371,7967,OR5AL1_OR5AL1P,0
9372,7967,OR5AN1,0
9373,7967,OR5AP2,0
9374,7967,OR5AR1,0
9375,7967,OR5AS1,1
9376,7967,OR5AU1,0
9377,7967,OR5B17_OR5B20P,0
9378,7967,OR5B2,0
9379,7967,OR5B21,0
9380,7967,OR5B3_OR5B13,0
9381,7967,OR5C1_OR5C2P,0
9382,7967,OR5D13,0
9383,7967,OR5D14,0
9384,7967,OR5D16,0
9385,7967,OR5D18,0
9386,7967,OR5F1,0
9387,7967,OR5H1,0
9388,7967,OR5H14,0
9389,7967,OR5H2,0
9390,7967,OR5H6,0
9391,7967,OR5I1,0
9392,7967,OR5K1,0
9393,7967,OR5K2,0
9394,7967,OR5K3,0
9395,7967,OR5L1,0
9396,7967,OR5M1,0
9397,7967,OR5M8,0
9398,7967,OR5M9,0
9399,7967,OR5P2,0
9400,7967,OR5P3,0
9401,7967,OR5T1_OR5T1P,0
9402,7967,OR5T2,0
9403,7967,OR5T3,0
9404,7967,OR5V1,0
9405,7967,OR5W2_OR5W2P_OR5W3P,0
9406,7967,OR6A2_OR6A1_OR6A2P,0
9407,7967,OR6B1,0
9408,7967,OR6B2_OR6B2P,0
9409,7967,OR6B3_OR6B3P,0
9410,7967,OR6C1,0
9411,7967,OR6C2,0
9412,7967,OR6C3,0
9413,7967,OR6C4,0
9414,7967,OR6C6,0
9415,7967,OR6C65,0
9416,7967,OR6C70,0
9417,7967,OR6C74,0
9418,7967,OR6C75,0
9419,7967,OR6C76,0
9420,7967,OR6F1,0
9421,7967,OR6K2,0
9422,7967,OR6K3,0
9423,7967,OR6K6,0
9424,7967,OR6M1,0
9425,7967,OR6N1,0
9426,7967,OR6N2,0
9427,7967,OR6P1,0
9428,7967,OR6S1,0
9429,7967,OR6T1,0
9430,7967,OR6Y1_OR6Y2,0
9431,7967,OR7A10,0
9432,7967,OR7A17,0
9433,7967,OR7A5,0
9434,7967,OR7C1_OR7C4,0
9435,7967,OR7D2,0
9436,7967,OR7D4_OR7D4P,0
9437,7967,OR7E24_OR7E24P,0
9438,7967,OR7G2,0
9439,7967,OR7G3,0
9440,7967,OR8A1,0
9441,7967,OR8B4_OR8B4P,0
9442,7967,OR8B8,0
9443,7967,OR8D1_OR8D3,0
9444,7967,OR8D2,0
9445,7967,OR8D4,0
9446,7967,OR8G1_OR8G1P,0
9447,7967,OR8G5_OR8G5P_OR8G6,0
9448,7967,OR8H1,0
9449,7967,OR8H2,0
9450,7967,OR8H3,0
9451,7967,OR8I2,0
9452,7967,OR8J1,0
9453,7967,OR8J3,0
9454,7967,OR8K1,0
9455,7967,OR8K3,0
9456,7967,OR8K5,0
9457,7967,OR8S1,0
9458,7967,OR8U1,0
9459,7967,OR8U3_OR5R1_OR5R1P,0
9460,7967,OR8U8,0
9461,7967,OR8U9,0
9462,7967,OR9A2,0
9463,7967,OR9A4,0
9464,7967,OR9G4,1
9465,7967,OR9G9,1
9466,7967,OR9I1,0
9467,7967,OR9K2,0
9468,7967,OR9Q2,0
9469,7967,OR9Q2_OR9Q2P,0
9470,7976,OR1A1,0
9471,7976,OR1A2,0
9472,7976,OR1G1_OR1G2,1
9473,7976,OR52D1,0
9474,7976,OR5K1,1
9475,7976,OR5K2,0
9476,7976,OR5K3,0
9477,7976,OR5K4,0
9478,7983,OR1G1_OR1G2,0
9479,7983,OR52D1,1
9480,7984,OR11A1_OR11A2,0
9481,7984,OR5A1_OR5A1P,0
9482,7984,OR5A2,1
9483,7984,OR5AN1,1
9484,7991,OR10J5,0
9485,7991,OR1A1,0
9486,7991,OR1A2,0
9487,7991,OR2C1,0
9488,7991,OR2J2,0
9489,7991,OR2M3_OR2M3P_OR2M6,0
9490,7991,OR2M7,0
9491,7991,OR2W1,0
9492,7991,OR51E1_OR51E1P_OR52A3P,1
9493,7991,OR51E1_OR51E1P_OR52A3P,1
9494,7991,OR51E2,0
9495,7991,OR51I2,1
9496,7991,OR51L1,1
9497,7991,OR52A5,0
9498,7991,OR52B2,0
9499,7991,OR52D1,0
9500,7991,OR52E8,0
9501,7991,OR52L1,1
9502,7991,OR56A5_OR56A5P,0
9503,7991,OR5K1,0
9504,7991,OR5M3,0
9505,7991,OR5P3,0
9506,7991,OR8D1_OR8D3,0
9507,8012,OR1A1,0
9508,8012,OR1A2,0
9509,8048,OR10S1,0
9510,8048,OR1A1,0
9511,8048,OR1G1_OR1G2,1
9512,8048,OR2A1,0
9513,8048,OR2A7,0
9514,8048,OR2L13_OR2L14,0
9515,8048,OR2M3_OR2M3P_OR2M6,0
9516,8048,OR2T4,0
9517,8048,OR2W1,1
9518,8048,OR2W1,1
9519,8048,OR2W1,1
9520,8048,OR2W3_OR2W3P_OR2W8P,0
9521,8048,OR51B5,0
9522,8048,OR52D1,0
9523,8048,OR5K1,0
9524,8048,OR5M3,0
9525,8048,OR8D1_OR8D3,0
9526,8050,OR10S1,1
9527,8050,OR1G1_OR1G2,1
9528,8050,OR2A1,0
9529,8050,OR2A7,0
9530,8050,OR2L13_OR2L14,0
9531,8050,OR2T4,0
9532,8050,OR2W3_OR2W3P_OR2W8P,0
9533,8050,OR51B5,0
9534,8050,OR52D1,0
9535,8051,OR10A2_OR10A2P,0
9536,8051,OR10A3,0
9537,8051,OR10A5_OR10A1,0
9538,8051,OR10A6,0
9539,8051,OR10A7,0
9540,8051,OR10AD1_OR10AD1P,0
9541,8051,OR10AG1,1
9542,8051,OR10C1_OR10C2,0
9543,8051,OR10D3,0
9544,8051,OR10G3,1
9545,8051,OR10G6_OR10G6P,0
9546,8051,OR10G8,0
9547,8051,OR10G9_OR10G10P,0
9548,8051,OR10H1,0
9549,8051,OR10H2,0
9550,8051,OR10H3,0
9551,8051,OR10H4,1
9552,8051,OR10H5,0
9553,8051,OR10J5,0
9554,8051,OR10K1,0
9555,8051,OR10K2,0
9556,8051,OR10P1_OR10P1P_OR10P2P_OR10P3P,1
9557,8051,OR10Q1,0
9558,8051,OR10R2,0
9559,8051,OR10T2,0
9560,8051,OR10V1,0
9561,8051,OR10W1_OR10W1P,0
9562,8051,OR10X1_OR10X1P,0
9563,8051,OR10Z1,0
9564,8051,OR11A1_OR11A2,0
9565,8051,OR11H12,0
9566,8051,OR11H2_OR11H2P,0
9567,8051,OR11H4,0
9568,8051,OR11H6,0
9569,8051,OR11L1,0
9570,8051,OR12D2,0
9571,8051,OR12D3,0
9572,8051,OR13A1,0
9573,8051,OR13C3,0
9574,8051,OR13C4,0
9575,8051,OR13C5,0
9576,8051,OR13C8,0
9577,8051,OR13C9,0
9578,8051,OR13D1,0
9579,8051,OR13F1,0
9580,8051,OR13G1,0
9581,8051,OR13H1,0
9582,8051,OR13J1,0
9583,8051,OR14A2_OR5AX1_OR5AX1P,1
9584,8051,OR14C36_OR5BF1,0
9585,8051,OR14I1_OR5BU1_OR5BU1P,0
9586,8051,OR14J1_OR5U1,0
9587,8051,OR14K1_OR5AY1,0
9588,8051,OR14L1_OR14L1P_OR5AV1P,0
9589,8051,OR1A1,1
9590,8051,OR1A1,1
9591,8051,OR1A1,1
9592,8051,OR1A1,1
9593,8051,OR1A2,0
9594,8051,OR1C1,0
9595,8051,OR1D2,0
9596,8051,OR1D5,0
9597,8051,OR1E1_OR1E5_OR1E6_OR1E9P,0
9598,8051,OR1E2_OR1E4,0
9599,8051,OR1F1,0
9600,8051,OR1G1_OR1G2,0
9601,8051,OR1I1,0
9602,8051,OR1J2_OR1J3_OR1J5,0
9603,8051,OR1J4,0
9604,8051,OR1K1,0
9605,8051,OR1L1_OR1L2,0
9606,8051,OR1L3,0
9607,8051,OR1L4_OR1L5,0
9608,8051,OR1L6_OR1L7,0
9609,8051,OR1L8,0
9610,8051,OR1M1,0
9611,8051,OR1N1_OR1N3,0
9612,8051,OR1N2,0
9613,8051,OR1Q1_OR1Q2_OR1Q3,0
9614,8051,OR1S2,0
9615,8051,OR2A1,0
9616,8051,OR2A12_OR2A12P,0
9617,8051,OR2A14_OR2A14P_OR2A6,0
9618,8051,OR2A25_OR2A25P_OR2A27,0
9619,8051,OR2A2_OR2A17P_OR2A2P,0
9620,8051,OR2A4_OR2A10,0
9621,8051,OR2A5_OR2A26_OR2A8,0
9622,8051,OR2A7,0
9623,8051,OR2AE1_OR2AE2,0
9624,8051,OR2AG1_OR2AG3,0
9625,8051,OR2AG2_OR2AG2P,0
9626,8051,OR2AJ1_OR2AJ1P,0
9627,8051,OR2AK2_OR2AK1P,0
9628,8051,OR2AP1_OR2AP1P,0
9629,8051,OR2AT4,0
9630,8051,OR2B11,0
9631,8051,OR2B2_OR2B9,0
9632,8051,OR2B3_OR2B3P,0
9633,8051,OR2B6,0
9634,8051,OR2B8P_OR2B8,0
9635,8051,OR2C1,1
9636,8051,OR2D3,0
9637,8051,OR2F1_OR2F3_OR2F3P_OR2F4_OR2F5,0
9638,8051,OR2F2,0
9639,8051,OR2G2,0
9640,8051,OR2G3,0
9641,8051,OR2G6,0
9642,8051,OR2H1_OR2H6_OR2H8,0
9643,8051,OR2H2_OR2H3,0
9644,8051,OR2J1_OR2J1P,0
9645,8051,OR2J2,0
9646,8051,OR2K2_OR2AR1P,0
9647,8051,OR2L13_OR2L14,0
9648,8051,OR2L2_OR2L12_OR2L4P,0
9649,8051,OR2L3,0
9650,8051,OR2L8,0
9651,8051,OR2M2,0
9652,8051,OR2M3_OR2M3P_OR2M6,0
9653,8051,OR2M4,0
9654,8051,OR2M5,0
9655,8051,OR2M7,0
9656,8051,OR2S2,0
9657,8051,OR2T1,0
9658,8051,OR2T10,0
9659,8051,OR2T11,0
9660,8051,OR2T29,0
9661,8051,OR2T3,0
9662,8051,OR2T34,0
9663,8051,OR2T4,1
9664,8051,OR2T5,0
9665,8051,OR2T6_OR2T6P_OR2T9,0
9666,8051,OR2V2_OR2V3,0
9667,8051,OR2W1,1
9668,8051,OR2W3_OR2W3P_OR2W8P,0
9669,8051,OR2W5P_OR2W5,0
9670,8051,OR2Y1,0
9671,8051,OR2Z1_OR2Z2,0
9672,8051,OR3A1,0
9673,8051,OR3A2,0
9674,8051,OR4A15,0
9675,8051,OR4A16,0
9676,8051,OR4A4P,0
9677,8051,OR4A5,0
9678,8051,OR4B1,0
9679,8051,OR4C11_OR4C11P,1
9680,8051,OR4C12,0
9681,8051,OR4C15,0
9682,8051,OR4C3,1
9683,8051,OR4C46,0
9684,8051,OR4C5,0
9685,8051,OR4D10_OR4D10P,0
9686,8051,OR4D1_OR4D3,0
9687,8051,OR4D2,0
9688,8051,OR4D6,0
9689,8051,OR4D9,0
9690,8051,OR4E2,0
9691,8051,OR4F14,0
9692,8051,OR4F15,0
9693,8051,OR4F17_OR4F11P_OR4F18_OR4F19,0
9694,8051,OR4F3,0
9695,8051,OR4F6_OR4F12,0
9696,8051,OR4K1,0
9697,8051,OR4K13,0
9698,8051,OR4K17,0
9699,8051,OR4K2,0
9700,8051,OR4K3_OR4K3P,0
9701,8051,OR4K5,1
9702,8051,OR4L1_OR4L2P,0
9703,8051,OR4M2B,0
9704,8051,OR4N2,0
9705,8051,OR4N4,0
9706,8051,OR4P4_OR4P3P,0
9707,8051,OR4Q3_OR4Q4,0
9708,8051,OR4S1,0
9709,8051,OR4S2_OR4S2P,0
9710,8051,OR4X1,0
9711,8051,OR4X2,0
9712,8051,OR51A4,0
9713,8051,OR51D1,0
9714,8051,OR51E1_OR51E1P_OR52A3P,0
9715,8051,OR51E2,1
9716,8051,OR51F1_OR51F1P,0
9717,8051,OR51F2,0
9718,8051,OR51G1_OR51G3P,0
9719,8051,OR51G2,0
9720,8051,OR51H1_OR51H1P,0
9721,8051,OR51I2,0
9722,8051,OR51L1,0
9723,8051,OR51Q1,0
9724,8051,OR51T1,0
9725,8051,OR52A1,0
9726,8051,OR52B2,0
9727,8051,OR52B4,0
9728,8051,OR52B6,0
9729,8051,OR52D1,0
9730,8051,OR52E2,0
9731,8051,OR52E6,0
9732,8051,OR52E8,0
9733,8051,OR52I2,1
9734,8051,OR52K1,0
9735,8051,OR52K2,0
9736,8051,OR52L2P_OR52L2,0
9737,8051,OR52M1_OR52M1P,0
9738,8051,OR52N1,0
9739,8051,OR52P1_OR52P1P,0
9740,8051,OR56A1,0
9741,8051,OR56A3_OR56A3P_OR56A6,0
9742,8051,OR56B1_OR56B1P,0
9743,8051,OR56B4,0
9744,8051,OR5A1_OR5A1P,0
9745,8051,OR5A2,0
9746,8051,OR5AC2,0
9747,8051,OR5AK2,0
9748,8051,OR5AK3P_OR5AK3,0
9749,8051,OR5AL1_OR5AL1P,0
9750,8051,OR5AN1,0
9751,8051,OR5AP2,0
9752,8051,OR5AR1,0
9753,8051,OR5AS1,0
9754,8051,OR5AU1,0
9755,8051,OR5B17_OR5B20P,0
9756,8051,OR5B2,0
9757,8051,OR5B21,0
9758,8051,OR5B3_OR5B13,0
9759,8051,OR5C1_OR5C2P,0
9760,8051,OR5D13,0
9761,8051,OR5D16,0
9762,8051,OR5D18,0
9763,8051,OR5F1,0
9764,8051,OR5H1,0
9765,8051,OR5H14,0
9766,8051,OR5H2,0
9767,8051,OR5H6,0
9768,8051,OR5I1,0
9769,8051,OR5K1,0
9770,8051,OR5K2,0
9771,8051,OR5K3,0
9772,8051,OR5L1,0
9773,8051,OR5M1,0
9774,8051,OR5M8,0
9775,8051,OR5M9,0
9776,8051,OR5P2,0
9777,8051,OR5P3,0
9778,8051,OR5T1_OR5T1P,0
9779,8051,OR5T2,0
9780,8051,OR5T3,0
9781,8051,OR5V1,0
9782,8051,OR5W2_OR5W2P_OR5W3P,0
9783,8051,OR6A2_OR6A1_OR6A2P,0
9784,8051,OR6B1,0
9785,8051,OR6B2_OR6B2P,0
9786,8051,OR6B3_OR6B3P,0
9787,8051,OR6C1,0
9788,8051,OR6C2,0
9789,8051,OR6C3,0
9790,8051,OR6C4,0
9791,8051,OR6C6,0
9792,8051,OR6C65,0
9793,8051,OR6C70,0
9794,8051,OR6C74,0
9795,8051,OR6C75,0
9796,8051,OR6C76,0
9797,8051,OR6F1,0
9798,8051,OR6K2,0
9799,8051,OR6K3,0
9800,8051,OR6K6,0
9801,8051,OR6M1,0
9802,8051,OR6N1,0
9803,8051,OR6N2,0
9804,8051,OR6P1,0
9805,8051,OR6S1,0
9806,8051,OR6T1,0
9807,8051,OR6Y1_OR6Y2,0
9808,8051,OR7A10,0
9809,8051,OR7A17,0
9810,8051,OR7A5,0
9811,8051,OR7C1_OR7C4,0
9812,8051,OR7D2,0
9813,8051,OR7D4_OR7D4P,0
9814,8051,OR7E24_OR7E24P,0
9815,8051,OR7G2,0
9816,8051,OR7G3,1
9817,8051,OR8A1,0
9818,8051,OR8B4_OR8B4P,0
9819,8051,OR8B8,0
9820,8051,OR8D1_OR8D3,0
9821,8051,OR8D2,0
9822,8051,OR8D4,0
9823,8051,OR8G1_OR8G1P,0
9824,8051,OR8G5_OR8G5P_OR8G6,1
9825,8051,OR8H1,0
9826,8051,OR8H2,0
9827,8051,OR8H3,0
9828,8051,OR8I2,0
9829,8051,OR8J1,0
9830,8051,OR8J3,0
9831,8051,OR8K1,0
9832,8051,OR8K3,0
9833,8051,OR8K5,0
9834,8051,OR8S1,0
9835,8051,OR8U1,0
9836,8051,OR8U3_OR5R1_OR5R1P,0
9837,8051,OR8U8,0
9838,8051,OR8U9,0
9839,8051,OR9A2,0
9840,8051,OR9A4,0
9841,8051,OR9G4,0
9842,8051,OR9G9,0
9843,8051,OR9I1,0
9844,8051,OR9K2,0
9845,8051,OR9Q2,0
9846,8051,OR9Q2_OR9Q2P,0
9847,8091,OR10S1,0
9848,8091,OR1G1_OR1G2,1
9849,8091,OR2A1,0
9850,8091,OR2A7,0
9851,8091,OR2L13_OR2L14,0
9852,8091,OR2T4,0
9853,8091,OR2W3_OR2W3P_OR2W8P,0
9854,8091,OR51B5,0
9855,8091,OR52D1,1
9856,8093,OR10J5,0
9857,8093,OR1A1,1
9858,8093,OR1G1_OR1G2,0
9859,8093,OR2C1,0
9860,8093,OR2J2,0
9861,8093,OR2M7,0
9862,8093,OR2W1,1
9863,8093,OR51E1_OR51E1P_OR52A3P,0
9864,8093,OR51E2,0
9865,8093,OR51L1,0
9866,8093,OR52D1,0
9867,8093,OR5P3,0
9868,8094,OR10J5,0
9869,8094,OR10S1,1
9870,8094,OR10S1,1
9871,8094,OR10S1,1
9872,8094,OR10S1,1
9873,8094,OR1A1,0
9874,8094,OR1A2,0
9875,8094,OR1G1_OR1G2,0
9876,8094,OR2A1,0
9877,8094,OR2A7,0
9878,8094,OR2C1,0
9879,8094,OR2J2,0
9880,8094,OR2L13_OR2L14,0
9881,8094,OR2M7,0
9882,8094,OR2T4,0
9883,8094,OR2W1,0
9884,8094,OR2W3_OR2W3P_OR2W8P,1
9885,8094,OR51B5,0
9886,8094,OR51E1_OR51E1P_OR52A3P,1
9887,8094,OR51E2,0
9888,8094,OR51I2,0
9889,8094,OR51L1,0
9890,8094,OR52A5,0
9891,8094,OR52B2,1
9892,8094,OR52D1,1
9893,8094,OR52D1,1
9894,8094,OR52D1,1
9895,8094,OR52E8,0
9896,8094,OR52L1,0
9897,8094,OR56A5_OR56A5P,1
9898,8094,OR5P3,0
9899,8094,OR8D1_OR8D3,0
9900,8103,OR10J5,0
9901,8103,OR1A1,0
9902,8103,OR1A2,0
9903,8103,OR1G1_OR1G2,1
9904,8103,OR2C1,0
9905,8103,OR2J2,0
9906,8103,OR2M3_OR2M3P_OR2M6,0
9907,8103,OR2M7,0
9908,8103,OR2W1,1
9909,8103,OR2W1,1
9910,8103,OR2W1,1
9911,8103,OR51E1_OR51E1P_OR52A3P,0
9912,8103,OR51E2,0
9913,8103,OR51L1,0
9914,8103,OR52D1,0
9915,8103,OR5K1,0
9916,8103,OR5M3,0
9917,8103,OR5P3,1
9918,8103,OR8D1_OR8D3,0
9919,8122,OR10S1,0
9920,8122,OR2A1,0
9921,8122,OR2A7,0
9922,8122,OR2L13_OR2L14,0
9923,8122,OR2T4,0
9924,8122,OR2W3_OR2W3P_OR2W8P,0
9925,8122,OR51B5,0
9926,8129,OR10J5,0
9927,8129,OR1A1,1
9928,8129,OR1A2,0
9929,8129,OR1G1_OR1G2,1
9930,8129,OR2C1,0
9931,8129,OR2J2,1
9932,8129,OR2M7,0
9933,8129,OR2W1,1
9934,8129,OR51E1_OR51E1P_OR52A3P,0
9935,8129,OR51E2,0
9936,8129,OR51L1,0
9937,8129,OR52D1,0
9938,8129,OR5P3,1
9939,8130,OR10J5,0
9940,8130,OR1A1,1
9941,8130,OR1A2,1
9942,8130,OR1D2,1
9943,8130,OR1G1_OR1G2,1
9944,8130,OR2AG1_OR2AG3,0
9945,8130,OR2C1,0
9946,8130,OR2J2,0
9947,8130,OR2M7,0
9948,8130,OR2W1,1
9949,8130,OR51E1_OR51E1P_OR52A3P,0
9950,8130,OR51E2,0
9951,8130,OR51L1,0
9952,8130,OR52D1,0
9953,8130,OR5P3,0
9954,8130,OR7D4_OR7D4P,0
9955,8139,OR10S1,0
9956,8139,OR2A1,0
9957,8139,OR2A7,0
9958,8139,OR2L13_OR2L14,0
9959,8139,OR2T4,0
9960,8139,OR2W3_OR2W3P_OR2W8P,0
9961,8139,OR51B5,0
9962,8144,OR10J5,0
9963,8144,OR1A1,1
9964,8144,OR2C1,1
9965,8144,OR2C1,1
9966,8144,OR2C1,1
9967,8144,OR2C1,1
9968,8144,OR2C1,1
9969,8144,OR2C1,1
9970,8144,OR2C1,1
9971,8144,OR2C1,1
9972,8144,OR2J2,0
9973,8144,OR2M7,0
9974,8144,OR2W1,1
9975,8144,OR51E1_OR51E1P_OR52A3P,0
9976,8144,OR51E2,0
9977,8144,OR51L1,0
9978,8144,OR5P3,0
9979,8158,OR10G8,0
9980,8158,OR10J5,0
9981,8158,OR1A1,0
9982,8158,OR1A2,0
9983,8158,OR1G1_OR1G2,1
9984,8158,OR2C1,0
9985,8158,OR2J2,0
9986,8158,OR2M7,0
9987,8158,OR2W1,1
9988,8158,OR51A4,0
9989,8158,OR51E1_OR51E1P_OR52A3P,1
9990,8158,OR51E2,0
9991,8158,OR51I2,0
9992,8158,OR51L1,0
9993,8158,OR52A1,0
9994,8158,OR52A5,0
9995,8158,OR52B2,1
9996,8158,OR52D1,1
9997,8158,OR52E8,0
9998,8158,OR52L1,0
9999,8158,OR56A5_OR56A5P,1
10000,8158,OR5P3,0
10001,8159,OR10A2_OR10A2P,0
10002,8159,OR10A3,0
10003,8159,OR10A4_OR10A4P,0
10004,8159,OR10A5_OR10A1,0
10005,8159,OR10A6,0
10006,8159,OR10A7,0
10007,8159,OR10AD1_OR10AD1P,0
10008,8159,OR10AG1,0
10009,8159,OR10C1_OR10C2,0
10010,8159,OR10D3,0
10011,8159,OR10G3,0
10012,8159,OR10G4,1
10013,8159,OR10G6_OR10G6P,0
10014,8159,OR10G7,1
10015,8159,OR10G8,0
10016,8159,OR10G9_OR10G10P,0
10017,8159,OR10H1,0
10018,8159,OR10H2,0
10019,8159,OR10H3,0
10020,8159,OR10H4,0
10021,8159,OR10H5,0
10022,8159,OR10J1,0
10023,8159,OR10J3_OR10J3P,0
10024,8159,OR10J5,0
10025,8159,OR10K1,0
10026,8159,OR10K2,0
10027,8159,OR10P1_OR10P1P_OR10P2P_OR10P3P,0
10028,8159,OR10Q1,0
10029,8159,OR10R2,0
10030,8159,OR10T2,0
10031,8159,OR10V1,0
10032,8159,OR10W1_OR10W1P,0
10033,8159,OR10X1_OR10X1P,0
10034,8159,OR10Z1,0
10035,8159,OR11A1_OR11A2,0
10036,8159,OR11G2,0
10037,8159,OR11H1,0
10038,8159,OR11H12,0
10039,8159,OR11H2_OR11H2P,0
10040,8159,OR11H4,0
10041,8159,OR11H6,0
10042,8159,OR11L1,0
10043,8159,OR12D2,0
10044,8159,OR12D3,0
10045,8159,OR13A1,0
10046,8159,OR13C2,0
10047,8159,OR13C3,0
10048,8159,OR13C4,0
10049,8159,OR13C5,0
10050,8159,OR13C8,0
10051,8159,OR13C9,0
10052,8159,OR13D1,0
10053,8159,OR13F1,0
10054,8159,OR13G1,0
10055,8159,OR13H1,0
10056,8159,OR13J1,0
10057,8159,OR14A2_OR5AX1_OR5AX1P,0
10058,8159,OR14C36_OR5BF1,0
10059,8159,OR14I1_OR5BU1_OR5BU1P,0
10060,8159,OR14J1_OR5U1,0
10061,8159,OR14K1_OR5AY1,0
10062,8159,OR14L1_OR14L1P_OR5AV1P,0
10063,8159,OR1A1,0
10064,8159,OR1A2,0
10065,8159,OR1C1,0
10066,8159,OR1D2,0
10067,8159,OR1D5,0
10068,8159,OR1E1_OR1E5_OR1E6_OR1E9P,0
10069,8159,OR1E2_OR1E4,0
10070,8159,OR1F1,0
10071,8159,OR1F12P_OR1F12,0
10072,8159,OR1G1_OR1G2,0
10073,8159,OR1I1,0
10074,8159,OR1J1,0
10075,8159,OR1J2_OR1J3_OR1J5,0
10076,8159,OR1J4,0
10077,8159,OR1K1,0
10078,8159,OR1L1_OR1L2,0
10079,8159,OR1L3,0
10080,8159,OR1L4_OR1L5,0
10081,8159,OR1L6_OR1L7,0
10082,8159,OR1L8,0
10083,8159,OR1M1,1
10084,8159,OR1N1_OR1N3,0
10085,8159,OR1N2,0
10086,8159,OR1Q1_OR1Q2_OR1Q3,0
10087,8159,OR1S1,0
10088,8159,OR1S2,0
10089,8159,OR2A1,0
10090,8159,OR2A12_OR2A12P,0
10091,8159,OR2A14,0
10092,8159,OR2A14_OR2A14P_OR2A6,0
10093,8159,OR2A25_OR2A25P_OR2A27,0
10094,8159,OR2A2_OR2A17P_OR2A2P,0
10095,8159,OR2A4_OR2A10,0
10096,8159,OR2A5_OR2A26_OR2A8,0
10097,8159,OR2A7,0
10098,8159,OR2AE1_OR2AE2,0
10099,8159,OR2AG1_OR2AG3,0
10100,8159,OR2AG2_OR2AG2P,0
10101,8159,OR2AJ1_OR2AJ1P,0
10102,8159,OR2AK2_OR2AK1P,0
10103,8159,OR2AP1_OR2AP1P,0
10104,8159,OR2AT4,0
10105,8159,OR2B11,0
10106,8159,OR2B2_OR2B9,0
10107,8159,OR2B3_OR2B3P,0
10108,8159,OR2B6,0
10109,8159,OR2B8P_OR2B8,0
10110,8159,OR2C1,0
10111,8159,OR2C3_OR2C4_OR2C5P,0
10112,8159,OR2D2_OR2D1,0
10113,8159,OR2D3,0
10114,8159,OR2F1_OR2F3_OR2F3P_OR2F4_OR2F5,0
10115,8159,OR2F2,0
10116,8159,OR2G2,0
10117,8159,OR2G3,0
10118,8159,OR2G6,0
10119,8159,OR2H1_OR2H6_OR2H8,0
10120,8159,OR2H2_OR2H3,0
10121,8159,OR2J1_OR2J1P,0
10122,8159,OR2J2,0
10123,8159,OR2J3,1
10124,8159,OR2K2_OR2AR1P,0
10125,8159,OR2L13_OR2L14,0
10126,8159,OR2L2_OR2L12_OR2L4P,0
10127,8159,OR2L3,0
10128,8159,OR2L5_OR2L11,0
10129,8159,OR2L8,0
10130,8159,OR2M2,0
10131,8159,OR2M3_OR2M3P_OR2M6,0
10132,8159,OR2M4,0
10133,8159,OR2M5,0
10134,8159,OR2M7,0
10135,8159,OR2S2,0
10136,8159,OR2T1,0
10137,8159,OR2T10,0
10138,8159,OR2T11,0
10139,8159,OR2T29,0
10140,8159,OR2T2_OR2T2P,0
10141,8159,OR2T3,0
10142,8159,OR2T33,0
10143,8159,OR2T34,0
10144,8159,OR2T35,0
10145,8159,OR2T4,0
10146,8159,OR2T5,0
10147,8159,OR2T6_OR2T6P_OR2T9,0
10148,8159,OR2T8_OR2T8P,0
10149,8159,OR2V1,0
10150,8159,OR2V2_OR2V3,0
10151,8159,OR2W1,1
10152,8159,OR2W3_OR2W3P_OR2W8P,0
10153,8159,OR2W5P_OR2W5,0
10154,8159,OR2Y1,0
10155,8159,OR2Z1_OR2Z2,0
10156,8159,OR3A1,0
10157,8159,OR3A2,0
10158,8159,OR3A3_OR3A6_OR3A7_OR3A8P,0
10159,8159,OR3A4P_OR3A4_OR3A5P,0
10160,8159,OR4A15,0
10161,8159,OR4A16,0
10162,8159,OR4A47,0
10163,8159,OR4A4P,0
10164,8159,OR4A5,0
10165,8159,OR4B1,0
10166,8159,OR4C11_OR4C11P,0
10167,8159,OR4C12,0
10168,8159,OR4C15,0
10169,8159,OR4C16,0
10170,8159,OR4C3,0
10171,8159,OR4C46,0
10172,8159,OR4C5,0
10173,8159,OR4C6,0
10174,8159,OR4D10_OR4D10P,0
10175,8159,OR4D1_OR4D3,0
10176,8159,OR4D2,0
10177,8159,OR4D5,0
10178,8159,OR4D6,0
10179,8159,OR4D9,0
10180,8159,OR4E2,0
10181,8159,OR4F14,0
10182,8159,OR4F15,0
10183,8159,OR4F17_OR4F11P_OR4F18_OR4F19,0
10184,8159,OR4F21_OR4F21P,0
10185,8159,OR4F3,0
10186,8159,OR4F4,0
10187,8159,OR4F6_OR4F12,0
10188,8159,OR4K1,0
10189,8159,OR4K13,0
10190,8159,OR4K15,0
10191,8159,OR4K17,0
10192,8159,OR4K2,0
10193,8159,OR4K3_OR4K3P,0
10194,8159,OR4K5,0
10195,8159,OR4L1_OR4L2P,0
10196,8159,OR4M1,0
10197,8159,OR4M2B,0
10198,8159,OR4N2,0
10199,8159,OR4N4,0
10200,8159,OR4P4_OR4P3P,0
10201,8159,OR4Q3_OR4Q4,0
10202,8159,OR4S1,0
10203,8159,OR4S2_OR4S2P,0
10204,8159,OR4X1,0
10205,8159,OR4X2,0
10206,8159,OR51A2,0
10207,8159,OR51A4,0
10208,8159,OR51B2_OR51B1P,0
10209,8159,OR51B4,0
10210,8159,OR51B5,0
10211,8159,OR51B6,0
10212,8159,OR51D1,0
10213,8159,OR51E1_OR51E1P_OR52A3P,0
10214,8159,OR51E2,0
10215,8159,OR51F1_OR51F1P,0
10216,8159,OR51F2,0
10217,8159,OR51G1_OR51G3P,0
10218,8159,OR51G2,0
10219,8159,OR51H1_OR51H1P,0
10220,8159,OR51I1,0
10221,8159,OR51I2,0
10222,8159,OR51J1_OR51J1P_OR51J2,0
10223,8159,OR51L1,0
10224,8159,OR51M1,0
10225,8159,OR51Q1,0
10226,8159,OR51S1,0
10227,8159,OR51T1,0
10228,8159,OR51V1_OR51A12,0
10229,8159,OR52A1,0
10230,8159,OR52A4P_OR52A4,0
10231,8159,OR52A5,0
10232,8159,OR52B2,0
10233,8159,OR52B4,0
10234,8159,OR52B6,0
10235,8159,OR52D1,0
10236,8159,OR52E2,0
10237,8159,OR52E4,0
10238,8159,OR52E5,1
10239,8159,OR52E6,0
10240,8159,OR52E8,0
10241,8159,OR52H1,0
10242,8159,OR52I2,0
10243,8159,OR52J3,0
10244,8159,OR52K1,0
10245,8159,OR52K2,0
10246,8159,OR52L1,0
10247,8159,OR52L2P_OR52L2,0
10248,8159,OR52M1_OR52M1P,0
10249,8159,OR52N1,0
10250,8159,OR52N2,0
10251,8159,OR52N4,0
10252,8159,OR52N5,0
10253,8159,OR52P1_OR52P1P,0
10254,8159,OR52R1,0
10255,8159,OR52W1_OR52W1P,0
10256,8159,OR56A1,0
10257,8159,OR56A3_OR56A3P_OR56A6,0
10258,8159,OR56A4,0
10259,8159,OR56A5_OR56A5P,0
10260,8159,OR56B1_OR56B1P,0
10261,8159,OR56B4,0
10262,8159,OR5A1_OR5A1P,0
10263,8159,OR5A2,0
10264,8159,OR5AC2,0
10265,8159,OR5AK2,0
10266,8159,OR5AK3P_OR5AK3,0
10267,8159,OR5AL1_OR5AL1P,0
10268,8159,OR5AN1,0
10269,8159,OR5AP2,0
10270,8159,OR5AR1,0
10271,8159,OR5AS1,0
10272,8159,OR5AU1,0
10273,8159,OR5B12_OR5B12P_OR5B16,0
10274,8159,OR5B17_OR5B20P,0
10275,8159,OR5B2,0
10276,8159,OR5B21,0
10277,8159,OR5B3_OR5B13,0
10278,8159,OR5C1_OR5C2P,0
10279,8159,OR5D13,0
10280,8159,OR5D14,0
10281,8159,OR5D16,0
10282,8159,OR5D18,0
10283,8159,OR5F1,0
10284,8159,OR5H1,0
10285,8159,OR5H14,0
10286,8159,OR5H2,0
10287,8159,OR5H6,0
10288,8159,OR5I1,0
10289,8159,OR5J2,0
10290,8159,OR5K1,0
10291,8159,OR5K2,0
10292,8159,OR5K3,0
10293,8159,OR5K4,0
10294,8159,OR5L1,0
10295,8159,OR5M1,0
10296,8159,OR5M10,0
10297,8159,OR5M11,0
10298,8159,OR5M8,0
10299,8159,OR5M9,0
10300,8159,OR5P2,0
10301,8159,OR5P3,0
10302,8159,OR5T1_OR5T1P,0
10303,8159,OR5T2,0
10304,8159,OR5T3,0
10305,8159,OR5V1,0
10306,8159,OR5W2_OR5W2P_OR5W3P,0
10307,8159,OR6A2_OR6A1_OR6A2P,0
10308,8159,OR6B1,0
10309,8159,OR6B2_OR6B2P,0
10310,8159,OR6B3_OR6B3P,0
10311,8159,OR6C1,0
10312,8159,OR6C2,0
10313,8159,OR6C3,0
10314,8159,OR6C4,0
10315,8159,OR6C6,0
10316,8159,OR6C65,0
10317,8159,OR6C68,0
10318,8159,OR6C70,0
10319,8159,OR6C74,0
10320,8159,OR6C75,0
10321,8159,OR6C76,0
10322,8159,OR6F1,0
10323,8159,OR6J1_OR6J2,0
10324,8159,OR6K2,0
10325,8159,OR6K3,0
10326,8159,OR6K6,0
10327,8159,OR6M1,0
10328,8159,OR6N1,0
10329,8159,OR6N2,0
10330,8159,OR6P1,0
10331,8159,OR6Q1,0
10332,8159,OR6S1,0
10333,8159,OR6T1,0
10334,8159,OR6V1,0
10335,8159,OR6X1,0
10336,8159,OR6Y1_OR6Y2,0
10337,8159,OR7A10,0
10338,8159,OR7A17,0
10339,8159,OR7A5,0
10340,8159,OR7C1_OR7C4,0
10341,8159,OR7D2,0
10342,8159,OR7D4_OR7D4P,0
10343,8159,OR7E24_OR7E24P,0
10344,8159,OR7G2,0
10345,8159,OR7G3,0
10346,8159,OR8A1,0
10347,8159,OR8B12,0
10348,8159,OR8B2,0
10349,8159,OR8B3,0
10350,8159,OR8B4_OR8B4P,0
10351,8159,OR8B8,0
10352,8159,OR8D1_OR8D3,0
10353,8159,OR8D2,0
10354,8159,OR8D4,0
10355,8159,OR8G1_OR8G1P,0
10356,8159,OR8G5_OR8G5P_OR8G6,0
10357,8159,OR8H1,0
10358,8159,OR8H2,0
10359,8159,OR8H3,0
10360,8159,OR8I2,0
10361,8159,OR8J1,0
10362,8159,OR8J3,0
10363,8159,OR8K1,0
10364,8159,OR8K3,0
10365,8159,OR8K5,0
10366,8159,OR8S1,0
10367,8159,OR8U1,0
10368,8159,OR8U3_OR5R1_OR5R1P,0
10369,8159,OR8U8,0
10370,8159,OR8U9,0
10371,8159,OR9A2,0
10372,8159,OR9A4,1
10373,8159,OR9G4,0
10374,8159,OR9G9,0
10375,8159,OR9I1,0
10376,8159,OR9K2,0
10377,8159,OR9Q1,0
10378,8159,OR9Q2,0
10379,8159,OR9Q2_OR9Q2P,0
10380,8164,OR10A2_OR10A2P,0
10381,8164,OR10A3,0
10382,8164,OR10A4_OR10A4P,0
10383,8164,OR10A5_OR10A1,0
10384,8164,OR10A6,0
10385,8164,OR10A7,0
10386,8164,OR10AD1_OR10AD1P,0
10387,8164,OR10AG1,0
10388,8164,OR10C1_OR10C2,0
10389,8164,OR10D3,0
10390,8164,OR10G3,0
10391,8164,OR10G4,0
10392,8164,OR10G6_OR10G6P,0
10393,8164,OR10G7,1
10394,8164,OR10G8,0
10395,8164,OR10G9_OR10G10P,0
10396,8164,OR10H1,0
10397,8164,OR10H2,0
10398,8164,OR10H3,0
10399,8164,OR10H4,0
10400,8164,OR10H5,0
10401,8164,OR10J1,0
10402,8164,OR10J3_OR10J3P,0
10403,8164,OR10J5,0
10404,8164,OR10K1,0
10405,8164,OR10K2,0
10406,8164,OR10P1_OR10P1P_OR10P2P_OR10P3P,0
10407,8164,OR10Q1,0
10408,8164,OR10R2,0
10409,8164,OR10T2,0
10410,8164,OR10V1,0
10411,8164,OR10W1_OR10W1P,0
10412,8164,OR10X1_OR10X1P,0
10413,8164,OR10Z1,0
10414,8164,OR11A1_OR11A2,0
10415,8164,OR11G2,0
10416,8164,OR11H1,0
10417,8164,OR11H12,0
10418,8164,OR11H2_OR11H2P,0
10419,8164,OR11H4,0
10420,8164,OR11H6,0
10421,8164,OR11L1,0
10422,8164,OR12D2,0
10423,8164,OR12D3,0
10424,8164,OR13A1,0
10425,8164,OR13C2,0
10426,8164,OR13C3,0
10427,8164,OR13C4,0
10428,8164,OR13C5,0
10429,8164,OR13C8,0
10430,8164,OR13C9,0
10431,8164,OR13D1,0
10432,8164,OR13F1,0
10433,8164,OR13G1,0
10434,8164,OR13H1,0
10435,8164,OR13J1,0
10436,8164,OR14A2_OR5AX1_OR5AX1P,0
10437,8164,OR14C36_OR5BF1,0
10438,8164,OR14I1_OR5BU1_OR5BU1P,0
10439,8164,OR14J1_OR5U1,0
10440,8164,OR14K1_OR5AY1,0
10441,8164,OR14L1_OR14L1P_OR5AV1P,0
10442,8164,OR1A1,1
10443,8164,OR1A1,1
10444,8164,OR1A2,0
10445,8164,OR1C1,0
10446,8164,OR1D2,0
10447,8164,OR1D5,0
10448,8164,OR1E1_OR1E5_OR1E6_OR1E9P,0
10449,8164,OR1E2_OR1E4,0
10450,8164,OR1F1,0
10451,8164,OR1F12P_OR1F12,0
10452,8164,OR1G1_OR1G2,0
10453,8164,OR1I1,0
10454,8164,OR1J1,0
10455,8164,OR1J2_OR1J3_OR1J5,0
10456,8164,OR1J4,0
10457,8164,OR1K1,0
10458,8164,OR1L1_OR1L2,0
10459,8164,OR1L3,0
10460,8164,OR1L4_OR1L5,0
10461,8164,OR1L6_OR1L7,0
10462,8164,OR1L8,0
10463,8164,OR1M1,0
10464,8164,OR1N1_OR1N3,0
10465,8164,OR1N2,0
10466,8164,OR1Q1_OR1Q2_OR1Q3,0
10467,8164,OR1S1,0
10468,8164,OR1S2,0
10469,8164,OR2A1,0
10470,8164,OR2A12_OR2A12P,0
10471,8164,OR2A14,0
10472,8164,OR2A14_OR2A14P_OR2A6,0
10473,8164,OR2A25_OR2A25P_OR2A27,0
10474,8164,OR2A2_OR2A17P_OR2A2P,0
10475,8164,OR2A4_OR2A10,0
10476,8164,OR2A5_OR2A26_OR2A8,0
10477,8164,OR2A7,0
10478,8164,OR2AE1_OR2AE2,0
10479,8164,OR2AG1_OR2AG3,0
10480,8164,OR2AG2_OR2AG2P,0
10481,8164,OR2AJ1_OR2AJ1P,0
10482,8164,OR2AK2_OR2AK1P,0
10483,8164,OR2AP1_OR2AP1P,0
10484,8164,OR2AT4,0
10485,8164,OR2B11,0
10486,8164,OR2B2_OR2B9,0
10487,8164,OR2B3_OR2B3P,0
10488,8164,OR2B6,0
10489,8164,OR2B8P_OR2B8,0
10490,8164,OR2C1,0
10491,8164,OR2C3_OR2C4_OR2C5P,0
10492,8164,OR2D2_OR2D1,0
10493,8164,OR2D3,0
10494,8164,OR2F1_OR2F3_OR2F3P_OR2F4_OR2F5,0
10495,8164,OR2F2,0
10496,8164,OR2G2,0
10497,8164,OR2G3,0
10498,8164,OR2G6,0
10499,8164,OR2H1_OR2H6_OR2H8,0
10500,8164,OR2H2_OR2H3,0
10501,8164,OR2J1_OR2J1P,0
10502,8164,OR2J2,0
10503,8164,OR2J3,1
10504,8164,OR2J3,1
10505,8164,OR2K2_OR2AR1P,0
10506,8164,OR2L13_OR2L14,0
10507,8164,OR2L2_OR2L12_OR2L4P,0
10508,8164,OR2L3,0
10509,8164,OR2L5_OR2L11,0
10510,8164,OR2L8,0
10511,8164,OR2M2,0
10512,8164,OR2M3_OR2M3P_OR2M6,0
10513,8164,OR2M4,0
10514,8164,OR2M5,0
10515,8164,OR2M7,0
10516,8164,OR2S2,0
10517,8164,OR2T1,0
10518,8164,OR2T10,0
10519,8164,OR2T11,0
10520,8164,OR2T29,0
10521,8164,OR2T2_OR2T2P,0
10522,8164,OR2T3,0
10523,8164,OR2T33,0
10524,8164,OR2T34,0
10525,8164,OR2T35,0
10526,8164,OR2T4,0
10527,8164,OR2T5,0
10528,8164,OR2T6_OR2T6P_OR2T9,0
10529,8164,OR2T8_OR2T8P,0
10530,8164,OR2V1,0
10531,8164,OR2V2_OR2V3,0
10532,8164,OR2W1,0
10533,8164,OR2W3_OR2W3P_OR2W8P,0
10534,8164,OR2W5P_OR2W5,0
10535,8164,OR2Y1,0
10536,8164,OR2Z1_OR2Z2,0
10537,8164,OR3A1,0
10538,8164,OR3A2,0
10539,8164,OR3A3_OR3A6_OR3A7_OR3A8P,0
10540,8164,OR3A4P_OR3A4_OR3A5P,0
10541,8164,OR4A15,0
10542,8164,OR4A16,0
10543,8164,OR4A47,0
10544,8164,OR4A4P,0
10545,8164,OR4A5,0
10546,8164,OR4B1,0
10547,8164,OR4C11_OR4C11P,0
10548,8164,OR4C12,0
10549,8164,OR4C15,0
10550,8164,OR4C16,0
10551,8164,OR4C3,0
10552,8164,OR4C46,0
10553,8164,OR4C5,0
10554,8164,OR4C6,0
10555,8164,OR4D10_OR4D10P,0
10556,8164,OR4D1_OR4D3,0
10557,8164,OR4D2,0
10558,8164,OR4D5,0
10559,8164,OR4D6,0
10560,8164,OR4D9,0
10561,8164,OR4E2,0
10562,8164,OR4F14,0
10563,8164,OR4F15,0
10564,8164,OR4F17_OR4F11P_OR4F18_OR4F19,0
10565,8164,OR4F21_OR4F21P,0
10566,8164,OR4F3,0
10567,8164,OR4F4,0
10568,8164,OR4F6_OR4F12,0
10569,8164,OR4K1,0
10570,8164,OR4K13,0
10571,8164,OR4K15,0
10572,8164,OR4K17,0
10573,8164,OR4K2,0
10574,8164,OR4K3_OR4K3P,0
10575,8164,OR4K5,0
10576,8164,OR4L1_OR4L2P,0
10577,8164,OR4M1,0
10578,8164,OR4M2B,0
10579,8164,OR4N2,0
10580,8164,OR4N4,0
10581,8164,OR4P4_OR4P3P,0
10582,8164,OR4Q3_OR4Q4,0
10583,8164,OR4S1,0
10584,8164,OR4S2_OR4S2P,0
10585,8164,OR4X1,0
10586,8164,OR4X2,0
10587,8164,OR51A2,0
10588,8164,OR51A4,0
10589,8164,OR51B2_OR51B1P,0
10590,8164,OR51B4,0
10591,8164,OR51B5,0
10592,8164,OR51B6,0
10593,8164,OR51D1,0
10594,8164,OR51E1_OR51E1P_OR52A3P,1
10595,8164,OR51E2,0
10596,8164,OR51F1_OR51F1P,0
10597,8164,OR51F2,0
10598,8164,OR51G1_OR51G3P,0
10599,8164,OR51G2,0
10600,8164,OR51H1_OR51H1P,0
10601,8164,OR51I1,0
10602,8164,OR51I2,0
10603,8164,OR51J1_OR51J1P_OR51J2,0
10604,8164,OR51L1,0
10605,8164,OR51M1,0
10606,8164,OR51Q1,0
10607,8164,OR51S1,0
10608,8164,OR51T1,0
10609,8164,OR51V1_OR51A12,0
10610,8164,OR52A1,0
10611,8164,OR52A4P_OR52A4,0
10612,8164,OR52A5,0
10613,8164,OR52B2,0
10614,8164,OR52B4,0
10615,8164,OR52B6,0
10616,8164,OR52D1,0
10617,8164,OR52E2,0
10618,8164,OR52E4,0
10619,8164,OR52E5,0
10620,8164,OR52E6,0
10621,8164,OR52E8,0
10622,8164,OR52H1,0
10623,8164,OR52I2,0
10624,8164,OR52J3,0
10625,8164,OR52K1,0
10626,8164,OR52K2,0
10627,8164,OR52L1,0
10628,8164,OR52L2P_OR52L2,0
10629,8164,OR52M1_OR52M1P,0
10630,8164,OR52N1,0
10631,8164,OR52N2,0
10632,8164,OR52N4,0
10633,8164,OR52N5,0
10634,8164,OR52P1_OR52P1P,0
10635,8164,OR52R1,0
10636,8164,OR52W1_OR52W1P,0
10637,8164,OR56A1,0
10638,8164,OR56A3_OR56A3P_OR56A6,0
10639,8164,OR56A4,0
10640,8164,OR56A5_OR56A5P,1
10641,8164,OR56B1_OR56B1P,0
10642,8164,OR56B4,0
10643,8164,OR5A1_OR5A1P,0
10644,8164,OR5A2,0
10645,8164,OR5AC2,0
10646,8164,OR5AK2,0
10647,8164,OR5AK3P_OR5AK3,0
10648,8164,OR5AL1_OR5AL1P,0
10649,8164,OR5AN1,0
10650,8164,OR5AP2,0
10651,8164,OR5AR1,0
10652,8164,OR5AS1,0
10653,8164,OR5AU1,0
10654,8164,OR5B12_OR5B12P_OR5B16,0
10655,8164,OR5B17_OR5B20P,0
10656,8164,OR5B2,0
10657,8164,OR5B21,0
10658,8164,OR5B3_OR5B13,0
10659,8164,OR5C1_OR5C2P,0
10660,8164,OR5D13,0
10661,8164,OR5D14,0
10662,8164,OR5D16,0
10663,8164,OR5D18,0
10664,8164,OR5F1,0
10665,8164,OR5H1,0
10666,8164,OR5H14,0
10667,8164,OR5H2,0
10668,8164,OR5H6,0
10669,8164,OR5I1,0
10670,8164,OR5J2,0
10671,8164,OR5K1,0
10672,8164,OR5K2,0
10673,8164,OR5K3,0
10674,8164,OR5K4,0
10675,8164,OR5L1,0
10676,8164,OR5M1,0
10677,8164,OR5M10,0
10678,8164,OR5M11,0
10679,8164,OR5M8,0
10680,8164,OR5M9,0
10681,8164,OR5P2,0
10682,8164,OR5P3,0
10683,8164,OR5T1_OR5T1P,0
10684,8164,OR5T2,0
10685,8164,OR5T3,0
10686,8164,OR5V1,0
10687,8164,OR5W2_OR5W2P_OR5W3P,0
10688,8164,OR6A2_OR6A1_OR6A2P,0
10689,8164,OR6B1,0
10690,8164,OR6B2_OR6B2P,0
10691,8164,OR6B3_OR6B3P,0
10692,8164,OR6C1,0
10693,8164,OR6C2,0
10694,8164,OR6C3,0
10695,8164,OR6C4,0
10696,8164,OR6C6,0
10697,8164,OR6C65,0
10698,8164,OR6C68,1
10699,8164,OR6C70,0
10700,8164,OR6C74,0
10701,8164,OR6C75,0
10702,8164,OR6C76,0
10703,8164,OR6F1,0
10704,8164,OR6J1_OR6J2,0
10705,8164,OR6K2,0
10706,8164,OR6K3,0
10707,8164,OR6K6,0
10708,8164,OR6M1,0
10709,8164,OR6N1,0
10710,8164,OR6N2,0
10711,8164,OR6P1,0
10712,8164,OR6Q1,0
10713,8164,OR6S1,0
10714,8164,OR6T1,0
10715,8164,OR6V1,0
10716,8164,OR6X1,0
10717,8164,OR6Y1_OR6Y2,0
10718,8164,OR7A10,0
10719,8164,OR7A17,0
10720,8164,OR7A5,0
10721,8164,OR7C1_OR7C4,0
10722,8164,OR7D2,0
10723,8164,OR7D4_OR7D4P,0
10724,8164,OR7E24_OR7E24P,0
10725,8164,OR7G2,0
10726,8164,OR7G3,0
10727,8164,OR8A1,0
10728,8164,OR8B12,0
10729,8164,OR8B2,0
10730,8164,OR8B3,0
10731,8164,OR8B4_OR8B4P,0
10732,8164,OR8B8,0
10733,8164,OR8D1_OR8D3,0
10734,8164,OR8D2,0
10735,8164,OR8D4,0
10736,8164,OR8G1_OR8G1P,0
10737,8164,OR8G5_OR8G5P_OR8G6,0
10738,8164,OR8H1,0
10739,8164,OR8H2,0
10740,8164,OR8H3,0
10741,8164,OR8I2,0
10742,8164,OR8J1,0
10743,8164,OR8J3,0
10744,8164,OR8K1,0
10745,8164,OR8K3,0
10746,8164,OR8K5,0
10747,8164,OR8S1,0
10748,8164,OR8U1,0
10749,8164,OR8U3_OR5R1_OR5R1P,0
10750,8164,OR8U8,0
10751,8164,OR8U9,0
10752,8164,OR9A2,0
10753,8164,OR9A4,0
10754,8164,OR9G4,0
10755,8164,OR9G9,0
10756,8164,OR9I1,0
10757,8164,OR9K2,0
10758,8164,OR9Q1,0
10759,8164,OR9Q2,0
10760,8164,OR9Q2_OR9Q2P,0
10761,8174,OR10J5,0
10762,8174,OR1A1,1
10763,8174,OR1G1_OR1G2,1
10764,8174,OR2C1,0
10765,8174,OR2J2,1
10766,8174,OR2M7,0
10767,8174,OR2W1,1
10768,8174,OR51E1_OR51E1P_OR52A3P,0
10769,8174,OR51E2,0
10770,8174,OR51L1,0
10771,8174,OR52D1,0
10772,8174,OR5P3,0
10773,8175,OR10A2_OR10A2P,0
10774,8175,OR10A3,0
10775,8175,OR10A4_OR10A4P,0
10776,8175,OR10A5_OR10A1,0
10777,8175,OR10A6,0
10778,8175,OR10A7,0
10779,8175,OR10AD1_OR10AD1P,0
10780,8175,OR10AG1,0
10781,8175,OR10C1_OR10C2,0
10782,8175,OR10D3,0
10783,8175,OR10G3,0
10784,8175,OR10G4,0
10785,8175,OR10G6_OR10G6P,0
10786,8175,OR10G7,0
10787,8175,OR10G8,0
10788,8175,OR10G9_OR10G10P,0
10789,8175,OR10H1,0
10790,8175,OR10H2,0
10791,8175,OR10H3,0
10792,8175,OR10H4,0
10793,8175,OR10H5,0
10794,8175,OR10J1,0
10795,8175,OR10J3_OR10J3P,0
10796,8175,OR10J5,0
10797,8175,OR10K1,0
10798,8175,OR10K2,0
10799,8175,OR10P1_OR10P1P_OR10P2P_OR10P3P,0
10800,8175,OR10Q1,0
10801,8175,OR10R2,0
10802,8175,OR10T2,0
10803,8175,OR10V1,0
10804,8175,OR10W1_OR10W1P,0
10805,8175,OR10X1_OR10X1P,0
10806,8175,OR10Z1,0
10807,8175,OR11A1_OR11A2,0
10808,8175,OR11G2,0
10809,8175,OR11H1,0
10810,8175,OR11H12,0
10811,8175,OR11H2_OR11H2P,0
10812,8175,OR11H4,0
10813,8175,OR11H6,0
10814,8175,OR11L1,0
10815,8175,OR12D2,0
10816,8175,OR12D3,0
10817,8175,OR13A1,0
10818,8175,OR13C2,0
10819,8175,OR13C3,0
10820,8175,OR13C4,0
10821,8175,OR13C5,0
10822,8175,OR13C8,0
10823,8175,OR13C9,0
10824,8175,OR13D1,0
10825,8175,OR13F1,0
10826,8175,OR13G1,0
10827,8175,OR13H1,0
10828,8175,OR13J1,0
10829,8175,OR14A2_OR5AX1_OR5AX1P,0
10830,8175,OR14C36_OR5BF1,0
10831,8175,OR14I1_OR5BU1_OR5BU1P,0
10832,8175,OR14J1_OR5U1,0
10833,8175,OR14K1_OR5AY1,0
10834,8175,OR14L1_OR14L1P_OR5AV1P,0
10835,8175,OR1A1,1
10836,8175,OR1A1,1
10837,8175,OR1A2,1
10838,8175,OR1C1,0
10839,8175,OR1D2,0
10840,8175,OR1D5,1
10841,8175,OR1E1_OR1E5_OR1E6_OR1E9P,0
10842,8175,OR1E2_OR1E4,0
10843,8175,OR1F1,0
10844,8175,OR1F12P_OR1F12,0
10845,8175,OR1G1_OR1G2,1
10846,8175,OR1I1,0
10847,8175,OR1J1,0
10848,8175,OR1J2_OR1J3_OR1J5,0
10849,8175,OR1J4,0
10850,8175,OR1K1,0
10851,8175,OR1L1_OR1L2,0
10852,8175,OR1L3,0
10853,8175,OR1L4_OR1L5,0
10854,8175,OR1L6_OR1L7,0
10855,8175,OR1L8,0
10856,8175,OR1M1,0
10857,8175,OR1N1_OR1N3,0
10858,8175,OR1N2,0
10859,8175,OR1Q1_OR1Q2_OR1Q3,0
10860,8175,OR1S1,0
10861,8175,OR1S2,0
10862,8175,OR2A1,0
10863,8175,OR2A12_OR2A12P,0
10864,8175,OR2A14,0
10865,8175,OR2A14_OR2A14P_OR2A6,0
10866,8175,OR2A25_OR2A25P_OR2A27,0
10867,8175,OR2A2_OR2A17P_OR2A2P,0
10868,8175,OR2A4_OR2A10,0
10869,8175,OR2A5_OR2A26_OR2A8,0
10870,8175,OR2A7,0
10871,8175,OR2AE1_OR2AE2,0
10872,8175,OR2AG1_OR2AG3,0
10873,8175,OR2AG2_OR2AG2P,0
10874,8175,OR2AJ1_OR2AJ1P,0
10875,8175,OR2AK2_OR2AK1P,0
10876,8175,OR2AP1_OR2AP1P,0
10877,8175,OR2AT4,0
10878,8175,OR2B11,0
10879,8175,OR2B2_OR2B9,0
10880,8175,OR2B3_OR2B3P,0
10881,8175,OR2B6,0
10882,8175,OR2B8P_OR2B8,0
10883,8175,OR2C1,0
10884,8175,OR2C3_OR2C4_OR2C5P,0
10885,8175,OR2D2_OR2D1,0
10886,8175,OR2D3,0
10887,8175,OR2F1_OR2F3_OR2F3P_OR2F4_OR2F5,0
10888,8175,OR2F2,0
10889,8175,OR2G2,0
10890,8175,OR2G3,0
10891,8175,OR2G6,0
10892,8175,OR2H1_OR2H6_OR2H8,0
10893,8175,OR2H2_OR2H3,0
10894,8175,OR2J1_OR2J1P,0
10895,8175,OR2J2,0
10896,8175,OR2J3,1
10897,8175,OR2K2_OR2AR1P,0
10898,8175,OR2L13_OR2L14,0
10899,8175,OR2L2_OR2L12_OR2L4P,0
10900,8175,OR2L3,0
10901,8175,OR2L5_OR2L11,0
10902,8175,OR2L8,0
10903,8175,OR2M2,0
10904,8175,OR2M3_OR2M3P_OR2M6,0
10905,8175,OR2M4,0
10906,8175,OR2M5,0
10907,8175,OR2M7,0
10908,8175,OR2S2,0
10909,8175,OR2T1,0
10910,8175,OR2T10,0
10911,8175,OR2T11,0
10912,8175,OR2T29,0
10913,8175,OR2T2_OR2T2P,0
10914,8175,OR2T3,0
10915,8175,OR2T33,0
10916,8175,OR2T34,0
10917,8175,OR2T35,0
10918,8175,OR2T4,0
10919,8175,OR2T5,0
10920,8175,OR2T6_OR2T6P_OR2T9,0
10921,8175,OR2T8_OR2T8P,0
10922,8175,OR2V1,0
10923,8175,OR2V2_OR2V3,0
10924,8175,OR2W1,0
10925,8175,OR2W3_OR2W3P_OR2W8P,0
10926,8175,OR2W5P_OR2W5,0
10927,8175,OR2Y1,0
10928,8175,OR2Z1_OR2Z2,0
10929,8175,OR3A1,0
10930,8175,OR3A2,0
10931,8175,OR3A3_OR3A6_OR3A7_OR3A8P,0
10932,8175,OR3A4P_OR3A4_OR3A5P,0
10933,8175,OR4A15,0
10934,8175,OR4A16,0
10935,8175,OR4A47,0
10936,8175,OR4A4P,0
10937,8175,OR4A5,1
10938,8175,OR4B1,0
10939,8175,OR4C11_OR4C11P,0
10940,8175,OR4C12,0
10941,8175,OR4C15,0
10942,8175,OR4C16,0
10943,8175,OR4C3,0
10944,8175,OR4C46,0
10945,8175,OR4C5,0
10946,8175,OR4C6,0
10947,8175,OR4D10_OR4D10P,0
10948,8175,OR4D1_OR4D3,0
10949,8175,OR4D2,0
10950,8175,OR4D5,0
10951,8175,OR4D6,0
10952,8175,OR4D9,0
10953,8175,OR4E2,0
10954,8175,OR4F14,0
10955,8175,OR4F15,0
10956,8175,OR4F17_OR4F11P_OR4F18_OR4F19,0
10957,8175,OR4F21_OR4F21P,0
10958,8175,OR4F3,0
10959,8175,OR4F4,0
10960,8175,OR4F6_OR4F12,0
10961,8175,OR4K1,0
10962,8175,OR4K13,0
10963,8175,OR4K15,1
10964,8175,OR4K17,0
10965,8175,OR4K2,0
10966,8175,OR4K3_OR4K3P,0
10967,8175,OR4K5,0
10968,8175,OR4L1_OR4L2P,0
10969,8175,OR4M1,0
10970,8175,OR4M2B,0
10971,8175,OR4N2,0
10972,8175,OR4N4,0
10973,8175,OR4P4_OR4P3P,0
10974,8175,OR4Q3_OR4Q4,0
10975,8175,OR4S1,0
10976,8175,OR4S2_OR4S2P,0
10977,8175,OR4X1,0
10978,8175,OR4X2,0
10979,8175,OR51A2,0
10980,8175,OR51A4,0
10981,8175,OR51B2_OR51B1P,0
10982,8175,OR51B4,0
10983,8175,OR51B5,0
10984,8175,OR51B6,0
10985,8175,OR51D1,0
10986,8175,OR51E1_OR51E1P_OR52A3P,1
10987,8175,OR51E2,0
10988,8175,OR51F1_OR51F1P,0
10989,8175,OR51F2,0
10990,8175,OR51G1_OR51G3P,0
10991,8175,OR51G2,0
10992,8175,OR51H1_OR51H1P,0
10993,8175,OR51I1,0
10994,8175,OR51I2,0
10995,8175,OR51J1_OR51J1P_OR51J2,0
10996,8175,OR51L1,0
10997,8175,OR51M1,1
10998,8175,OR51Q1,0
10999,8175,OR51S1,0
11000,8175,OR51T1,0
11001,8175,OR51V1_OR51A12,0
11002,8175,OR52A1,0
11003,8175,OR52A4P_OR52A4,0
11004,8175,OR52A5,0
11005,8175,OR52B2,0
11006,8175,OR52B4,0
11007,8175,OR52B6,0
11008,8175,OR52D1,1
11009,8175,OR52E2,0
11010,8175,OR52E4,0
11011,8175,OR52E5,1
11012,8175,OR52E6,0
11013,8175,OR52E8,0
11014,8175,OR52H1,0
11015,8175,OR52I2,0
11016,8175,OR52J3,0
11017,8175,OR52K1,0
11018,8175,OR52K2,0
11019,8175,OR52L1,0
11020,8175,OR52L2P_OR52L2,0
11021,8175,OR52M1_OR52M1P,0
11022,8175,OR52N1,0
11023,8175,OR52N2,0
11024,8175,OR52N4,0
11025,8175,OR52N5,1
11026,8175,OR52P1_OR52P1P,0
11027,8175,OR52R1,0
11028,8175,OR52W1_OR52W1P,0
11029,8175,OR56A1,0
11030,8175,OR56A3_OR56A3P_OR56A6,0
11031,8175,OR56A4,1
11032,8175,OR56A4,1
11033,8175,OR56A4,1
11034,8175,OR56A5_OR56A5P,0
11035,8175,OR56B1_OR56B1P,0
11036,8175,OR56B4,0
11037,8175,OR5A1_OR5A1P,0
11038,8175,OR5A2,0
11039,8175,OR5AC2,0
11040,8175,OR5AK2,0
11041,8175,OR5AK3P_OR5AK3,0
11042,8175,OR5AL1_OR5AL1P,0
11043,8175,OR5AN1,0
11044,8175,OR5AP2,0
11045,8175,OR5AR1,0
11046,8175,OR5AS1,0
11047,8175,OR5AU1,0
11048,8175,OR5B12_OR5B12P_OR5B16,0
11049,8175,OR5B17_OR5B20P,0
11050,8175,OR5B2,0
11051,8175,OR5B21,0
11052,8175,OR5B3_OR5B13,0
11053,8175,OR5C1_OR5C2P,0
11054,8175,OR5D13,0
11055,8175,OR5D14,0
11056,8175,OR5D16,0
11057,8175,OR5D18,0
11058,8175,OR5F1,0
11059,8175,OR5H1,0
11060,8175,OR5H14,0
11061,8175,OR5H2,0
11062,8175,OR5H6,0
11063,8175,OR5I1,0
11064,8175,OR5J2,0
11065,8175,OR5K1,0
11066,8175,OR5K2,0
11067,8175,OR5K3,0
11068,8175,OR5K4,0
11069,8175,OR5L1,0
11070,8175,OR5M1,0
11071,8175,OR5M10,0
11072,8175,OR5M11,0
11073,8175,OR5M3,0
11074,8175,OR5M8,0
11075,8175,OR5M9,0
11076,8175,OR5P2,0
11077,8175,OR5P3,0
11078,8175,OR5T1_OR5T1P,0
11079,8175,OR5T2,0
11080,8175,OR5T3,0
11081,8175,OR5V1,0
11082,8175,OR5W2_OR5W2P_OR5W3P,0
11083,8175,OR6A2_OR6A1_OR6A2P,0
11084,8175,OR6B1,0
11085,8175,OR6B2_OR6B2P,0
11086,8175,OR6B3_OR6B3P,0
11087,8175,OR6C1,0
11088,8175,OR6C2,0
11089,8175,OR6C3,0
11090,8175,OR6C4,0
11091,8175,OR6C6,0
11092,8175,OR6C65,0
11093,8175,OR6C68,0
11094,8175,OR6C70,0
11095,8175,OR6C74,0
11096,8175,OR6C75,0
11097,8175,OR6C76,0
11098,8175,OR6F1,0
11099,8175,OR6J1_OR6J2,0
11100,8175,OR6K2,0
11101,8175,OR6K3,0
11102,8175,OR6K6,0
11103,8175,OR6M1,0
11104,8175,OR6N1,0
11105,8175,OR6N2,0
11106,8175,OR6P1,0
11107,8175,OR6Q1,0
11108,8175,OR6S1,0
11109,8175,OR6T1,0
11110,8175,OR6V1,0
11111,8175,OR6X1,0
11112,8175,OR6Y1_OR6Y2,0
11113,8175,OR7A10,0
11114,8175,OR7A17,0
11115,8175,OR7A5,0
11116,8175,OR7C1_OR7C4,0
11117,8175,OR7D2,0
11118,8175,OR7D4_OR7D4P,0
11119,8175,OR7E24_OR7E24P,0
11120,8175,OR7G2,0
11121,8175,OR7G3,0
11122,8175,OR8A1,0
11123,8175,OR8B12,0
11124,8175,OR8B2,0
11125,8175,OR8B3,0
11126,8175,OR8B4_OR8B4P,0
11127,8175,OR8B8,0
11128,8175,OR8D1_OR8D3,0
11129,8175,OR8D2,0
11130,8175,OR8D4,0
11131,8175,OR8G1_OR8G1P,0
11132,8175,OR8G5_OR8G5P_OR8G6,0
11133,8175,OR8H1,0
11134,8175,OR8H2,0
11135,8175,OR8H3,0
11136,8175,OR8I2,0
11137,8175,OR8J1,0
11138,8175,OR8J3,0
11139,8175,OR8K1,0
11140,8175,OR8K3,0
11141,8175,OR8K5,0
11142,8175,OR8S1,0
11143,8175,OR8U1,0
11144,8175,OR8U3_OR5R1_OR5R1P,0
11145,8175,OR8U8,0
11146,8175,OR8U9,0
11147,8175,OR9A2,0
11148,8175,OR9A4,0
11149,8175,OR9G4,0
11150,8175,OR9G9,0
11151,8175,OR9I1,0
11152,8175,OR9K2,0
11153,8175,OR9Q1,0
11154,8175,OR9Q2,0
11155,8175,OR9Q2_OR9Q2P,0
11156,8180,OR51E1_OR51E1P_OR52A3P,0
11157,8180,OR51E2,0
11158,8180,OR51I2,0
11159,8180,OR51L1,0
11160,8180,OR52A5,0
11161,8180,OR52B2,0
11162,8180,OR52D1,0
11163,8180,OR52E8,0
11164,8180,OR52L1,0
11165,8180,OR56A5_OR56A5P,1
11166,8181,OR10S1,0
11167,8181,OR2A1,0
11168,8181,OR2A7,0
11169,8181,OR2L13_OR2L14,0
11170,8181,OR2T4,0
11171,8181,OR2W3_OR2W3P_OR2W8P,0
11172,8181,OR51B5,0
11173,8186,OR10A2_OR10A2P,0
11174,8186,OR10A3,0
11175,8186,OR10A4_OR10A4P,0
11176,8186,OR10A5_OR10A1,0
11177,8186,OR10A6,0
11178,8186,OR10A7,0
11179,8186,OR10AD1_OR10AD1P,0
11180,8186,OR10AG1,0
11181,8186,OR10C1_OR10C2,0
11182,8186,OR10D3,0
11183,8186,OR10G3,0
11184,8186,OR10G4,0
11185,8186,OR10G6_OR10G6P,0
11186,8186,OR10G7,0
11187,8186,OR10G8,0
11188,8186,OR10G9_OR10G10P,0
11189,8186,OR10H1,0
11190,8186,OR10H2,0
11191,8186,OR10H3,0
11192,8186,OR10H4,0
11193,8186,OR10H5,0
11194,8186,OR10J1,0
11195,8186,OR10J3_OR10J3P,0
11196,8186,OR10J5,0
11197,8186,OR10K1,0
11198,8186,OR10K2,0
11199,8186,OR10P1_OR10P1P_OR10P2P_OR10P3P,0
11200,8186,OR10Q1,0
11201,8186,OR10R2,0
11202,8186,OR10S1,0
11203,8186,OR10T2,0
11204,8186,OR10V1,0
11205,8186,OR10W1_OR10W1P,0
11206,8186,OR10X1_OR10X1P,0
11207,8186,OR10Z1,0
11208,8186,OR11A1_OR11A2,0
11209,8186,OR11G2,0
11210,8186,OR11H1,1
11211,8186,OR11H12,0
11212,8186,OR11H2_OR11H2P,0
11213,8186,OR11H4,0
11214,8186,OR11H6,0
11215,8186,OR11L1,0
11216,8186,OR12D2,0
11217,8186,OR12D3,0
11218,8186,OR13A1,0
11219,8186,OR13C2,0
11220,8186,OR13C3,0
11221,8186,OR13C4,0
11222,8186,OR13C5,0
11223,8186,OR13C8,0
11224,8186,OR13C9,0
11225,8186,OR13D1,0
11226,8186,OR13F1,0
11227,8186,OR13G1,0
11228,8186,OR13H1,0
11229,8186,OR13J1,0
11230,8186,OR14A2_OR5AX1_OR5AX1P,0
11231,8186,OR14C36_OR5BF1,0
11232,8186,OR14I1_OR5BU1_OR5BU1P,0
11233,8186,OR14J1_OR5U1,0
11234,8186,OR14K1_OR5AY1,0
11235,8186,OR14L1_OR14L1P_OR5AV1P,0
11236,8186,OR1A1,1
11237,8186,OR1A2,0
11238,8186,OR1C1,0
11239,8186,OR1D2,0
11240,8186,OR1D5,0
11241,8186,OR1E1_OR1E5_OR1E6_OR1E9P,0
11242,8186,OR1E2_OR1E4,0
11243,8186,OR1F1,0
11244,8186,OR1F12P_OR1F12,0
11245,8186,OR1G1_OR1G2,1
11246,8186,OR1I1,0
11247,8186,OR1J1,0
11248,8186,OR1J2_OR1J3_OR1J5,0
11249,8186,OR1J4,0
11250,8186,OR1K1,0
11251,8186,OR1L1_OR1L2,0
11252,8186,OR1L3,0
11253,8186,OR1L4_OR1L5,0
11254,8186,OR1L6_OR1L7,0
11255,8186,OR1L8,0
11256,8186,OR1M1,0
11257,8186,OR1N1_OR1N3,0
11258,8186,OR1N2,0
11259,8186,OR1Q1_OR1Q2_OR1Q3,0
11260,8186,OR1S1,0
11261,8186,OR1S2,0
11262,8186,OR2A1,0
11263,8186,OR2A12_OR2A12P,0
11264,8186,OR2A14,0
11265,8186,OR2A14_OR2A14P_OR2A6,0
11266,8186,OR2A25_OR2A25P_OR2A27,0
11267,8186,OR2A2_OR2A17P_OR2A2P,0
11268,8186,OR2A4_OR2A10,0
11269,8186,OR2A5_OR2A26_OR2A8,0
11270,8186,OR2A7,0
11271,8186,OR2AE1_OR2AE2,0
11272,8186,OR2AG1_OR2AG3,0
11273,8186,OR2AG2_OR2AG2P,0
11274,8186,OR2AJ1_OR2AJ1P,0
11275,8186,OR2AK2_OR2AK1P,0
11276,8186,OR2AP1_OR2AP1P,0
11277,8186,OR2AT4,0
11278,8186,OR2B11,0
11279,8186,OR2B2_OR2B9,0
11280,8186,OR2B3_OR2B3P,0
11281,8186,OR2B6,0
11282,8186,OR2B8P_OR2B8,0
11283,8186,OR2C1,0
11284,8186,OR2C3_OR2C4_OR2C5P,0
11285,8186,OR2D2_OR2D1,0
11286,8186,OR2D3,0
11287,8186,OR2F1_OR2F3_OR2F3P_OR2F4_OR2F5,0
11288,8186,OR2F2,0
11289,8186,OR2G2,0
11290,8186,OR2G3,0
11291,8186,OR2G6,0
11292,8186,OR2H1_OR2H6_OR2H8,0
11293,8186,OR2H2_OR2H3,0
11294,8186,OR2J1_OR2J1P,0
11295,8186,OR2J2,0
11296,8186,OR2J3,0
11297,8186,OR2K2_OR2AR1P,0
11298,8186,OR2L13_OR2L14,1
11299,8186,OR2L13_OR2L14,1
11300,8186,OR2L13_OR2L14,1
11301,8186,OR2L13_OR2L14,1
11302,8186,OR2L2_OR2L12_OR2L4P,0
11303,8186,OR2L3,0
11304,8186,OR2L5_OR2L11,0
11305,8186,OR2L8,0
11306,8186,OR2M2,0
11307,8186,OR2M3_OR2M3P_OR2M6,0
11308,8186,OR2M4,0
11309,8186,OR2M5,0
11310,8186,OR2M7,0
11311,8186,OR2S2,0
11312,8186,OR2T1,0
11313,8186,OR2T10,0
11314,8186,OR2T11,0
11315,8186,OR2T29,0
11316,8186,OR2T2_OR2T2P,0
11317,8186,OR2T3,0
11318,8186,OR2T33,0
11319,8186,OR2T34,0
11320,8186,OR2T35,1
11321,8186,OR2T4,1
11322,8186,OR2T4,1
11323,8186,OR2T4,1
11324,8186,OR2T4,1
11325,8186,OR2T4,1
11326,8186,OR2T4,1
11327,8186,OR2T4,1
11328,8186,OR2T5,0
11329,8186,OR2T6_OR2T6P_OR2T9,0
11330,8186,OR2T8_OR2T8P,0
11331,8186,OR2V1,0
11332,8186,OR2V2_OR2V3,0
11333,8186,OR2W1,1
11334,8186,OR2W3_OR2W3P_OR2W8P,0
11335,8186,OR2W5P_OR2W5,0
11336,8186,OR2Y1,0
11337,8186,OR2Z1_OR2Z2,0
11338,8186,OR3A1,0
11339,8186,OR3A2,0
11340,8186,OR3A3_OR3A6_OR3A7_OR3A8P,0
11341,8186,OR3A4P_OR3A4_OR3A5P,0
11342,8186,OR4A15,0
11343,8186,OR4A16,0
11344,8186,OR4A47,0
11345,8186,OR4A4P,0
11346,8186,OR4A5,0
11347,8186,OR4B1,0
11348,8186,OR4C11_OR4C11P,0
11349,8186,OR4C12,0
11350,8186,OR4C15,0
11351,8186,OR4C16,0
11352,8186,OR4C3,0
11353,8186,OR4C46,0
11354,8186,OR4C5,0
11355,8186,OR4C6,0
11356,8186,OR4D10_OR4D10P,0
11357,8186,OR4D1_OR4D3,0
11358,8186,OR4D2,0
11359,8186,OR4D5,0
11360,8186,OR4D6,0
11361,8186,OR4D9,0
11362,8186,OR4E2,0
11363,8186,OR4F14,0
11364,8186,OR4F15,0
11365,8186,OR4F17_OR4F11P_OR4F18_OR4F19,0
11366,8186,OR4F21_OR4F21P,0
11367,8186,OR4F3,0
11368,8186,OR4F4,1
11369,8186,OR4F6_OR4F12,0
11370,8186,OR4K1,0
11371,8186,OR4K13,0
11372,8186,OR4K15,1
11373,8186,OR4K17,0
11374,8186,OR4K2,0
11375,8186,OR4K3_OR4K3P,0
11376,8186,OR4K5,0
11377,8186,OR4L1_OR4L2P,0
11378,8186,OR4M1,0
11379,8186,OR4M2B,0
11380,8186,OR4N2,0
11381,8186,OR4N4,0
11382,8186,OR4P4_OR4P3P,0
11383,8186,OR4Q3_OR4Q4,0
11384,8186,OR4S1,0
11385,8186,OR4S2_OR4S2P,0
11386,8186,OR4X1,0
11387,8186,OR4X2,0
11388,8186,OR51A2,0
11389,8186,OR51A4,0
11390,8186,OR51B2_OR51B1P,0
11391,8186,OR51B4,0
11392,8186,OR51B5,0
11393,8186,OR51B6,1
11394,8186,OR51D1,0
11395,8186,OR51E1_OR51E1P_OR52A3P,0
11396,8186,OR51E2,0
11397,8186,OR51F1_OR51F1P,0
11398,8186,OR51F2,0
11399,8186,OR51G1_OR51G3P,0
11400,8186,OR51G2,0
11401,8186,OR51H1_OR51H1P,0
11402,8186,OR51I1,1
11403,8186,OR51I2,0
11404,8186,OR51J1_OR51J1P_OR51J2,0
11405,8186,OR51L1,0
11406,8186,OR51M1,0
11407,8186,OR51Q1,0
11408,8186,OR51S1,0
11409,8186,OR51T1,0
11410,8186,OR51V1_OR51A12,1
11411,8186,OR52A1,0
11412,8186,OR52A4P_OR52A4,0
11413,8186,OR52A5,0
11414,8186,OR52B2,0
11415,8186,OR52B4,0
11416,8186,OR52B6,0
11417,8186,OR52D1,0
11418,8186,OR52E2,0
11419,8186,OR52E4,0
11420,8186,OR52E5,0
11421,8186,OR52E6,0
11422,8186,OR52E8,0
11423,8186,OR52H1,0
11424,8186,OR52I2,0
11425,8186,OR52J3,0
11426,8186,OR52K1,0
11427,8186,OR52K2,0
11428,8186,OR52L1,0
11429,8186,OR52L2P_OR52L2,0
11430,8186,OR52M1_OR52M1P,0
11431,8186,OR52N1,0
11432,8186,OR52N2,0
11433,8186,OR52N4,0
11434,8186,OR52N5,1
11435,8186,OR52P1_OR52P1P,0
11436,8186,OR52R1,0
11437,8186,OR52W1_OR52W1P,1
11438,8186,OR56A1,0
11439,8186,OR56A3_OR56A3P_OR56A6,0
11440,8186,OR56A4,1
11441,8186,OR56A4,1
11442,8186,OR56A4,1
11443,8186,OR56A4,1
11444,8186,OR56A5_OR56A5P,0
11445,8186,OR56B1_OR56B1P,0
11446,8186,OR56B4,0
11447,8186,OR5A1_OR5A1P,0
11448,8186,OR5A2,0
11449,8186,OR5AC2,0
11450,8186,OR5AK2,0
11451,8186,OR5AK3P_OR5AK3,0
11452,8186,OR5AL1_OR5AL1P,0
11453,8186,OR5AN1,0
11454,8186,OR5AP2,0
11455,8186,OR5AR1,0
11456,8186,OR5AS1,0
11457,8186,OR5AU1,0
11458,8186,OR5B12_OR5B12P_OR5B16,0
11459,8186,OR5B17_OR5B20P,0
11460,8186,OR5B2,0
11461,8186,OR5B21,0
11462,8186,OR5B3_OR5B13,0
11463,8186,OR5C1_OR5C2P,0
11464,8186,OR5D13,0
11465,8186,OR5D14,0
11466,8186,OR5D16,0
11467,8186,OR5D18,0
11468,8186,OR5F1,0
11469,8186,OR5H1,0
11470,8186,OR5H14,0
11471,8186,OR5H2,0
11472,8186,OR5H6,0
11473,8186,OR5I1,0
11474,8186,OR5J2,1
11475,8186,OR5K1,0
11476,8186,OR5K2,0
11477,8186,OR5K3,0
11478,8186,OR5K4,0
11479,8186,OR5L1,0
11480,8186,OR5M1,0
11481,8186,OR5M10,0
11482,8186,OR5M11,0
11483,8186,OR5M8,0
11484,8186,OR5M9,0
11485,8186,OR5P2,0
11486,8186,OR5P3,0
11487,8186,OR5T1_OR5T1P,0
11488,8186,OR5T2,0
11489,8186,OR5T3,0
11490,8186,OR5V1,0
11491,8186,OR5W2_OR5W2P_OR5W3P,0
11492,8186,OR6A2_OR6A1_OR6A2P,0
11493,8186,OR6B1,0
11494,8186,OR6B2_OR6B2P,0
11495,8186,OR6B3_OR6B3P,0
11496,8186,OR6C1,0
11497,8186,OR6C2,0
11498,8186,OR6C3,0
11499,8186,OR6C4,0
11500,8186,OR6C6,0
11501,8186,OR6C65,0
11502,8186,OR6C68,0
11503,8186,OR6C70,0
11504,8186,OR6C74,0
11505,8186,OR6C75,0
11506,8186,OR6C76,0
11507,8186,OR6F1,0
11508,8186,OR6J1_OR6J2,0
11509,8186,OR6K2,0
11510,8186,OR6K3,0
11511,8186,OR6K6,0
11512,8186,OR6M1,0
11513,8186,OR6N1,0
11514,8186,OR6N2,0
11515,8186,OR6P1,0
11516,8186,OR6Q1,0
11517,8186,OR6S1,0
11518,8186,OR6T1,0
11519,8186,OR6V1,0
11520,8186,OR6X1,0
11521,8186,OR6Y1_OR6Y2,0
11522,8186,OR7A10,0
11523,8186,OR7A17,0
11524,8186,OR7A5,0
11525,8186,OR7C1_OR7C4,0
11526,8186,OR7D2,0
11527,8186,OR7D4_OR7D4P,0
11528,8186,OR7E24_OR7E24P,0
11529,8186,OR7G2,0
11530,8186,OR7G3,0
11531,8186,OR8A1,0
11532,8186,OR8B12,0
11533,8186,OR8B2,1
11534,8186,OR8B3,0
11535,8186,OR8B4_OR8B4P,0
11536,8186,OR8B8,0
11537,8186,OR8D1_OR8D3,0
11538,8186,OR8D2,0
11539,8186,OR8D4,0
11540,8186,OR8G1_OR8G1P,0
11541,8186,OR8G5_OR8G5P_OR8G6,0
11542,8186,OR8H1,0
11543,8186,OR8H2,0
11544,8186,OR8H3,0
11545,8186,OR8I2,0
11546,8186,OR8J1,0
11547,8186,OR8J3,0
11548,8186,OR8K1,0
11549,8186,OR8K3,0
11550,8186,OR8K5,0
11551,8186,OR8S1,0
11552,8186,OR8U1,0
11553,8186,OR8U3_OR5R1_OR5R1P,0
11554,8186,OR8U8,0
11555,8186,OR8U9,0
11556,8186,OR9A2,0
11557,8186,OR9A4,0
11558,8186,OR9G4,0
11559,8186,OR9G9,0
11560,8186,OR9I1,0
11561,8186,OR9K2,0
11562,8186,OR9Q1,0
11563,8186,OR9Q2,0
11564,8186,OR9Q2_OR9Q2P,0
11565,8193,OR10S1,1
11566,8193,OR10S1,1
11567,8193,OR10S1,1
11568,8193,OR10S1,1
11569,8193,OR10S1,1
11570,8193,OR10S1,1
11571,8193,OR1G1_OR1G2,1
11572,8193,OR2A1,0
11573,8193,OR2A7,0
11574,8193,OR2L13_OR2L14,1
11575,8193,OR2L13_OR2L14,1
11576,8193,OR2L13_OR2L14,1
11577,8193,OR2L13_OR2L14,1
11578,8193,OR2L13_OR2L14,1
11579,8193,OR2L13_OR2L14,1
11580,8193,OR2T4,0
11581,8193,OR2W3_OR2W3P_OR2W8P,0
11582,8193,OR51B5,0
11583,8193,OR52D1,0
11584,8194,OR1G1_OR1G2,0
11585,8194,OR52D1,0
11586,8201,OR10S1,0
11587,8201,OR2A1,0
11588,8201,OR2A7,0
11589,8201,OR2L13_OR2L14,0
11590,8201,OR2T4,0
11591,8201,OR2W3_OR2W3P_OR2W8P,0
11592,8201,OR51B5,0
11593,8294,OR1G1_OR1G2,0
11594,8294,OR1L3,0
11595,8294,OR2B3_OR2B3P,0
11596,8294,OR2G2,0
11597,8294,OR2M4,0
11598,8294,OR2T10,0
11599,8294,OR2T34,0
11600,8294,OR5AC2,0
11601,8294,OR5B17_OR5B20P,0
11602,8299,OR51E2,0
11603,8314,OR1A1,0
11604,8314,OR1A2,0
11605,8314,OR2M3_OR2M3P_OR2M6,0
11606,8314,OR2W1,0
11607,8314,OR5K1,0
11608,8314,OR5M3,0
11609,8314,OR8D1_OR8D3,0
11610,8369,OR1A1,0
11611,8369,OR1G1_OR1G2,1
11612,8369,OR2M3_OR2M3P_OR2M6,0
11613,8369,OR2W1,0
11614,8369,OR52D1,0
11615,8369,OR5K1,0
11616,8369,OR5M3,0
11617,8369,OR8D1_OR8D3,0
11618,8438,OR2W1,1
11619,8438,OR2W1,1
11620,8438,OR2W1,1
11621,8438,OR3A1,0
11622,8438,OR5K1,0
11623,8438,OR5M3,0
11624,8438,OR8D1_OR8D3,0
11625,8461,OR10A2_OR10A2P,0
11626,8461,OR10A3,0
11627,8461,OR10A5_OR10A1,0
11628,8461,OR10A6,0
11629,8461,OR10A7,0
11630,8461,OR10AD1_OR10AD1P,0
11631,8461,OR10AG1,0
11632,8461,OR10C1_OR10C2,0
11633,8461,OR10D3,0
11634,8461,OR10G3,0
11635,8461,OR10G6_OR10G6P,0
11636,8461,OR10G8,0
11637,8461,OR10G9_OR10G10P,0
11638,8461,OR10H1,0
11639,8461,OR10H2,0
11640,8461,OR10H3,0
11641,8461,OR10H4,0
11642,8461,OR10H5,0
11643,8461,OR10J5,1
11644,8461,OR10K1,0
11645,8461,OR10K2,0
11646,8461,OR10P1_OR10P1P_OR10P2P_OR10P3P,0
11647,8461,OR10Q1,0
11648,8461,OR10R2,0
11649,8461,OR10T2,0
11650,8461,OR10V1,0
11651,8461,OR10W1_OR10W1P,0
11652,8461,OR10X1_OR10X1P,0
11653,8461,OR10Z1,1
11654,8461,OR11A1_OR11A2,1
11655,8461,OR11H12,0
11656,8461,OR11H2_OR11H2P,0
11657,8461,OR11H4,0
11658,8461,OR11H6,0
11659,8461,OR11L1,1
11660,8461,OR12D2,0
11661,8461,OR12D3,0
11662,8461,OR13A1,0
11663,8461,OR13C3,0
11664,8461,OR13C4,0
11665,8461,OR13C5,0
11666,8461,OR13C8,0
11667,8461,OR13C9,1
11668,8461,OR13D1,0
11669,8461,OR13F1,0
11670,8461,OR13G1,0
11671,8461,OR13H1,0
11672,8461,OR13J1,0
11673,8461,OR14A2_OR5AX1_OR5AX1P,1
11674,8461,OR14C36_OR5BF1,0
11675,8461,OR14I1_OR5BU1_OR5BU1P,0
11676,8461,OR14J1_OR5U1,0
11677,8461,OR14K1_OR5AY1,0
11678,8461,OR14L1_OR14L1P_OR5AV1P,0
11679,8461,OR1A1,0
11680,8461,OR1A2,0
11681,8461,OR1C1,1
11682,8461,OR1D2,0
11683,8461,OR1D5,0
11684,8461,OR1E1_OR1E5_OR1E6_OR1E9P,0
11685,8461,OR1E2_OR1E4,0
11686,8461,OR1F1,0
11687,8461,OR1G1_OR1G2,0
11688,8461,OR1I1,0
11689,8461,OR1J2_OR1J3_OR1J5,0
11690,8461,OR1J4,0
11691,8461,OR1K1,0
11692,8461,OR1L1_OR1L2,0
11693,8461,OR1L3,0
11694,8461,OR1L4_OR1L5,0
11695,8461,OR1L6_OR1L7,0
11696,8461,OR1L8,0
11697,8461,OR1M1,0
11698,8461,OR1N1_OR1N3,0
11699,8461,OR1N2,0
11700,8461,OR1Q1_OR1Q2_OR1Q3,0
11701,8461,OR1S2,0
11702,8461,OR2A1,1
11703,8461,OR2A12_OR2A12P,1
11704,8461,OR2A14_OR2A14P_OR2A6,0
11705,8461,OR2A25_OR2A25P_OR2A27,0
11706,8461,OR2A2_OR2A17P_OR2A2P,0
11707,8461,OR2A4_OR2A10,0
11708,8461,OR2A5_OR2A26_OR2A8,0
11709,8461,OR2A7,0
11710,8461,OR2AE1_OR2AE2,1
11711,8461,OR2AG1_OR2AG3,0
11712,8461,OR2AG2_OR2AG2P,0
11713,8461,OR2AJ1_OR2AJ1P,0
11714,8461,OR2AK2_OR2AK1P,0
11715,8461,OR2AP1_OR2AP1P,0
11716,8461,OR2AT4,0
11717,8461,OR2B11,0
11718,8461,OR2B2_OR2B9,0
11719,8461,OR2B3_OR2B3P,1
11720,8461,OR2B6,0
11721,8461,OR2B8P_OR2B8,1
11722,8461,OR2C1,1
11723,8461,OR2C1,1
11724,8461,OR2D3,0
11725,8461,OR2F1_OR2F3_OR2F3P_OR2F4_OR2F5,0
11726,8461,OR2F2,0
11727,8461,OR2G2,0
11728,8461,OR2G3,0
11729,8461,OR2G6,0
11730,8461,OR2H1_OR2H6_OR2H8,0
11731,8461,OR2H2_OR2H3,1
11732,8461,OR2J1_OR2J1P,0
11733,8461,OR2J2,1
11734,8461,OR2J2,1
11735,8461,OR2J2,1
11736,8461,OR2K2_OR2AR1P,0
11737,8461,OR2L13_OR2L14,0
11738,8461,OR2L2_OR2L12_OR2L4P,0
11739,8461,OR2L3,0
11740,8461,OR2L8,0
11741,8461,OR2M2,0
11742,8461,OR2M3_OR2M3P_OR2M6,1
11743,8461,OR2M4,1
11744,8461,OR2M5,0
11745,8461,OR2M7,0
11746,8461,OR2S2,0
11747,8461,OR2T1,0
11748,8461,OR2T10,0
11749,8461,OR2T11,0
11750,8461,OR2T29,1
11751,8461,OR2T3,0
11752,8461,OR2T34,1
11753,8461,OR2T4,0
11754,8461,OR2T5,0
11755,8461,OR2T6_OR2T6P_OR2T9,0
11756,8461,OR2V2_OR2V3,0
11757,8461,OR2W1,0
11758,8461,OR2W3_OR2W3P_OR2W8P,0
11759,8461,OR2W5P_OR2W5,0
11760,8461,OR2Y1,0
11761,8461,OR2Z1_OR2Z2,0
11762,8461,OR3A1,0
11763,8461,OR3A2,0
11764,8461,OR4A15,0
11765,8461,OR4A16,0
11766,8461,OR4A4P,0
11767,8461,OR4A5,0
11768,8461,OR4B1,0
11769,8461,OR4C11_OR4C11P,0
11770,8461,OR4C12,0
11771,8461,OR4C15,0
11772,8461,OR4C3,0
11773,8461,OR4C46,0
11774,8461,OR4C5,0
11775,8461,OR4D10_OR4D10P,0
11776,8461,OR4D1_OR4D3,0
11777,8461,OR4D2,0
11778,8461,OR4D6,0
11779,8461,OR4D9,0
11780,8461,OR4E2,0
11781,8461,OR4F14,1
11782,8461,OR4F15,0
11783,8461,OR4F17_OR4F11P_OR4F18_OR4F19,0
11784,8461,OR4F3,0
11785,8461,OR4F6_OR4F12,0
11786,8461,OR4K1,0
11787,8461,OR4K13,0
11788,8461,OR4K17,0
11789,8461,OR4K2,0
11790,8461,OR4K3_OR4K3P,0
11791,8461,OR4K5,0
11792,8461,OR4L1_OR4L2P,0
11793,8461,OR4M2B,0
11794,8461,OR4N2,0
11795,8461,OR4N4,0
11796,8461,OR4P4_OR4P3P,0
11797,8461,OR4Q3_OR4Q4,0
11798,8461,OR4S1,0
11799,8461,OR4S2_OR4S2P,0
11800,8461,OR4X1,0
11801,8461,OR4X2,0
11802,8461,OR51A4,0
11803,8461,OR51D1,0
11804,8461,OR51E1_OR51E1P_OR52A3P,1
11805,8461,OR51E2,0
11806,8461,OR51F1_OR51F1P,0
11807,8461,OR51F2,0
11808,8461,OR51G1_OR51G3P,0
11809,8461,OR51G2,0
11810,8461,OR51H1_OR51H1P,0
11811,8461,OR51I2,0
11812,8461,OR51L1,0
11813,8461,OR51Q1,0
11814,8461,OR51T1,0
11815,8461,OR52A1,0
11816,8461,OR52B2,0
11817,8461,OR52B4,0
11818,8461,OR52B6,0
11819,8461,OR52D1,0
11820,8461,OR52E2,0
11821,8461,OR52E6,0
11822,8461,OR52E8,0
11823,8461,OR52I2,0
11824,8461,OR52K1,0
11825,8461,OR52K2,0
11826,8461,OR52M1_OR52M1P,0
11827,8461,OR52N1,0
11828,8461,OR52P1_OR52P1P,0
11829,8461,OR56A1,0
11830,8461,OR56A3_OR56A3P_OR56A6,0
11831,8461,OR56B1_OR56B1P,0
11832,8461,OR56B4,0
11833,8461,OR5A1_OR5A1P,0
11834,8461,OR5A2,0
11835,8461,OR5AC2,0
11836,8461,OR5AK2,0
11837,8461,OR5AK3P_OR5AK3,0
11838,8461,OR5AL1_OR5AL1P,0
11839,8461,OR5AN1,0
11840,8461,OR5AP2,0
11841,8461,OR5AR1,0
11842,8461,OR5AS1,0
11843,8461,OR5AU1,0
11844,8461,OR5B17_OR5B20P,0
11845,8461,OR5B2,0
11846,8461,OR5B21,0
11847,8461,OR5B3_OR5B13,0
11848,8461,OR5C1_OR5C2P,0
11849,8461,OR5D13,0
11850,8461,OR5D14,0
11851,8461,OR5D16,0
11852,8461,OR5D18,0
11853,8461,OR5F1,0
11854,8461,OR5H1,0
11855,8461,OR5H14,0
11856,8461,OR5H2,1
11857,8461,OR5H6,1
11858,8461,OR5I1,0
11859,8461,OR5K1,0
11860,8461,OR5K2,0
11861,8461,OR5K3,0
11862,8461,OR5L1,0
11863,8461,OR5M1,0
11864,8461,OR5M8,0
11865,8461,OR5M9,0
11866,8461,OR5P2,0
11867,8461,OR5P3,0
11868,8461,OR5T1_OR5T1P,0
11869,8461,OR5T2,0
11870,8461,OR5T3,0
11871,8461,OR5V1,0
11872,8461,OR5W2_OR5W2P_OR5W3P,0
11873,8461,OR6A2_OR6A1_OR6A2P,0
11874,8461,OR6B1,0
11875,8461,OR6B2_OR6B2P,0
11876,8461,OR6B3_OR6B3P,0
11877,8461,OR6C1,0
11878,8461,OR6C2,0
11879,8461,OR6C3,0
11880,8461,OR6C4,0
11881,8461,OR6C6,0
11882,8461,OR6C65,0
11883,8461,OR6C70,0
11884,8461,OR6C74,0
11885,8461,OR6C75,0
11886,8461,OR6C76,0
11887,8461,OR6F1,0
11888,8461,OR6K2,0
11889,8461,OR6K3,0
11890,8461,OR6K6,0
11891,8461,OR6M1,0
11892,8461,OR6N1,0
11893,8461,OR6N2,0
11894,8461,OR6P1,1
11895,8461,OR6S1,0
11896,8461,OR6T1,0
11897,8461,OR6Y1_OR6Y2,0
11898,8461,OR7A10,1
11899,8461,OR7A17,0
11900,8461,OR7A5,0
11901,8461,OR7C1_OR7C4,0
11902,8461,OR7D2,0
11903,8461,OR7D4_OR7D4P,0
11904,8461,OR7E24_OR7E24P,0
11905,8461,OR7G2,0
11906,8461,OR7G3,0
11907,8461,OR8A1,0
11908,8461,OR8B4_OR8B4P,0
11909,8461,OR8B8,0
11910,8461,OR8D1_OR8D3,0
11911,8461,OR8D2,0
11912,8461,OR8D4,1
11913,8461,OR8G1_OR8G1P,0
11914,8461,OR8G5_OR8G5P_OR8G6,0
11915,8461,OR8H1,0
11916,8461,OR8H2,0
11917,8461,OR8H3,0
11918,8461,OR8I2,0
11919,8461,OR8J1,0
11920,8461,OR8J3,0
11921,8461,OR8K1,0
11922,8461,OR8K3,0
11923,8461,OR8K5,0
11924,8461,OR8S1,0
11925,8461,OR8U1,0
11926,8461,OR8U3_OR5R1_OR5R1P,0
11927,8461,OR8U8,0
11928,8461,OR8U9,0
11929,8461,OR9A2,0
11930,8461,OR9A4,0
11931,8461,OR9G4,0
11932,8461,OR9G9,0
11933,8461,OR9I1,0
11934,8461,OR9K2,0
11935,8461,OR9Q2,0
11936,8461,OR9Q2_OR9Q2P,0
11937,8467,OR1A1,0
11938,8467,OR1G1_OR1G2,0
11939,8467,OR2M3_OR2M3P_OR2M6,0
11940,8467,OR2W1,0
11941,8467,OR52D1,0
11942,8467,OR5K1,0
11943,8467,OR5M3,0
11944,8467,OR7D4_OR7D4P,0
11945,8467,OR8D1_OR8D3,0
11946,8468,OR10J5,0
11947,8468,OR1A1,0
11948,8468,OR2C1,0
11949,8468,OR2J2,0
11950,8468,OR2M7,0
11951,8468,OR2W1,0
11952,8468,OR51E1_OR51E1P_OR52A3P,0
11953,8468,OR51E2,0
11954,8468,OR51L1,0
11955,8468,OR5P3,0
11956,8469,OR1D2,1
11957,8500,OR1A1,0
11958,8500,OR2M3_OR2M3P_OR2M6,0
11959,8500,OR2W1,1
11960,8500,OR2W1,1
11961,8500,OR2W1,1
11962,8500,OR2W1,1
11963,8500,OR5K1,0
11964,8500,OR5M3,0
11965,8500,OR8D1_OR8D3,0
11966,8710,OR1D2,1
11967,8723,OR10S1,0
11968,8723,OR1A1,0
11969,8723,OR2A1,0
11970,8723,OR2A7,0
11971,8723,OR2L13_OR2L14,0
11972,8723,OR2M3_OR2M3P_OR2M6,0
11973,8723,OR2T4,0
11974,8723,OR2W1,1
11975,8723,OR2W1,1
11976,8723,OR2W1,1
11977,8723,OR2W3_OR2W3P_OR2W8P,0
11978,8723,OR51B5,0
11979,8723,OR5K1,0
11980,8723,OR5M3,0
11981,8723,OR8D1_OR8D3,0
11982,8785,OR10J5,0
11983,8785,OR1A1,1
11984,8785,OR1D2,1
11985,8785,OR1G1_OR1G2,0
11986,8785,OR1L3,0
11987,8785,OR2B3_OR2B3P,0
11988,8785,OR2C1,0
11989,8785,OR2G2,0
11990,8785,OR2J2,0
11991,8785,OR2M4,0
11992,8785,OR2M7,0
11993,8785,OR2T10,0
11994,8785,OR2T34,0
11995,8785,OR2W1,1
11996,8785,OR51E1_OR51E1P_OR52A3P,0
11997,8785,OR51E2,0
11998,8785,OR51L1,0
11999,8785,OR5AC2,0
12000,8785,OR5B17_OR5B20P,0
12001,8785,OR5P3,0
12002,8792,OR1D2,1
12003,8815,OR1A1,1
12004,8815,OR1G1_OR1G2,0
12005,8815,OR1L3,0
12006,8815,OR2B3_OR2B3P,0
12007,8815,OR2G2,0
12008,8815,OR2M3_OR2M3P_OR2M6,0
12009,8815,OR2M4,1
12010,8815,OR2M4,1
12011,8815,OR2M4,1
12012,8815,OR2T10,0
12013,8815,OR2T34,1
12014,8815,OR2T34,1
12015,8815,OR2W1,1
12016,8815,OR2W1,1
12017,8815,OR2W1,1
12018,8815,OR2W1,1
12019,8815,OR52D1,1
12020,8815,OR5AC2,0
12021,8815,OR5B17_OR5B20P,0
12022,8815,OR5K1,0
12023,8815,OR5M3,0
12024,8815,OR8D1_OR8D3,0
12025,8842,OR1D2,1
12026,8843,OR10G8,0
12027,8843,OR1A1,1
12028,8843,OR1A2,1
12029,8843,OR51A4,1
12030,8843,OR52A1,0
12031,8843,OR52B2,1
12032,8843,OR7D4_OR7D4P,0
12033,8857,OR1A1,0
12034,8857,OR2M3_OR2M3P_OR2M6,0
12035,8857,OR2W1,0
12036,8857,OR5K1,0
12037,8857,OR5M3,0
12038,8857,OR8D1_OR8D3,0
12039,8878,OR10J5,0
12040,8878,OR1A1,1
12041,8878,OR2C1,0
12042,8878,OR2J2,0
12043,8878,OR2M7,0
12044,8878,OR2W1,0
12045,8878,OR51E1_OR51E1P_OR52A3P,0
12046,8878,OR51E2,0
12047,8878,OR51L1,0
12048,8878,OR5P3,0
12049,8892,OR10A2_OR10A2P,0
12050,8892,OR10A3,0
12051,8892,OR10A4_OR10A4P,0
12052,8892,OR10A5_OR10A1,0
12053,8892,OR10A6,0
12054,8892,OR10A7,0
12055,8892,OR10AD1_OR10AD1P,0
12056,8892,OR10AG1,0
12057,8892,OR10C1_OR10C2,0
12058,8892,OR10D3,0
12059,8892,OR10G3,0
12060,8892,OR10G4,0
12061,8892,OR10G6_OR10G6P,0
12062,8892,OR10G7,0
12063,8892,OR10G8,0
12064,8892,OR10G9_OR10G10P,0
12065,8892,OR10H1,0
12066,8892,OR10H2,0
12067,8892,OR10H3,0
12068,8892,OR10H4,0
12069,8892,OR10H5,0
12070,8892,OR10J1,0
12071,8892,OR10J3_OR10J3P,1
12072,8892,OR10J5,0
12073,8892,OR10K1,0
12074,8892,OR10K2,0
12075,8892,OR10P1_OR10P1P_OR10P2P_OR10P3P,0
12076,8892,OR10Q1,0
12077,8892,OR10R2,0
12078,8892,OR10S1,1
12079,8892,OR10T2,0
12080,8892,OR10V1,0
12081,8892,OR10W1_OR10W1P,0
12082,8892,OR10X1_OR10X1P,0
12083,8892,OR10Z1,0
12084,8892,OR11A1_OR11A2,0
12085,8892,OR11G2,0
12086,8892,OR11H1,0
12087,8892,OR11H12,0
12088,8892,OR11H2_OR11H2P,0
12089,8892,OR11H4,0
12090,8892,OR11H6,0
12091,8892,OR11L1,0
12092,8892,OR12D2,0
12093,8892,OR12D3,0
12094,8892,OR13A1,0
12095,8892,OR13C2,0
12096,8892,OR13C3,0
12097,8892,OR13C4,0
12098,8892,OR13C5,0
12099,8892,OR13C8,0
12100,8892,OR13C9,0
12101,8892,OR13D1,0
12102,8892,OR13F1,0
12103,8892,OR13G1,0
12104,8892,OR13H1,0
12105,8892,OR13J1,0
12106,8892,OR14A2_OR5AX1_OR5AX1P,0
12107,8892,OR14C36_OR5BF1,0
12108,8892,OR14I1_OR5BU1_OR5BU1P,0
12109,8892,OR14J1_OR5U1,0
12110,8892,OR14K1_OR5AY1,0
12111,8892,OR14L1_OR14L1P_OR5AV1P,0
12112,8892,OR1A1,0
12113,8892,OR1A2,0
12114,8892,OR1C1,0
12115,8892,OR1D2,0
12116,8892,OR1D5,0
12117,8892,OR1E1_OR1E5_OR1E6_OR1E9P,0
12118,8892,OR1E2_OR1E4,0
12119,8892,OR1F1,0
12120,8892,OR1F12P_OR1F12,0
12121,8892,OR1G1_OR1G2,0
12122,8892,OR1I1,0
12123,8892,OR1J1,0
12124,8892,OR1J2_OR1J3_OR1J5,0
12125,8892,OR1J4,0
12126,8892,OR1K1,0
12127,8892,OR1L1_OR1L2,0
12128,8892,OR1L3,0
12129,8892,OR1L4_OR1L5,0
12130,8892,OR1L6_OR1L7,0
12131,8892,OR1L8,0
12132,8892,OR1M1,0
12133,8892,OR1N1_OR1N3,0
12134,8892,OR1N2,0
12135,8892,OR1Q1_OR1Q2_OR1Q3,0
12136,8892,OR1S1,0
12137,8892,OR1S2,0
12138,8892,OR2A1,0
12139,8892,OR2A12_OR2A12P,0
12140,8892,OR2A14,0
12141,8892,OR2A14_OR2A14P_OR2A6,0
12142,8892,OR2A25_OR2A25P_OR2A27,0
12143,8892,OR2A2_OR2A17P_OR2A2P,0
12144,8892,OR2A4_OR2A10,0
12145,8892,OR2A5_OR2A26_OR2A8,0
12146,8892,OR2A7,0
12147,8892,OR2AE1_OR2AE2,0
12148,8892,OR2AG1_OR2AG3,0
12149,8892,OR2AG2_OR2AG2P,0
12150,8892,OR2AJ1_OR2AJ1P,0
12151,8892,OR2AK2_OR2AK1P,0
12152,8892,OR2AP1_OR2AP1P,0
12153,8892,OR2AT4,0
12154,8892,OR2B11,0
12155,8892,OR2B2_OR2B9,0
12156,8892,OR2B3_OR2B3P,0
12157,8892,OR2B6,0
12158,8892,OR2B8P_OR2B8,0
12159,8892,OR2C1,0
12160,8892,OR2C3_OR2C4_OR2C5P,0
12161,8892,OR2D2_OR2D1,0
12162,8892,OR2D3,0
12163,8892,OR2F1_OR2F3_OR2F3P_OR2F4_OR2F5,0
12164,8892,OR2F2,0
12165,8892,OR2G2,0
12166,8892,OR2G3,0
12167,8892,OR2G6,0
12168,8892,OR2H1_OR2H6_OR2H8,0
12169,8892,OR2H2_OR2H3,0
12170,8892,OR2J1_OR2J1P,0
12171,8892,OR2J2,0
12172,8892,OR2J3,0
12173,8892,OR2K2_OR2AR1P,0
12174,8892,OR2L13_OR2L14,1
12175,8892,OR2L2_OR2L12_OR2L4P,0
12176,8892,OR2L3,0
12177,8892,OR2L5_OR2L11,0
12178,8892,OR2L8,0
12179,8892,OR2M2,0
12180,8892,OR2M3_OR2M3P_OR2M6,0
12181,8892,OR2M4,0
12182,8892,OR2M5,0
12183,8892,OR2M7,0
12184,8892,OR2S2,0
12185,8892,OR2T1,0
12186,8892,OR2T10,0
12187,8892,OR2T11,0
12188,8892,OR2T29,0
12189,8892,OR2T2_OR2T2P,0
12190,8892,OR2T3,0
12191,8892,OR2T33,0
12192,8892,OR2T34,0
12193,8892,OR2T35,0
12194,8892,OR2T4,0
12195,8892,OR2T5,0
12196,8892,OR2T6_OR2T6P_OR2T9,0
12197,8892,OR2T8_OR2T8P,0
12198,8892,OR2V1,0
12199,8892,OR2V2_OR2V3,0
12200,8892,OR2W1,1
12201,8892,OR2W3_OR2W3P_OR2W8P,1
12202,8892,OR2W5P_OR2W5,0
12203,8892,OR2Y1,0
12204,8892,OR2Z1_OR2Z2,0
12205,8892,OR3A1,0
12206,8892,OR3A2,0
12207,8892,OR3A3_OR3A6_OR3A7_OR3A8P,0
12208,8892,OR3A4P_OR3A4_OR3A5P,0
12209,8892,OR4A15,0
12210,8892,OR4A16,0
12211,8892,OR4A47,0
12212,8892,OR4A4P,0
12213,8892,OR4A5,0
12214,8892,OR4B1,0
12215,8892,OR4C11_OR4C11P,0
12216,8892,OR4C12,0
12217,8892,OR4C15,0
12218,8892,OR4C16,0
12219,8892,OR4C3,0
12220,8892,OR4C46,0
12221,8892,OR4C5,0
12222,8892,OR4C6,0
12223,8892,OR4D10_OR4D10P,0
12224,8892,OR4D1_OR4D3,0
12225,8892,OR4D2,0
12226,8892,OR4D5,0
12227,8892,OR4D6,0
12228,8892,OR4D9,0
12229,8892,OR4E2,0
12230,8892,OR4F14,0
12231,8892,OR4F15,0
12232,8892,OR4F17_OR4F11P_OR4F18_OR4F19,0
12233,8892,OR4F21_OR4F21P,0
12234,8892,OR4F3,0
12235,8892,OR4F4,0
12236,8892,OR4F6_OR4F12,0
12237,8892,OR4K1,0
12238,8892,OR4K13,0
12239,8892,OR4K15,0
12240,8892,OR4K17,0
12241,8892,OR4K2,0
12242,8892,OR4K3_OR4K3P,0
12243,8892,OR4K5,0
12244,8892,OR4L1_OR4L2P,0
12245,8892,OR4M1,0
12246,8892,OR4M2B,0
12247,8892,OR4N2,0
12248,8892,OR4N4,0
12249,8892,OR4P4_OR4P3P,0
12250,8892,OR4Q3_OR4Q4,0
12251,8892,OR4S1,0
12252,8892,OR4S2_OR4S2P,0
12253,8892,OR4X1,0
12254,8892,OR4X2,0
12255,8892,OR51A2,0
12256,8892,OR51A4,0
12257,8892,OR51B2_OR51B1P,0
12258,8892,OR51B4,1
12259,8892,OR51B5,0
12260,8892,OR51B6,0
12261,8892,OR51D1,0
12262,8892,OR51E1_OR51E1P_OR52A3P,1
12263,8892,OR51E2,0
12264,8892,OR51F1_OR51F1P,0
12265,8892,OR51F2,0
12266,8892,OR51G1_OR51G3P,0
12267,8892,OR51G2,0
12268,8892,OR51H1_OR51H1P,0
12269,8892,OR51I1,0
12270,8892,OR51I2,1
12271,8892,OR51J1_OR51J1P_OR51J2,0
12272,8892,OR51L1,1
12273,8892,OR51L1,1
12274,8892,OR51L1,1
12275,8892,OR51L1,1
12276,8892,OR51L1,1
12277,8892,OR51L1,1
12278,8892,OR51L1,1
12279,8892,OR51L1,1
12280,8892,OR51M1,0
12281,8892,OR51Q1,0
12282,8892,OR51S1,0
12283,8892,OR51T1,0
12284,8892,OR51V1_OR51A12,0
12285,8892,OR52A1,0
12286,8892,OR52A4P_OR52A4,0
12287,8892,OR52A5,0
12288,8892,OR52B2,0
12289,8892,OR52B4,0
12290,8892,OR52B6,0
12291,8892,OR52D1,1
12292,8892,OR52E2,0
12293,8892,OR52E4,0
12294,8892,OR52E5,0
12295,8892,OR52E6,0
12296,8892,OR52E8,0
12297,8892,OR52H1,0
12298,8892,OR52I2,0
12299,8892,OR52J3,0
12300,8892,OR52K1,0
12301,8892,OR52K2,0
12302,8892,OR52L1,0
12303,8892,OR52L2P_OR52L2,0
12304,8892,OR52M1_OR52M1P,0
12305,8892,OR52N1,0
12306,8892,OR52N2,0
12307,8892,OR52N4,0
12308,8892,OR52N5,0
12309,8892,OR52P1_OR52P1P,0
12310,8892,OR52R1,0
12311,8892,OR52W1_OR52W1P,0
12312,8892,OR56A1,0
12313,8892,OR56A3_OR56A3P_OR56A6,0
12314,8892,OR56A4,0
12315,8892,OR56A5_OR56A5P,1
12316,8892,OR56B1_OR56B1P,0
12317,8892,OR56B4,0
12318,8892,OR5A1_OR5A1P,0
12319,8892,OR5A2,0
12320,8892,OR5AC2,0
12321,8892,OR5AK2,0
12322,8892,OR5AK3P_OR5AK3,0
12323,8892,OR5AL1_OR5AL1P,0
12324,8892,OR5AN1,0
12325,8892,OR5AP2,0
12326,8892,OR5AR1,0
12327,8892,OR5AS1,0
12328,8892,OR5AU1,0
12329,8892,OR5B12_OR5B12P_OR5B16,0
12330,8892,OR5B17_OR5B20P,0
12331,8892,OR5B2,0
12332,8892,OR5B21,0
12333,8892,OR5B3_OR5B13,0
12334,8892,OR5C1_OR5C2P,0
12335,8892,OR5D13,0
12336,8892,OR5D14,0
12337,8892,OR5D16,0
12338,8892,OR5D18,0
12339,8892,OR5F1,0
12340,8892,OR5H1,0
12341,8892,OR5H14,0
12342,8892,OR5H2,0
12343,8892,OR5H6,0
12344,8892,OR5I1,0
12345,8892,OR5J2,0
12346,8892,OR5K1,0
12347,8892,OR5K2,0
12348,8892,OR5K3,0
12349,8892,OR5K4,0
12350,8892,OR5L1,0
12351,8892,OR5M1,0
12352,8892,OR5M10,0
12353,8892,OR5M11,0
12354,8892,OR5M3,0
12355,8892,OR5M8,0
12356,8892,OR5M9,0
12357,8892,OR5P2,0
12358,8892,OR5P3,0
12359,8892,OR5T1_OR5T1P,0
12360,8892,OR5T2,0
12361,8892,OR5T3,0
12362,8892,OR5V1,0
12363,8892,OR5W2_OR5W2P_OR5W3P,0
12364,8892,OR6A2_OR6A1_OR6A2P,0
12365,8892,OR6B1,0
12366,8892,OR6B2_OR6B2P,0
12367,8892,OR6B3_OR6B3P,0
12368,8892,OR6C1,0
12369,8892,OR6C2,0
12370,8892,OR6C3,0
12371,8892,OR6C4,0
12372,8892,OR6C6,0
12373,8892,OR6C65,0
12374,8892,OR6C68,0
12375,8892,OR6C70,0
12376,8892,OR6C74,0
12377,8892,OR6C75,0
12378,8892,OR6C76,0
12379,8892,OR6F1,0
12380,8892,OR6J1_OR6J2,0
12381,8892,OR6K2,0
12382,8892,OR6K3,0
12383,8892,OR6K6,0
12384,8892,OR6M1,0
12385,8892,OR6N1,0
12386,8892,OR6N2,0
12387,8892,OR6P1,0
12388,8892,OR6Q1,0
12389,8892,OR6S1,0
12390,8892,OR6T1,0
12391,8892,OR6V1,0
12392,8892,OR6X1,0
12393,8892,OR6Y1_OR6Y2,0
12394,8892,OR7A10,0
12395,8892,OR7A17,0
12396,8892,OR7A5,0
12397,8892,OR7C1_OR7C4,0
12398,8892,OR7D2,0
12399,8892,OR7D4_OR7D4P,0
12400,8892,OR7E24_OR7E24P,0
12401,8892,OR7G2,0
12402,8892,OR7G3,0
12403,8892,OR8A1,0
12404,8892,OR8B12,0
12405,8892,OR8B2,0
12406,8892,OR8B3,0
12407,8892,OR8B4_OR8B4P,0
12408,8892,OR8B8,0
12409,8892,OR8D1_OR8D3,0
12410,8892,OR8D2,0
12411,8892,OR8D4,0
12412,8892,OR8G1_OR8G1P,0
12413,8892,OR8G5_OR8G5P_OR8G6,0
12414,8892,OR8H1,0
12415,8892,OR8H2,0
12416,8892,OR8H3,0
12417,8892,OR8I2,0
12418,8892,OR8J1,0
12419,8892,OR8J3,0
12420,8892,OR8K1,0
12421,8892,OR8K3,0
12422,8892,OR8K5,0
12423,8892,OR8S1,0
12424,8892,OR8U1,0
12425,8892,OR8U3_OR5R1_OR5R1P,0
12426,8892,OR8U8,0
12427,8892,OR8U9,0
12428,8892,OR9A2,0
12429,8892,OR9A4,0
12430,8892,OR9G4,0
12431,8892,OR9G9,0
12432,8892,OR9I1,0
12433,8892,OR9K2,0
12434,8892,OR9Q1,0
12435,8892,OR9Q2,0
12436,8892,OR9Q2_OR9Q2P,0
12437,8908,OR10J5,0
12438,8908,OR1A1,0
12439,8908,OR2C1,0
12440,8908,OR2J2,0
12441,8908,OR2M3_OR2M3P_OR2M6,0
12442,8908,OR2M7,0
12443,8908,OR2W1,1
12444,8908,OR2W1,1
12445,8908,OR2W1,1
12446,8908,OR2W1,1
12447,8908,OR2W1,1
12448,8908,OR51E1_OR51E1P_OR52A3P,0
12449,8908,OR51E2,0
12450,8908,OR51L1,0
12451,8908,OR5K1,0
12452,8908,OR5M3,0
12453,8908,OR5P3,0
12454,8908,OR8D1_OR8D3,0
12455,8914,OR10J5,0
12456,8914,OR1A1,0
12457,8914,OR1A2,0
12458,8914,OR1D2,1
12459,8914,OR1G1_OR1G2,1
12460,8914,OR2C1,0
12461,8914,OR2J2,1
12462,8914,OR2M3_OR2M3P_OR2M6,0
12463,8914,OR2M7,0
12464,8914,OR2W1,1
12465,8914,OR2W1,1
12466,8914,OR51E1_OR51E1P_OR52A3P,0
12467,8914,OR51E2,0
12468,8914,OR51L1,0
12469,8914,OR52D1,1
12470,8914,OR5M3,0
12471,8914,OR5P3,0
12472,8914,OR8D1_OR8D3,0
12473,9085,OR51E2,0
12474,9256,OR1G1_OR1G2,1
12475,9256,OR52D1,1
12476,9261,OR10A2_OR10A2P,0
12477,9261,OR10A3,0
12478,9261,OR10A4_OR10A4P,0
12479,9261,OR10A5_OR10A1,0
12480,9261,OR10A6,0
12481,9261,OR10A7,0
12482,9261,OR10AD1_OR10AD1P,0
12483,9261,OR10AG1,0
12484,9261,OR10C1_OR10C2,0
12485,9261,OR10D3,0
12486,9261,OR10G3,0
12487,9261,OR10G4,0
12488,9261,OR10G6_OR10G6P,0
12489,9261,OR10G7,0
12490,9261,OR10G8,0
12491,9261,OR10G9_OR10G10P,0
12492,9261,OR10H1,0
12493,9261,OR10H2,0
12494,9261,OR10H3,0
12495,9261,OR10H4,0
12496,9261,OR10H5,0
12497,9261,OR10J1,0
12498,9261,OR10J3_OR10J3P,0
12499,9261,OR10J5,0
12500,9261,OR10K1,0
12501,9261,OR10K2,0
12502,9261,OR10P1_OR10P1P_OR10P2P_OR10P3P,0
12503,9261,OR10Q1,0
12504,9261,OR10R2,0
12505,9261,OR10T2,0
12506,9261,OR10V1,0
12507,9261,OR10W1_OR10W1P,0
12508,9261,OR10X1_OR10X1P,0
12509,9261,OR10Z1,0
12510,9261,OR11A1_OR11A2,0
12511,9261,OR11G2,0
12512,9261,OR11H1,0
12513,9261,OR11H12,0
12514,9261,OR11H2_OR11H2P,0
12515,9261,OR11H4,0
12516,9261,OR11H6,0
12517,9261,OR11L1,0
12518,9261,OR12D2,0
12519,9261,OR12D3,0
12520,9261,OR13A1,0
12521,9261,OR13C2,0
12522,9261,OR13C3,0
12523,9261,OR13C4,0
12524,9261,OR13C5,0
12525,9261,OR13C8,0
12526,9261,OR13C9,0
12527,9261,OR13D1,0
12528,9261,OR13F1,0
12529,9261,OR13G1,0
12530,9261,OR13H1,0
12531,9261,OR13J1,0
12532,9261,OR14A2_OR5AX1_OR5AX1P,0
12533,9261,OR14C36_OR5BF1,0
12534,9261,OR14I1_OR5BU1_OR5BU1P,0
12535,9261,OR14J1_OR5U1,0
12536,9261,OR14K1_OR5AY1,0
12537,9261,OR14L1_OR14L1P_OR5AV1P,0
12538,9261,OR1A1,0
12539,9261,OR1A2,0
12540,9261,OR1C1,0
12541,9261,OR1D2,0
12542,9261,OR1D5,0
12543,9261,OR1E1_OR1E5_OR1E6_OR1E9P,0
12544,9261,OR1E2_OR1E4,0
12545,9261,OR1F1,0
12546,9261,OR1F12P_OR1F12,0
12547,9261,OR1G1_OR1G2,1
12548,9261,OR1I1,0
12549,9261,OR1J1,0
12550,9261,OR1J2_OR1J3_OR1J5,0
12551,9261,OR1J4,0
12552,9261,OR1K1,0
12553,9261,OR1L1_OR1L2,0
12554,9261,OR1L3,0
12555,9261,OR1L4_OR1L5,0
12556,9261,OR1L6_OR1L7,0
12557,9261,OR1L8,0
12558,9261,OR1M1,0
12559,9261,OR1N1_OR1N3,0
12560,9261,OR1N2,0
12561,9261,OR1Q1_OR1Q2_OR1Q3,0
12562,9261,OR1S1,0
12563,9261,OR1S2,0
12564,9261,OR2A1,0
12565,9261,OR2A12_OR2A12P,0
12566,9261,OR2A14,0
12567,9261,OR2A14_OR2A14P_OR2A6,0
12568,9261,OR2A25_OR2A25P_OR2A27,0
12569,9261,OR2A2_OR2A17P_OR2A2P,0
12570,9261,OR2A4_OR2A10,0
12571,9261,OR2A5_OR2A26_OR2A8,0
12572,9261,OR2A7,0
12573,9261,OR2AE1_OR2AE2,0
12574,9261,OR2AG1_OR2AG3,0
12575,9261,OR2AG2_OR2AG2P,0
12576,9261,OR2AJ1_OR2AJ1P,0
12577,9261,OR2AK2_OR2AK1P,0
12578,9261,OR2AP1_OR2AP1P,0
12579,9261,OR2AT4,0
12580,9261,OR2B11,0
12581,9261,OR2B2_OR2B9,0
12582,9261,OR2B3_OR2B3P,1
12583,9261,OR2B3_OR2B3P,1
12584,9261,OR2B3_OR2B3P,1
12585,9261,OR2B6,0
12586,9261,OR2B8P_OR2B8,0
12587,9261,OR2C1,0
12588,9261,OR2C3_OR2C4_OR2C5P,0
12589,9261,OR2D2_OR2D1,0
12590,9261,OR2D3,0
12591,9261,OR2F1_OR2F3_OR2F3P_OR2F4_OR2F5,0
12592,9261,OR2F2,0
12593,9261,OR2G2,0
12594,9261,OR2G3,0
12595,9261,OR2G6,0
12596,9261,OR2H1_OR2H6_OR2H8,0
12597,9261,OR2H2_OR2H3,0
12598,9261,OR2J1_OR2J1P,0
12599,9261,OR2J2,0
12600,9261,OR2J3,1
12601,9261,OR2K2_OR2AR1P,0
12602,9261,OR2L13_OR2L14,0
12603,9261,OR2L2_OR2L12_OR2L4P,0
12604,9261,OR2L3,0
12605,9261,OR2L5_OR2L11,0
12606,9261,OR2L8,0
12607,9261,OR2M2,0
12608,9261,OR2M3_OR2M3P_OR2M6,0
12609,9261,OR2M4,0
12610,9261,OR2M5,0
12611,9261,OR2M7,0
12612,9261,OR2S2,0
12613,9261,OR2T1,0
12614,9261,OR2T10,0
12615,9261,OR2T11,0
12616,9261,OR2T29,0
12617,9261,OR2T2_OR2T2P,0
12618,9261,OR2T3,0
12619,9261,OR2T33,0
12620,9261,OR2T34,0
12621,9261,OR2T35,0
12622,9261,OR2T4,0
12623,9261,OR2T5,0
12624,9261,OR2T6_OR2T6P_OR2T9,0
12625,9261,OR2T8_OR2T8P,0
12626,9261,OR2V1,0
12627,9261,OR2V2_OR2V3,0
12628,9261,OR2W1,1
12629,9261,OR2W3_OR2W3P_OR2W8P,0
12630,9261,OR2W5P_OR2W5,0
12631,9261,OR2Y1,0
12632,9261,OR2Z1_OR2Z2,0
12633,9261,OR3A1,0
12634,9261,OR3A2,0
12635,9261,OR3A3_OR3A6_OR3A7_OR3A8P,0
12636,9261,OR3A4P_OR3A4_OR3A5P,0
12637,9261,OR4A15,0
12638,9261,OR4A16,0
12639,9261,OR4A47,0
12640,9261,OR4A4P,0
12641,9261,OR4A5,0
12642,9261,OR4B1,0
12643,9261,OR4C11_OR4C11P,0
12644,9261,OR4C12,0
12645,9261,OR4C15,0
12646,9261,OR4C16,0
12647,9261,OR4C3,0
12648,9261,OR4C46,0
12649,9261,OR4C5,0
12650,9261,OR4C6,0
12651,9261,OR4D10_OR4D10P,0
12652,9261,OR4D1_OR4D3,0
12653,9261,OR4D2,0
12654,9261,OR4D5,0
12655,9261,OR4D6,0
12656,9261,OR4D9,0
12657,9261,OR4E2,0
12658,9261,OR4F14,0
12659,9261,OR4F15,0
12660,9261,OR4F17_OR4F11P_OR4F18_OR4F19,0
12661,9261,OR4F21_OR4F21P,0
12662,9261,OR4F3,0
12663,9261,OR4F4,0
12664,9261,OR4F6_OR4F12,0
12665,9261,OR4K1,0
12666,9261,OR4K13,0
12667,9261,OR4K15,1
12668,9261,OR4K17,0
12669,9261,OR4K2,0
12670,9261,OR4K3_OR4K3P,0
12671,9261,OR4K5,0
12672,9261,OR4L1_OR4L2P,0
12673,9261,OR4M1,0
12674,9261,OR4M2B,0
12675,9261,OR4N2,0
12676,9261,OR4N4,0
12677,9261,OR4P4_OR4P3P,0
12678,9261,OR4Q3_OR4Q4,0
12679,9261,OR4S1,0
12680,9261,OR4S2_OR4S2P,0
12681,9261,OR4X1,0
12682,9261,OR4X2,0
12683,9261,OR51A2,0
12684,9261,OR51A4,0
12685,9261,OR51B2_OR51B1P,0
12686,9261,OR51B4,0
12687,9261,OR51B5,0
12688,9261,OR51B6,0
12689,9261,OR51D1,0
12690,9261,OR51E1_OR51E1P_OR52A3P,0
12691,9261,OR51E2,0
12692,9261,OR51F1_OR51F1P,0
12693,9261,OR51F2,0
12694,9261,OR51G1_OR51G3P,0
12695,9261,OR51G2,0
12696,9261,OR51H1_OR51H1P,0
12697,9261,OR51I1,0
12698,9261,OR51I2,0
12699,9261,OR51J1_OR51J1P_OR51J2,0
12700,9261,OR51L1,0
12701,9261,OR51M1,0
12702,9261,OR51Q1,0
12703,9261,OR51S1,0
12704,9261,OR51T1,0
12705,9261,OR51V1_OR51A12,0
12706,9261,OR52A1,0
12707,9261,OR52A4P_OR52A4,0
12708,9261,OR52A5,0
12709,9261,OR52B2,0
12710,9261,OR52B4,0
12711,9261,OR52B6,0
12712,9261,OR52D1,0
12713,9261,OR52E2,0
12714,9261,OR52E4,0
12715,9261,OR52E5,0
12716,9261,OR52E6,0
12717,9261,OR52E8,0
12718,9261,OR52H1,0
12719,9261,OR52I2,0
12720,9261,OR52J3,0
12721,9261,OR52K1,0
12722,9261,OR52K2,0
12723,9261,OR52L1,0
12724,9261,OR52L2P_OR52L2,0
12725,9261,OR52M1_OR52M1P,0
12726,9261,OR52N1,0
12727,9261,OR52N2,0
12728,9261,OR52N4,0
12729,9261,OR52N5,0
12730,9261,OR52P1_OR52P1P,0
12731,9261,OR52R1,0
12732,9261,OR52W1_OR52W1P,0
12733,9261,OR56A1,0
12734,9261,OR56A3_OR56A3P_OR56A6,0
12735,9261,OR56A4,0
12736,9261,OR56A5_OR56A5P,0
12737,9261,OR56B1_OR56B1P,0
12738,9261,OR56B4,0
12739,9261,OR5A1_OR5A1P,0
12740,9261,OR5A2,0
12741,9261,OR5AC2,0
12742,9261,OR5AK2,0
12743,9261,OR5AK3P_OR5AK3,0
12744,9261,OR5AL1_OR5AL1P,0
12745,9261,OR5AN1,0
12746,9261,OR5AP2,0
12747,9261,OR5AR1,0
12748,9261,OR5AS1,0
12749,9261,OR5AU1,0
12750,9261,OR5B12_OR5B12P_OR5B16,0
12751,9261,OR5B17_OR5B20P,0
12752,9261,OR5B2,0
12753,9261,OR5B21,0
12754,9261,OR5B3_OR5B13,0
12755,9261,OR5C1_OR5C2P,0
12756,9261,OR5D13,0
12757,9261,OR5D14,0
12758,9261,OR5D16,0
12759,9261,OR5D18,0
12760,9261,OR5F1,0
12761,9261,OR5H1,0
12762,9261,OR5H14,0
12763,9261,OR5H2,0
12764,9261,OR5H6,0
12765,9261,OR5I1,0
12766,9261,OR5J2,0
12767,9261,OR5K1,0
12768,9261,OR5K2,0
12769,9261,OR5K3,0
12770,9261,OR5K4,0
12771,9261,OR5L1,0
12772,9261,OR5M1,0
12773,9261,OR5M10,0
12774,9261,OR5M11,0
12775,9261,OR5M8,0
12776,9261,OR5M9,0
12777,9261,OR5P2,0
12778,9261,OR5P3,0
12779,9261,OR5T1_OR5T1P,0
12780,9261,OR5T2,0
12781,9261,OR5T3,0
12782,9261,OR5V1,0
12783,9261,OR5W2_OR5W2P_OR5W3P,0
12784,9261,OR6A2_OR6A1_OR6A2P,0
12785,9261,OR6B1,0
12786,9261,OR6B2_OR6B2P,0
12787,9261,OR6B3_OR6B3P,0
12788,9261,OR6C1,0
12789,9261,OR6C2,0
12790,9261,OR6C3,0
12791,9261,OR6C4,0
12792,9261,OR6C6,0
12793,9261,OR6C65,0
12794,9261,OR6C68,0
12795,9261,OR6C70,0
12796,9261,OR6C74,0
12797,9261,OR6C75,0
12798,9261,OR6C76,0
12799,9261,OR6F1,0
12800,9261,OR6J1_OR6J2,0
12801,9261,OR6K2,0
12802,9261,OR6K3,0
12803,9261,OR6K6,0
12804,9261,OR6M1,0
12805,9261,OR6N1,0
12806,9261,OR6N2,0
12807,9261,OR6P1,0
12808,9261,OR6Q1,0
12809,9261,OR6S1,0
12810,9261,OR6T1,0
12811,9261,OR6V1,0
12812,9261,OR6X1,0
12813,9261,OR6Y1_OR6Y2,0
12814,9261,OR7A10,0
12815,9261,OR7A17,0
12816,9261,OR7A5,0
12817,9261,OR7C1_OR7C4,0
12818,9261,OR7D2,0
12819,9261,OR7D4_OR7D4P,0
12820,9261,OR7E24_OR7E24P,0
12821,9261,OR7G2,0
12822,9261,OR7G3,0
12823,9261,OR8A1,0
12824,9261,OR8B12,0
12825,9261,OR8B2,0
12826,9261,OR8B3,0
12827,9261,OR8B4_OR8B4P,0
12828,9261,OR8B8,0
12829,9261,OR8D1_OR8D3,0
12830,9261,OR8D2,0
12831,9261,OR8D4,0
12832,9261,OR8G1_OR8G1P,0
12833,9261,OR8G5_OR8G5P_OR8G6,0
12834,9261,OR8H1,0
12835,9261,OR8H2,0
12836,9261,OR8H3,0
12837,9261,OR8I2,0
12838,9261,OR8J1,0
12839,9261,OR8J3,0
12840,9261,OR8K1,0
12841,9261,OR8K3,0
12842,9261,OR8K5,0
12843,9261,OR8S1,0
12844,9261,OR8U1,0
12845,9261,OR8U3_OR5R1_OR5R1P,0
12846,9261,OR8U8,0
12847,9261,OR8U9,0
12848,9261,OR9A2,0
12849,9261,OR9A4,0
12850,9261,OR9G4,0
12851,9261,OR9G9,0
12852,9261,OR9I1,0
12853,9261,OR9K2,0
12854,9261,OR9Q1,0
12855,9261,OR9Q2,0
12856,9261,OR9Q2_OR9Q2P,0
12857,9309,OR10J5,0
12858,9309,OR1A1,0
12859,9309,OR2C1,0
12860,9309,OR2J2,0
12861,9309,OR2M7,0
12862,9309,OR2W1,0
12863,9309,OR51E1_OR51E1P_OR52A3P,0
12864,9309,OR51E2,0
12865,9309,OR51L1,0
12866,9309,OR5P3,0
12867,9473,OR3A1,0
12868,9862,OR1D2,1
12869,9862,OR1G1_OR1G2,0
12870,9862,OR52D1,1
12871,9904,OR51E2,0
12872,10106,OR1A1,0
12873,10106,OR1A2,0
12874,10204,OR51E2,1
12875,10364,OR1G1_OR1G2,0
12876,10364,OR1L3,0
12877,10364,OR2B3_OR2B3P,0
12878,10364,OR2G2,0
12879,10364,OR2M4,0
12880,10364,OR2T10,0
12881,10364,OR2T34,0
12882,10364,OR5AC2,0
12883,10364,OR5B17_OR5B20P,0
12884,10402,OR1A1,0
12885,10402,OR1A2,0
12886,10409,OR11A1_OR11A2,0
12887,10409,OR5A1_OR5A1P,0
12888,10409,OR5A2,1
12889,10409,OR5AN1,1
12890,10409,OR5AN1,1
12891,10409,OR5AN1,1
12892,10430,OR10A2_OR10A2P,0
12893,10430,OR10A3,0
12894,10430,OR10A4_OR10A4P,0
12895,10430,OR10A5_OR10A1,0
12896,10430,OR10A6,0
12897,10430,OR10A7,0
12898,10430,OR10AD1_OR10AD1P,0
12899,10430,OR10AG1,0
12900,10430,OR10C1_OR10C2,0
12901,10430,OR10D3,0
12902,10430,OR10G3,0
12903,10430,OR10G4,0
12904,10430,OR10G6_OR10G6P,0
12905,10430,OR10G7,1
12906,10430,OR10G8,0
12907,10430,OR10G9_OR10G10P,0
12908,10430,OR10H1,0
12909,10430,OR10H2,0
12910,10430,OR10H3,0
12911,10430,OR10H4,0
12912,10430,OR10H5,0
12913,10430,OR10J1,0
12914,10430,OR10J3_OR10J3P,0
12915,10430,OR10J5,0
12916,10430,OR10K1,0
12917,10430,OR10K2,0
12918,10430,OR10P1_OR10P1P_OR10P2P_OR10P3P,0
12919,10430,OR10Q1,0
12920,10430,OR10R2,0
12921,10430,OR10S1,0
12922,10430,OR10T2,0
12923,10430,OR10V1,0
12924,10430,OR10W1_OR10W1P,0
12925,10430,OR10X1_OR10X1P,0
12926,10430,OR10Z1,0
12927,10430,OR11A1_OR11A2,0
12928,10430,OR11G2,0
12929,10430,OR11H1,0
12930,10430,OR11H12,0
12931,10430,OR11H2_OR11H2P,0
12932,10430,OR11H4,1
12933,10430,OR11H4,1
12934,10430,OR11H6,1
12935,10430,OR11H6,1
12936,10430,OR11L1,0
12937,10430,OR12D2,0
12938,10430,OR12D3,0
12939,10430,OR13A1,0
12940,10430,OR13C2,0
12941,10430,OR13C3,0
12942,10430,OR13C4,0
12943,10430,OR13C5,0
12944,10430,OR13C8,0
12945,10430,OR13C9,0
12946,10430,OR13D1,0
12947,10430,OR13F1,0
12948,10430,OR13G1,0
12949,10430,OR13H1,0
12950,10430,OR13J1,0
12951,10430,OR14A2_OR5AX1_OR5AX1P,0
12952,10430,OR14C36_OR5BF1,0
12953,10430,OR14I1_OR5BU1_OR5BU1P,0
12954,10430,OR14J1_OR5U1,0
12955,10430,OR14K1_OR5AY1,0
12956,10430,OR14L1_OR14L1P_OR5AV1P,0
12957,10430,OR1A1,1
12958,10430,OR1A2,0
12959,10430,OR1C1,0
12960,10430,OR1D2,0
12961,10430,OR1D5,0
12962,10430,OR1E1_OR1E5_OR1E6_OR1E9P,1
12963,10430,OR1E2_OR1E4,0
12964,10430,OR1F1,0
12965,10430,OR1F12P_OR1F12,0
12966,10430,OR1G1_OR1G2,0
12967,10430,OR1I1,0
12968,10430,OR1J1,0
12969,10430,OR1J2_OR1J3_OR1J5,0
12970,10430,OR1J4,0
12971,10430,OR1K1,0
12972,10430,OR1L1_OR1L2,0
12973,10430,OR1L3,0
12974,10430,OR1L4_OR1L5,0
12975,10430,OR1L6_OR1L7,0
12976,10430,OR1L8,0
12977,10430,OR1M1,0
12978,10430,OR1N1_OR1N3,0
12979,10430,OR1N2,0
12980,10430,OR1Q1_OR1Q2_OR1Q3,0
12981,10430,OR1S1,0
12982,10430,OR1S2,0
12983,10430,OR2A1,0
12984,10430,OR2A12_OR2A12P,0
12985,10430,OR2A14,0
12986,10430,OR2A14_OR2A14P_OR2A6,0
12987,10430,OR2A25_OR2A25P_OR2A27,0
12988,10430,OR2A2_OR2A17P_OR2A2P,0
12989,10430,OR2A4_OR2A10,0
12990,10430,OR2A5_OR2A26_OR2A8,0
12991,10430,OR2A7,0
12992,10430,OR2AE1_OR2AE2,0
12993,10430,OR2AG1_OR2AG3,0
12994,10430,OR2AG2_OR2AG2P,0
12995,10430,OR2AJ1_OR2AJ1P,0
12996,10430,OR2AK2_OR2AK1P,0
12997,10430,OR2AP1_OR2AP1P,0
12998,10430,OR2AT4,0
12999,10430,OR2B11,0
13000,10430,OR2B2_OR2B9,0
13001,10430,OR2B3_OR2B3P,0
13002,10430,OR2B6,0
13003,10430,OR2B8P_OR2B8,0
13004,10430,OR2C1,0
13005,10430,OR2C3_OR2C4_OR2C5P,0
13006,10430,OR2D2_OR2D1,0
13007,10430,OR2D3,0
13008,10430,OR2F1_OR2F3_OR2F3P_OR2F4_OR2F5,0
13009,10430,OR2F2,0
13010,10430,OR2G2,0
13011,10430,OR2G3,0
13012,10430,OR2G6,0
13013,10430,OR2H1_OR2H6_OR2H8,0
13014,10430,OR2H2_OR2H3,0
13015,10430,OR2J1_OR2J1P,0
13016,10430,OR2J2,0
13017,10430,OR2J3,0
13018,10430,OR2K2_OR2AR1P,0
13019,10430,OR2L13_OR2L14,0
13020,10430,OR2L2_OR2L12_OR2L4P,0
13021,10430,OR2L3,0
13022,10430,OR2L5_OR2L11,0
13023,10430,OR2L8,0
13024,10430,OR2M2,0
13025,10430,OR2M3_OR2M3P_OR2M6,0
13026,10430,OR2M4,0
13027,10430,OR2M5,0
13028,10430,OR2M7,0
13029,10430,OR2S2,0
13030,10430,OR2T1,0
13031,10430,OR2T10,0
13032,10430,OR2T11,0
13033,10430,OR2T29,0
13034,10430,OR2T2_OR2T2P,0
13035,10430,OR2T3,0
13036,10430,OR2T33,0
13037,10430,OR2T34,0
13038,10430,OR2T35,0
13039,10430,OR2T4,0
13040,10430,OR2T5,0
13041,10430,OR2T6_OR2T6P_OR2T9,0
13042,10430,OR2T8_OR2T8P,0
13043,10430,OR2V1,0
13044,10430,OR2V2_OR2V3,0
13045,10430,OR2W1,0
13046,10430,OR2W3_OR2W3P_OR2W8P,0
13047,10430,OR2W5P_OR2W5,0
13048,10430,OR2Y1,0
13049,10430,OR2Z1_OR2Z2,0
13050,10430,OR3A1,0
13051,10430,OR3A2,0
13052,10430,OR3A3_OR3A6_OR3A7_OR3A8P,0
13053,10430,OR3A4P_OR3A4_OR3A5P,0
13054,10430,OR4A15,0
13055,10430,OR4A16,0
13056,10430,OR4A47,0
13057,10430,OR4A4P,0
13058,10430,OR4A5,0
13059,10430,OR4B1,0
13060,10430,OR4C11_OR4C11P,0
13061,10430,OR4C12,1
13062,10430,OR4C15,0
13063,10430,OR4C16,0
13064,10430,OR4C3,0
13065,10430,OR4C46,0
13066,10430,OR4C5,0
13067,10430,OR4C6,0
13068,10430,OR4D10_OR4D10P,0
13069,10430,OR4D1_OR4D3,0
13070,10430,OR4D2,0
13071,10430,OR4D5,0
13072,10430,OR4D6,0
13073,10430,OR4D9,0
13074,10430,OR4E2,0
13075,10430,OR4F14,0
13076,10430,OR4F15,0
13077,10430,OR4F17_OR4F11P_OR4F18_OR4F19,0
13078,10430,OR4F21_OR4F21P,0
13079,10430,OR4F3,0
13080,10430,OR4F4,0
13081,10430,OR4F6_OR4F12,0
13082,10430,OR4K1,0
13083,10430,OR4K13,0
13084,10430,OR4K15,0
13085,10430,OR4K17,0
13086,10430,OR4K2,0
13087,10430,OR4K3_OR4K3P,0
13088,10430,OR4K5,0
13089,10430,OR4L1_OR4L2P,0
13090,10430,OR4M1,0
13091,10430,OR4M2B,0
13092,10430,OR4N2,0
13093,10430,OR4N4,0
13094,10430,OR4P4_OR4P3P,0
13095,10430,OR4Q3_OR4Q4,0
13096,10430,OR4S1,0
13097,10430,OR4S2_OR4S2P,0
13098,10430,OR4X1,0
13099,10430,OR4X2,0
13100,10430,OR51A2,0
13101,10430,OR51A4,0
13102,10430,OR51B2_OR51B1P,0
13103,10430,OR51B4,0
13104,10430,OR51B5,1
13105,10430,OR51B6,0
13106,10430,OR51D1,0
13107,10430,OR51E1_OR51E1P_OR52A3P,1
13108,10430,OR51E1_OR51E1P_OR52A3P,1
13109,10430,OR51E1_OR51E1P_OR52A3P,1
13110,10430,OR51E1_OR51E1P_OR52A3P,1
13111,10430,OR51E1_OR51E1P_OR52A3P,1
13112,10430,OR51E1_OR51E1P_OR52A3P,1
13113,10430,OR51E1_OR51E1P_OR52A3P,1
13114,10430,OR51E1_OR51E1P_OR52A3P,1
13115,10430,OR51E1_OR51E1P_OR52A3P,1
13116,10430,OR51E1_OR51E1P_OR52A3P,1
13117,10430,OR51E1_OR51E1P_OR52A3P,1
13118,10430,OR51E1_OR51E1P_OR52A3P,1
13119,10430,OR51E1_OR51E1P_OR52A3P,1
13120,10430,OR51E2,0
13121,10430,OR51F1_OR51F1P,0
13122,10430,OR51F2,0
13123,10430,OR51G1_OR51G3P,0
13124,10430,OR51G2,0
13125,10430,OR51H1_OR51H1P,0
13126,10430,OR51I1,0
13127,10430,OR51I2,1
13128,10430,OR51J1_OR51J1P_OR51J2,0
13129,10430,OR51L1,0
13130,10430,OR51M1,1
13131,10430,OR51Q1,0
13132,10430,OR51S1,0
13133,10430,OR51T1,0
13134,10430,OR51V1_OR51A12,0
13135,10430,OR52A1,0
13136,10430,OR52A4P_OR52A4,0
13137,10430,OR52A5,0
13138,10430,OR52B2,0
13139,10430,OR52B4,0
13140,10430,OR52B6,0
13141,10430,OR52D1,1
13142,10430,OR52E2,0
13143,10430,OR52E4,0
13144,10430,OR52E5,0
13145,10430,OR52E6,0
13146,10430,OR52E8,0
13147,10430,OR52H1,0
13148,10430,OR52I2,0
13149,10430,OR52J3,0
13150,10430,OR52K1,0
13151,10430,OR52K2,0
13152,10430,OR52L1,0
13153,10430,OR52L2P_OR52L2,0
13154,10430,OR52M1_OR52M1P,0
13155,10430,OR52N1,0
13156,10430,OR52N2,0
13157,10430,OR52N4,1
13158,10430,OR52N5,0
13159,10430,OR52P1_OR52P1P,0
13160,10430,OR52R1,0
13161,10430,OR52W1_OR52W1P,0
13162,10430,OR56A1,0
13163,10430,OR56A3_OR56A3P_OR56A6,0
13164,10430,OR56A4,0
13165,10430,OR56A5_OR56A5P,1
13166,10430,OR56B1_OR56B1P,0
13167,10430,OR56B4,0
13168,10430,OR5A1_OR5A1P,0
13169,10430,OR5A2,0
13170,10430,OR5AC2,0
13171,10430,OR5AK2,0
13172,10430,OR5AK3P_OR5AK3,0
13173,10430,OR5AL1_OR5AL1P,0
13174,10430,OR5AN1,0
13175,10430,OR5AP2,0
13176,10430,OR5AR1,0
13177,10430,OR5AS1,0
13178,10430,OR5AU1,0
13179,10430,OR5B12_OR5B12P_OR5B16,0
13180,10430,OR5B17_OR5B20P,0
13181,10430,OR5B2,0
13182,10430,OR5B21,0
13183,10430,OR5B3_OR5B13,0
13184,10430,OR5C1_OR5C2P,0
13185,10430,OR5D13,0
13186,10430,OR5D14,0
13187,10430,OR5D16,0
13188,10430,OR5D18,0
13189,10430,OR5F1,0
13190,10430,OR5H1,0
13191,10430,OR5H14,0
13192,10430,OR5H2,0
13193,10430,OR5H6,0
13194,10430,OR5I1,0
13195,10430,OR5J2,0
13196,10430,OR5K1,0
13197,10430,OR5K2,0
13198,10430,OR5K3,0
13199,10430,OR5K4,1
13200,10430,OR5L1,0
13201,10430,OR5M1,0
13202,10430,OR5M10,0
13203,10430,OR5M11,0
13204,10430,OR5M3,0
13205,10430,OR5M8,0
13206,10430,OR5M9,0
13207,10430,OR5P2,0
13208,10430,OR5P3,0
13209,10430,OR5T1_OR5T1P,0
13210,10430,OR5T2,0
13211,10430,OR5T3,0
13212,10430,OR5V1,0
13213,10430,OR5W2_OR5W2P_OR5W3P,0
13214,10430,OR6A2_OR6A1_OR6A2P,0
13215,10430,OR6B1,0
13216,10430,OR6B2_OR6B2P,0
13217,10430,OR6B3_OR6B3P,0
13218,10430,OR6C1,0
13219,10430,OR6C2,0
13220,10430,OR6C3,0
13221,10430,OR6C4,0
13222,10430,OR6C6,0
13223,10430,OR6C65,0
13224,10430,OR6C68,1
13225,10430,OR6C70,0
13226,10430,OR6C74,0
13227,10430,OR6C75,0
13228,10430,OR6C76,0
13229,10430,OR6F1,0
13230,10430,OR6J1_OR6J2,0
13231,10430,OR6K2,0
13232,10430,OR6K3,0
13233,10430,OR6K6,0
13234,10430,OR6M1,0
13235,10430,OR6N1,0
13236,10430,OR6N2,0
13237,10430,OR6P1,0
13238,10430,OR6Q1,0
13239,10430,OR6S1,0
13240,10430,OR6T1,0
13241,10430,OR6V1,0
13242,10430,OR6X1,0
13243,10430,OR6Y1_OR6Y2,0
13244,10430,OR7A10,0
13245,10430,OR7A17,0
13246,10430,OR7A5,0
13247,10430,OR7C1_OR7C4,0
13248,10430,OR7D2,0
13249,10430,OR7D4_OR7D4P,0
13250,10430,OR7E24_OR7E24P,0
13251,10430,OR7G2,0
13252,10430,OR7G3,0
13253,10430,OR8A1,0
13254,10430,OR8B12,1
13255,10430,OR8B2,0
13256,10430,OR8B3,0
13257,10430,OR8B4_OR8B4P,0
13258,10430,OR8B8,0
13259,10430,OR8D1_OR8D3,0
13260,10430,OR8D2,0
13261,10430,OR8D4,0
13262,10430,OR8G1_OR8G1P,0
13263,10430,OR8G5_OR8G5P_OR8G6,0
13264,10430,OR8H1,0
13265,10430,OR8H2,0
13266,10430,OR8H3,0
13267,10430,OR8I2,0
13268,10430,OR8J1,0
13269,10430,OR8J3,0
13270,10430,OR8K1,0
13271,10430,OR8K3,0
13272,10430,OR8K5,0
13273,10430,OR8S1,0
13274,10430,OR8U1,0
13275,10430,OR8U3_OR5R1_OR5R1P,0
13276,10430,OR8U8,1
13277,10430,OR8U9,0
13278,10430,OR9A2,1
13279,10430,OR9A2,1
13280,10430,OR9A4,0
13281,10430,OR9G4,0
13282,10430,OR9G9,0
13283,10430,OR9I1,0
13284,10430,OR9K2,0
13285,10430,OR9Q1,1
13286,10430,OR9Q2,0
13287,10430,OR9Q2_OR9Q2P,0
13288,10448,OR1A1,0
13289,10448,OR1A2,0
13290,10448,OR2M3_OR2M3P_OR2M6,0
13291,10448,OR2W1,0
13292,10448,OR5K1,0
13293,10448,OR5M3,0
13294,10448,OR8D1_OR8D3,0
13295,10558,OR10A7,0
13296,10686,OR10S1,1
13297,10686,OR2A1,0
13298,10686,OR2A7,0
13299,10686,OR2L13_OR2L14,0
13300,10686,OR2T4,0
13301,10686,OR2W3_OR2W3P_OR2W8P,0
13302,10686,OR51B5,0
13303,10748,OR1A1,0
13304,10748,OR2M3_OR2M3P_OR2M6,0
13305,10748,OR2W1,0
13306,10748,OR5K1,0
13307,10748,OR5M3,0
13308,10748,OR8D1_OR8D3,0
13309,10882,OR1A1,0
13310,10882,OR2M3_OR2M3P_OR2M6,0
13311,10882,OR2W1,1
13312,10882,OR2W1,1
13313,10882,OR2W1,1
13314,10882,OR5K1,0
13315,10882,OR5M3,0
13316,10882,OR8D1_OR8D3,0
13317,10886,OR10J5,0
13318,10886,OR1A1,0
13319,10886,OR2C1,0
13320,10886,OR2J2,0
13321,10886,OR2M7,0
13322,10886,OR2W1,0
13323,10886,OR51E1_OR51E1P_OR52A3P,0
13324,10886,OR51E2,0
13325,10886,OR51L1,0
13326,10886,OR5P3,0
13327,10890,OR2AG1_OR2AG3,1
13328,10900,OR1A1,0
13329,10900,OR1A2,0
13330,10947,OR10A2_OR10A2P,0
13331,10947,OR10A4_OR10A4P,0
13332,10947,OR10A5_OR10A1,0
13333,10947,OR10A6,0
13334,10947,OR10A7,0
13335,10947,OR10AD1_OR10AD1P,0
13336,10947,OR10AG1,0
13337,10947,OR10C1_OR10C2,0
13338,10947,OR10G3,0
13339,10947,OR10G4,0
13340,10947,OR10G6_OR10G6P,0
13341,10947,OR10G7,0
13342,10947,OR10G8,0
13343,10947,OR10G9_OR10G10P,0
13344,10947,OR10H1,0
13345,10947,OR10H2,0
13346,10947,OR10H3,0
13347,10947,OR10H4,0
13348,10947,OR10H5,0
13349,10947,OR10J3_OR10J3P,0
13350,10947,OR10J5,0
13351,10947,OR10K1,0
13352,10947,OR10K2,0
13353,10947,OR10P1_OR10P1P_OR10P2P_OR10P3P,0
13354,10947,OR10Q1,0
13355,10947,OR10R2,0
13356,10947,OR10S1,0
13357,10947,OR10T2,0
13358,10947,OR10V1,0
13359,10947,OR10W1_OR10W1P,0
13360,10947,OR10X1_OR10X1P,0
13361,10947,OR10Z1,0
13362,10947,OR11A1_OR11A2,0
13363,10947,OR11G2,0
13364,10947,OR11H1,0
13365,10947,OR11H12,0
13366,10947,OR11H2_OR11H2P,0
13367,10947,OR11H4,0
13368,10947,OR11H6,0
13369,10947,OR11L1,0
13370,10947,OR12D2,0
13371,10947,OR12D3,0
13372,10947,OR13A1,0
13373,10947,OR13C2,0
13374,10947,OR13C3,0
13375,10947,OR13C4,0
13376,10947,OR13C5,0
13377,10947,OR13C8,0
13378,10947,OR13C9,0
13379,10947,OR13D1,0
13380,10947,OR13F1,0
13381,10947,OR13G1,0
13382,10947,OR13H1,0
13383,10947,OR13J1,0
13384,10947,OR14A2_OR5AX1_OR5AX1P,0
13385,10947,OR14C36_OR5BF1,0
13386,10947,OR14I1_OR5BU1_OR5BU1P,0
13387,10947,OR14J1_OR5U1,0
13388,10947,OR14K1_OR5AY1,0
13389,10947,OR1A1,1
13390,10947,OR1A2,0
13391,10947,OR1C1,0
13392,10947,OR1D5,0
13393,10947,OR1E2_OR1E4,0
13394,10947,OR1F1,0
13395,10947,OR1F12P_OR1F12,0
13396,10947,OR1G1_OR1G2,0
13397,10947,OR1I1,0
13398,10947,OR1J1,0
13399,10947,OR1K1,0
13400,10947,OR1L1_OR1L2,0
13401,10947,OR1L3,0
13402,10947,OR1L4_OR1L5,0
13403,10947,OR1L6_OR1L7,0
13404,10947,OR1L8,0
13405,10947,OR1M1,0
13406,10947,OR1N1_OR1N3,0
13407,10947,OR1N2,0
13408,10947,OR1Q1_OR1Q2_OR1Q3,0
13409,10947,OR1S1,0
13410,10947,OR1S2,0
13411,10947,OR2A1,0
13412,10947,OR2A12_OR2A12P,0
13413,10947,OR2A14_OR2A14P_OR2A6,0
13414,10947,OR2A25_OR2A25P_OR2A27,0
13415,10947,OR2A2_OR2A17P_OR2A2P,0
13416,10947,OR2A4_OR2A10,0
13417,10947,OR2A5_OR2A26_OR2A8,0
13418,10947,OR2A7,0
13419,10947,OR2AE1_OR2AE2,0
13420,10947,OR2AG1_OR2AG3,0
13421,10947,OR2AG2_OR2AG2P,0
13422,10947,OR2AJ1_OR2AJ1P,0
13423,10947,OR2AK2_OR2AK1P,0
13424,10947,OR2AP1_OR2AP1P,0
13425,10947,OR2AT4,0
13426,10947,OR2B11,0
13427,10947,OR2B2_OR2B9,0
13428,10947,OR2B6,0
13429,10947,OR2C1,0
13430,10947,OR2C3_OR2C4_OR2C5P,0
13431,10947,OR2D2_OR2D1,0
13432,10947,OR2D3,0
13433,10947,OR2F1_OR2F3_OR2F3P_OR2F4_OR2F5,0
13434,10947,OR2F2,0
13435,10947,OR2G2,0
13436,10947,OR2G3,0
13437,10947,OR2G6,0
13438,10947,OR2H1_OR2H6_OR2H8,0
13439,10947,OR2H2_OR2H3,0
13440,10947,OR2J1_OR2J1P,0
13441,10947,OR2J2,0
13442,10947,OR2J3,0
13443,10947,OR2K2_OR2AR1P,0
13444,10947,OR2L13_OR2L14,0
13445,10947,OR2L3,0
13446,10947,OR2L5_OR2L11,0
13447,10947,OR2L8,0
13448,10947,OR2M2,0
13449,10947,OR2M3_OR2M3P_OR2M6,0
13450,10947,OR2M7,0
13451,10947,OR2S2,0
13452,10947,OR2T1,0
13453,10947,OR2T10,0
13454,10947,OR2T11,0
13455,10947,OR2T29,0
13456,10947,OR2T2_OR2T2P,0
13457,10947,OR2T3,0
13458,10947,OR2T33,0
13459,10947,OR2T34,0
13460,10947,OR2T35,0
13461,10947,OR2T4,0
13462,10947,OR2T5,0
13463,10947,OR2T6_OR2T6P_OR2T9,0
13464,10947,OR2T8_OR2T8P,0
13465,10947,OR2V1,0
13466,10947,OR2V2_OR2V3,0
13467,10947,OR2W1,0
13468,10947,OR2W3_OR2W3P_OR2W8P,0
13469,10947,OR2Y1,0
13470,10947,OR2Z1_OR2Z2,0
13471,10947,OR3A1,0
13472,10947,OR3A2,0
13473,10947,OR3A3_OR3A6_OR3A7_OR3A8P,0
13474,10947,OR4A15,0
13475,10947,OR4A16,0
13476,10947,OR4A47,0
13477,10947,OR4A5,0
13478,10947,OR4B1,0
13479,10947,OR4C11_OR4C11P,0
13480,10947,OR4C12,0
13481,10947,OR4C15,0
13482,10947,OR4C16,0
13483,10947,OR4C3,0
13484,10947,OR4C46,0
13485,10947,OR4C5,0
13486,10947,OR4C6,0
13487,10947,OR4D10_OR4D10P,0
13488,10947,OR4D1_OR4D3,0
13489,10947,OR4D2,0
13490,10947,OR4D5,0
13491,10947,OR4D6,0
13492,10947,OR4D9,0
13493,10947,OR4E2,0
13494,10947,OR4F15,0
13495,10947,OR4F17_OR4F11P_OR4F18_OR4F19,0
13496,10947,OR4F21_OR4F21P,0
13497,10947,OR4F3,0
13498,10947,OR4F4,0
13499,10947,OR4F6_OR4F12,0
13500,10947,OR4K1,0
13501,10947,OR4K13,0
13502,10947,OR4K15,0
13503,10947,OR4K17,0
13504,10947,OR4K2,0
13505,10947,OR4K3_OR4K3P,0
13506,10947,OR4K5,0
13507,10947,OR4L1_OR4L2P,0
13508,10947,OR4M1,0
13509,10947,OR4M2B,0
13510,10947,OR4N2,0
13511,10947,OR4N4,0
13512,10947,OR4P4_OR4P3P,0
13513,10947,OR4Q3_OR4Q4,0
13514,10947,OR4S1,0
13515,10947,OR4S2_OR4S2P,0
13516,10947,OR4X1,0
13517,10947,OR4X2,0
13518,10947,OR51A2,0
13519,10947,OR51A4,0
13520,10947,OR51A7,0
13521,10947,OR51B2_OR51B1P,0
13522,10947,OR51B4,0
13523,10947,OR51B5,0
13524,10947,OR51B6,0
13525,10947,OR51D1,0
13526,10947,OR51E2,0
13527,10947,OR51F1_OR51F1P,0
13528,10947,OR51F2,0
13529,10947,OR51G1_OR51G3P,0
13530,10947,OR51G2,0
13531,10947,OR51H1_OR51H1P,0
13532,10947,OR51I1,0
13533,10947,OR51I2,0
13534,10947,OR51J1_OR51J1P_OR51J2,0
13535,10947,OR51L1,0
13536,10947,OR51M1,0
13537,10947,OR51Q1,0
13538,10947,OR51S1,0
13539,10947,OR51T1,0
13540,10947,OR51V1_OR51A12,0
13541,10947,OR52A1,0
13542,10947,OR52A4P_OR52A4,0
13543,10947,OR52A5,0
13544,10947,OR52B2,0
13545,10947,OR52B4,0
13546,10947,OR52B6,0
13547,10947,OR52D1,0
13548,10947,OR52E2,0
13549,10947,OR52E4,0
13550,10947,OR52E5,0
13551,10947,OR52E6,0
13552,10947,OR52E8,0
13553,10947,OR52H1,0
13554,10947,OR52I1,0
13555,10947,OR52I2,0
13556,10947,OR52J3,0
13557,10947,OR52K1,0
13558,10947,OR52K2,0
13559,10947,OR52L1,0
13560,10947,OR52M1_OR52M1P,0
13561,10947,OR52N1,0
13562,10947,OR52N2,0
13563,10947,OR52N4,0
13564,10947,OR52N5,0
13565,10947,OR52R1,0
13566,10947,OR52W1_OR52W1P,0
13567,10947,OR56A1,0
13568,10947,OR56A3_OR56A3P_OR56A6,0
13569,10947,OR56A4,0
13570,10947,OR56A5_OR56A5P,0
13571,10947,OR56B1_OR56B1P,0
13572,10947,OR56B4,0
13573,10947,OR5A1_OR5A1P,0
13574,10947,OR5A2,1
13575,10947,OR5AC2,0
13576,10947,OR5AK2,0
13577,10947,OR5AL1_OR5AL1P,0
13578,10947,OR5AN1,1
13579,10947,OR5AN1,1
13580,10947,OR5AN1,1
13581,10947,OR5AN1,1
13582,10947,OR5AN1,1
13583,10947,OR5AN1,1
13584,10947,OR5AP2,0
13585,10947,OR5AR1,0
13586,10947,OR5AS1,0
13587,10947,OR5AU1,0
13588,10947,OR5B12_OR5B12P_OR5B16,0
13589,10947,OR5B17_OR5B20P,0
13590,10947,OR5B2,0
13591,10947,OR5B21,0
13592,10947,OR5B3_OR5B13,0
13593,10947,OR5C1_OR5C2P,0
13594,10947,OR5D13,0
13595,10947,OR5D14,0
13596,10947,OR5D16,0
13597,10947,OR5D18,0
13598,10947,OR5F1,0
13599,10947,OR5H14,0
13600,10947,OR5H2,0
13601,10947,OR5H6,0
13602,10947,OR5I1,0
13603,10947,OR5J2,0
13604,10947,OR5K2,0
13605,10947,OR5K3,0
13606,10947,OR5K4,0
13607,10947,OR5L1,0
13608,10947,OR5M1,0
13609,10947,OR5M10,0
13610,10947,OR5M11,0
13611,10947,OR5M3,0
13612,10947,OR5M8,0
13613,10947,OR5M9,0
13614,10947,OR5P2,0
13615,10947,OR5P3,0
13616,10947,OR5T1_OR5T1P,0
13617,10947,OR5T2,0
13618,10947,OR5T3,0
13619,10947,OR5V1,0
13620,10947,OR5W2_OR5W2P_OR5W3P,0
13621,10947,OR6A2_OR6A1_OR6A2P,0
13622,10947,OR6B1,0
13623,10947,OR6B2_OR6B2P,0
13624,10947,OR6B3_OR6B3P,0
13625,10947,OR6C1,0
13626,10947,OR6C2,0
13627,10947,OR6C3,0
13628,10947,OR6C4,0
13629,10947,OR6C6,0
13630,10947,OR6C65,0
13631,10947,OR6C68,0
13632,10947,OR6C70,0
13633,10947,OR6C74,0
13634,10947,OR6C75,0
13635,10947,OR6C76,0
13636,10947,OR6F1,0
13637,10947,OR6J1_OR6J2,0
13638,10947,OR6K2,0
13639,10947,OR6K3,0
13640,10947,OR6K6,0
13641,10947,OR6M1,0
13642,10947,OR6N1,0
13643,10947,OR6N2,0
13644,10947,OR6P1,0
13645,10947,OR6Q1,0
13646,10947,OR6S1,0
13647,10947,OR6T1,0
13648,10947,OR6V1,0
13649,10947,OR6X1,0
13650,10947,OR6Y1_OR6Y2,0
13651,10947,OR7A10,0
13652,10947,OR7A17,0
13653,10947,OR7A5,0
13654,10947,OR7C1_OR7C4,0
13655,10947,OR7D2,0
13656,10947,OR7D4_OR7D4P,0
13657,10947,OR7E24_OR7E24P,0
13658,10947,OR7G2,0
13659,10947,OR7G3,0
13660,10947,OR8A1,0
13661,10947,OR8B12,0
13662,10947,OR8B2,0
13663,10947,OR8B3,0
13664,10947,OR8B4_OR8B4P,0
13665,10947,OR8B8,0
13666,10947,OR8D1_OR8D3,0
13667,10947,OR8D2,0
13668,10947,OR8D4,0
13669,10947,OR8G1_OR8G1P,0
13670,10947,OR8G5_OR8G5P_OR8G6,0
13671,10947,OR8H1,0
13672,10947,OR8H2,0
13673,10947,OR8H3,0
13674,10947,OR8I2,0
13675,10947,OR8J1,0
13676,10947,OR8J3,0
13677,10947,OR8K1,0
13678,10947,OR8K3,0
13679,10947,OR8K5,0
13680,10947,OR8S1,0
13681,10947,OR8U1,0
13682,10947,OR8U3_OR5R1_OR5R1P,0
13683,10947,OR8U8,0
13684,10947,OR8U9,0
13685,10947,OR9A2,0
13686,10947,OR9A4,0
13687,10947,OR9G4,0
13688,10947,OR9G9,0
13689,10947,OR9I1,0
13690,10947,OR9K2,0
13691,10947,OR9Q1,0
13692,10947,OR9Q2_OR9Q2P,0
13693,10975,OR1D2,1
13694,10976,OR1A1,0
13695,10976,OR2M3_OR2M3P_OR2M6,0
13696,10976,OR2W1,1
13697,10976,OR2W1,1
13698,10976,OR2W1,1
13699,10976,OR2W1,1
13700,10976,OR5K1,0
13701,10976,OR5M3,0
13702,10976,OR8D1_OR8D3,0
13703,11005,OR10S1,0
13704,11005,OR2A1,0
13705,11005,OR2A7,0
13706,11005,OR2L13_OR2L14,0
13707,11005,OR2T4,0
13708,11005,OR2W3_OR2W3P_OR2W8P,0
13709,11005,OR51B5,0
13710,11005,OR51E1_OR51E1P_OR52A3P,0
13711,11039,OR1A1,0
13712,11039,OR2M3_OR2M3P_OR2M6,0
13713,11039,OR2W1,0
13714,11039,OR5K1,0
13715,11039,OR5M3,0
13716,11039,OR8D1_OR8D3,0
13717,11086,OR1A1,0
13718,11086,OR2M3_OR2M3P_OR2M6,0
13719,11086,OR2W1,0
13720,11335,OR1A1,0
13721,11335,OR2M3_OR2M3P_OR2M6,0
13722,11335,OR2W1,0
13723,11335,OR5K1,0
13724,11335,OR5M3,0
13725,11335,OR8D1_OR8D3,0
13726,11398,OR1D2,1
13727,11428,OR10S1,0
13728,11428,OR2A1,0
13729,11428,OR2A7,0
13730,11428,OR2L13_OR2L14,0
13731,11428,OR2T4,0
13732,11428,OR2W3_OR2W3P_OR2W8P,0
13733,11428,OR51B5,0
13734,11446,OR1A1,0
13735,11446,OR1A2,0
13736,11509,OR10S1,0
13737,11509,OR2A1,0
13738,11509,OR2A7,0
13739,11509,OR2L13_OR2L14,0
13740,11509,OR2T4,0
13741,11509,OR2W3_OR2W3P_OR2W8P,0
13742,11509,OR51B5,0
13743,11515,OR1G1_OR1G2,1
13744,11515,OR52D1,0
13745,11527,OR1G1_OR1G2,1
13746,11527,OR52D1,0
13747,11552,OR1A1,0
13748,11552,OR2M3_OR2M3P_OR2M6,0
13749,11552,OR2W1,0
13750,11552,OR3A1,0
13751,11552,OR5K1,0
13752,11552,OR5M3,0
13753,11552,OR8D1_OR8D3,0
13754,11583,OR10J5,0
13755,11583,OR1A1,0
13756,11583,OR2C1,0
13757,11583,OR2J2,0
13758,11583,OR2M7,0
13759,11583,OR2W1,1
13760,11583,OR51E1_OR51E1P_OR52A3P,0
13761,11583,OR51E2,0
13762,11583,OR51L1,0
13763,11583,OR5P3,0
13764,11614,OR10J5,0
13765,11614,OR1A1,0
13766,11614,OR2C1,0
13767,11614,OR2J2,0
13768,11614,OR2M7,0
13769,11614,OR2W1,1
13770,11614,OR51E1_OR51E1P_OR52A3P,0
13771,11614,OR51E2,0
13772,11614,OR51L1,0
13773,11614,OR5P3,0
13774,11617,OR10A2_OR10A2P,0
13775,11617,OR10A3,0
13776,11617,OR10A4_OR10A4P,0
13777,11617,OR10A5_OR10A1,0
13778,11617,OR10A6,0
13779,11617,OR10A7,0
13780,11617,OR10AD1_OR10AD1P,0
13781,11617,OR10AG1,0
13782,11617,OR10C1_OR10C2,0
13783,11617,OR10D3,0
13784,11617,OR10G3,0
13785,11617,OR10G4,0
13786,11617,OR10G6_OR10G6P,0
13787,11617,OR10G7,0
13788,11617,OR10G8,0
13789,11617,OR10G9_OR10G10P,0
13790,11617,OR10H1,0
13791,11617,OR10H2,0
13792,11617,OR10H3,0
13793,11617,OR10H4,0
13794,11617,OR10H5,0
13795,11617,OR10J1,0
13796,11617,OR10J3_OR10J3P,0
13797,11617,OR10J5,0
13798,11617,OR10K1,0
13799,11617,OR10K2,0
13800,11617,OR10P1_OR10P1P_OR10P2P_OR10P3P,0
13801,11617,OR10Q1,0
13802,11617,OR10R2,0
13803,11617,OR10T2,0
13804,11617,OR10V1,0
13805,11617,OR10W1_OR10W1P,0
13806,11617,OR10X1_OR10X1P,0
13807,11617,OR10Z1,0
13808,11617,OR11A1_OR11A2,0
13809,11617,OR11G2,0
13810,11617,OR11H1,0
13811,11617,OR11H12,0
13812,11617,OR11H2_OR11H2P,0
13813,11617,OR11H4,0
13814,11617,OR11H6,0
13815,11617,OR11L1,0
13816,11617,OR12D2,0
13817,11617,OR12D3,0
13818,11617,OR13A1,0
13819,11617,OR13C2,0
13820,11617,OR13C3,0
13821,11617,OR13C4,0
13822,11617,OR13C5,0
13823,11617,OR13C8,0
13824,11617,OR13C9,0
13825,11617,OR13D1,0
13826,11617,OR13F1,0
13827,11617,OR13G1,0
13828,11617,OR13H1,0
13829,11617,OR13J1,0
13830,11617,OR14A2_OR5AX1_OR5AX1P,0
13831,11617,OR14C36_OR5BF1,0
13832,11617,OR14I1_OR5BU1_OR5BU1P,0
13833,11617,OR14J1_OR5U1,0
13834,11617,OR14K1_OR5AY1,0
13835,11617,OR14L1_OR14L1P_OR5AV1P,0
13836,11617,OR1A1,1
13837,11617,OR1A2,0
13838,11617,OR1C1,0
13839,11617,OR1D2,0
13840,11617,OR1D5,0
13841,11617,OR1E1_OR1E5_OR1E6_OR1E9P,0
13842,11617,OR1E2_OR1E4,0
13843,11617,OR1F1,0
13844,11617,OR1F12P_OR1F12,0
13845,11617,OR1G1_OR1G2,0
13846,11617,OR1I1,0
13847,11617,OR1J1,0
13848,11617,OR1J2_OR1J3_OR1J5,0
13849,11617,OR1J4,0
13850,11617,OR1K1,0
13851,11617,OR1L1_OR1L2,0
13852,11617,OR1L3,0
13853,11617,OR1L4_OR1L5,0
13854,11617,OR1L6_OR1L7,0
13855,11617,OR1L8,0
13856,11617,OR1M1,0
13857,11617,OR1N1_OR1N3,0
13858,11617,OR1N2,0
13859,11617,OR1Q1_OR1Q2_OR1Q3,0
13860,11617,OR1S1,0
13861,11617,OR1S2,0
13862,11617,OR2A1,0
13863,11617,OR2A12_OR2A12P,0
13864,11617,OR2A14,0
13865,11617,OR2A14_OR2A14P_OR2A6,0
13866,11617,OR2A25_OR2A25P_OR2A27,0
13867,11617,OR2A2_OR2A17P_OR2A2P,0
13868,11617,OR2A4_OR2A10,0
13869,11617,OR2A5_OR2A26_OR2A8,0
13870,11617,OR2A7,0
13871,11617,OR2AE1_OR2AE2,0
13872,11617,OR2AG1_OR2AG3,0
13873,11617,OR2AG2_OR2AG2P,0
13874,11617,OR2AJ1_OR2AJ1P,0
13875,11617,OR2AK2_OR2AK1P,0
13876,11617,OR2AP1_OR2AP1P,0
13877,11617,OR2AT4,0
13878,11617,OR2B11,0
13879,11617,OR2B2_OR2B9,0
13880,11617,OR2B3_OR2B3P,0
13881,11617,OR2B6,0
13882,11617,OR2B8P_OR2B8,0
13883,11617,OR2C1,0
13884,11617,OR2C3_OR2C4_OR2C5P,0
13885,11617,OR2D2_OR2D1,0
13886,11617,OR2D3,0
13887,11617,OR2F1_OR2F3_OR2F3P_OR2F4_OR2F5,0
13888,11617,OR2F2,0
13889,11617,OR2G2,0
13890,11617,OR2G3,0
13891,11617,OR2G6,0
13892,11617,OR2H1_OR2H6_OR2H8,0
13893,11617,OR2H2_OR2H3,0
13894,11617,OR2J1_OR2J1P,0
13895,11617,OR2J2,0
13896,11617,OR2J3,1
13897,11617,OR2K2_OR2AR1P,0
13898,11617,OR2L13_OR2L14,0
13899,11617,OR2L2_OR2L12_OR2L4P,0
13900,11617,OR2L3,0
13901,11617,OR2L5_OR2L11,0
13902,11617,OR2L8,0
13903,11617,OR2M2,0
13904,11617,OR2M3_OR2M3P_OR2M6,0
13905,11617,OR2M4,0
13906,11617,OR2M5,0
13907,11617,OR2M7,0
13908,11617,OR2S2,0
13909,11617,OR2T1,0
13910,11617,OR2T10,0
13911,11617,OR2T11,0
13912,11617,OR2T29,0
13913,11617,OR2T2_OR2T2P,0
13914,11617,OR2T3,0
13915,11617,OR2T33,0
13916,11617,OR2T34,0
13917,11617,OR2T35,0
13918,11617,OR2T4,0
13919,11617,OR2T5,0
13920,11617,OR2T6_OR2T6P_OR2T9,0
13921,11617,OR2T8_OR2T8P,0
13922,11617,OR2V1,0
13923,11617,OR2V2_OR2V3,0
13924,11617,OR2W1,1
13925,11617,OR2W3_OR2W3P_OR2W8P,0
13926,11617,OR2W5P_OR2W5,0
13927,11617,OR2Y1,0
13928,11617,OR2Z1_OR2Z2,0
13929,11617,OR3A1,0
13930,11617,OR3A2,0
13931,11617,OR3A3_OR3A6_OR3A7_OR3A8P,0
13932,11617,OR3A4P_OR3A4_OR3A5P,0
13933,11617,OR4A15,0
13934,11617,OR4A16,0
13935,11617,OR4A47,0
13936,11617,OR4A4P,0
13937,11617,OR4A5,0
13938,11617,OR4B1,0
13939,11617,OR4C11_OR4C11P,0
13940,11617,OR4C12,0
13941,11617,OR4C15,0
13942,11617,OR4C16,0
13943,11617,OR4C3,0
13944,11617,OR4C46,0
13945,11617,OR4C5,0
13946,11617,OR4C6,0
13947,11617,OR4D10_OR4D10P,0
13948,11617,OR4D1_OR4D3,0
13949,11617,OR4D2,0
13950,11617,OR4D5,0
13951,11617,OR4D6,0
13952,11617,OR4D9,0
13953,11617,OR4E2,0
13954,11617,OR4F14,0
13955,11617,OR4F15,0
13956,11617,OR4F17_OR4F11P_OR4F18_OR4F19,0
13957,11617,OR4F21_OR4F21P,0
13958,11617,OR4F3,0
13959,11617,OR4F4,0
13960,11617,OR4F6_OR4F12,0
13961,11617,OR4K1,0
13962,11617,OR4K13,0
13963,11617,OR4K15,1
13964,11617,OR4K17,0
13965,11617,OR4K2,0
13966,11617,OR4K3_OR4K3P,0
13967,11617,OR4K5,0
13968,11617,OR4L1_OR4L2P,0
13969,11617,OR4M1,0
13970,11617,OR4M2B,0
13971,11617,OR4N2,0
13972,11617,OR4N4,0
13973,11617,OR4P4_OR4P3P,0
13974,11617,OR4Q3_OR4Q4,0
13975,11617,OR4S1,0
13976,11617,OR4S2_OR4S2P,0
13977,11617,OR4X1,0
13978,11617,OR4X2,0
13979,11617,OR51A2,0
13980,11617,OR51A4,0
13981,11617,OR51B2_OR51B1P,0
13982,11617,OR51B4,0
13983,11617,OR51B5,0
13984,11617,OR51B6,0
13985,11617,OR51D1,0
13986,11617,OR51E1_OR51E1P_OR52A3P,1
13987,11617,OR51E1_OR51E1P_OR52A3P,1
13988,11617,OR51E2,0
13989,11617,OR51F1_OR51F1P,0
13990,11617,OR51F2,0
13991,11617,OR51G1_OR51G3P,0
13992,11617,OR51G2,0
13993,11617,OR51H1_OR51H1P,0
13994,11617,OR51I1,0
13995,11617,OR51I2,0
13996,11617,OR51J1_OR51J1P_OR51J2,0
13997,11617,OR51L1,0
13998,11617,OR51M1,1
13999,11617,OR51Q1,0
14000,11617,OR51S1,0
14001,11617,OR51T1,0
14002,11617,OR51V1_OR51A12,0
14003,11617,OR52A1,0
14004,11617,OR52A4P_OR52A4,0
14005,11617,OR52A5,0
14006,11617,OR52B2,0
14007,11617,OR52B4,0
14008,11617,OR52B6,0
14009,11617,OR52D1,0
14010,11617,OR52E2,0
14011,11617,OR52E4,0
14012,11617,OR52E5,1
14013,11617,OR52E6,0
14014,11617,OR52E8,0
14015,11617,OR52H1,0
14016,11617,OR52I2,0
14017,11617,OR52J3,0
14018,11617,OR52K1,0
14019,11617,OR52K2,0
14020,11617,OR52L1,0
14021,11617,OR52L2P_OR52L2,0
14022,11617,OR52M1_OR52M1P,0
14023,11617,OR52N1,0
14024,11617,OR52N2,0
14025,11617,OR52N4,0
14026,11617,OR52N5,0
14027,11617,OR52P1_OR52P1P,0
14028,11617,OR52R1,0
14029,11617,OR52W1_OR52W1P,0
14030,11617,OR56A1,0
14031,11617,OR56A3_OR56A3P_OR56A6,0
14032,11617,OR56A4,0
14033,11617,OR56A5_OR56A5P,0
14034,11617,OR56B1_OR56B1P,0
14035,11617,OR56B4,0
14036,11617,OR5A1_OR5A1P,0
14037,11617,OR5A2,0
14038,11617,OR5AC2,0
14039,11617,OR5AK2,0
14040,11617,OR5AK3P_OR5AK3,0
14041,11617,OR5AL1_OR5AL1P,0
14042,11617,OR5AN1,0
14043,11617,OR5AP2,0
14044,11617,OR5AR1,0
14045,11617,OR5AS1,0
14046,11617,OR5AU1,0
14047,11617,OR5B12_OR5B12P_OR5B16,0
14048,11617,OR5B17_OR5B20P,0
14049,11617,OR5B2,0
14050,11617,OR5B21,0
14051,11617,OR5B3_OR5B13,0
14052,11617,OR5C1_OR5C2P,0
14053,11617,OR5D13,0
14054,11617,OR5D14,0
14055,11617,OR5D16,0
14056,11617,OR5D18,0
14057,11617,OR5F1,0
14058,11617,OR5H1,0
14059,11617,OR5H14,0
14060,11617,OR5H2,0
14061,11617,OR5H6,0
14062,11617,OR5I1,0
14063,11617,OR5J2,0
14064,11617,OR5K1,0
14065,11617,OR5K2,0
14066,11617,OR5K3,0
14067,11617,OR5K4,0
14068,11617,OR5L1,0
14069,11617,OR5M1,0
14070,11617,OR5M10,0
14071,11617,OR5M11,0
14072,11617,OR5M8,0
14073,11617,OR5M9,0
14074,11617,OR5P2,0
14075,11617,OR5P3,0
14076,11617,OR5T1_OR5T1P,0
14077,11617,OR5T2,0
14078,11617,OR5T3,0
14079,11617,OR5V1,0
14080,11617,OR5W2_OR5W2P_OR5W3P,0
14081,11617,OR6A2_OR6A1_OR6A2P,0
14082,11617,OR6B1,0
14083,11617,OR6B2_OR6B2P,0
14084,11617,OR6B3_OR6B3P,0
14085,11617,OR6C1,0
14086,11617,OR6C2,0
14087,11617,OR6C3,0
14088,11617,OR6C4,0
14089,11617,OR6C6,0
14090,11617,OR6C65,0
14091,11617,OR6C68,0
14092,11617,OR6C70,0
14093,11617,OR6C74,0
14094,11617,OR6C75,0
14095,11617,OR6C76,0
14096,11617,OR6F1,0
14097,11617,OR6J1_OR6J2,0
14098,11617,OR6K2,0
14099,11617,OR6K3,0
14100,11617,OR6K6,0
14101,11617,OR6M1,0
14102,11617,OR6N1,0
14103,11617,OR6N2,0
14104,11617,OR6P1,0
14105,11617,OR6Q1,0
14106,11617,OR6S1,0
14107,11617,OR6T1,0
14108,11617,OR6V1,0
14109,11617,OR6X1,0
14110,11617,OR6Y1_OR6Y2,0
14111,11617,OR7A10,0
14112,11617,OR7A17,0
14113,11617,OR7A5,0
14114,11617,OR7C1_OR7C4,0
14115,11617,OR7D2,0
14116,11617,OR7D4_OR7D4P,0
14117,11617,OR7E24_OR7E24P,0
14118,11617,OR7G2,0
14119,11617,OR7G3,0
14120,11617,OR8A1,0
14121,11617,OR8B12,0
14122,11617,OR8B2,0
14123,11617,OR8B3,0
14124,11617,OR8B4_OR8B4P,0
14125,11617,OR8B8,0
14126,11617,OR8D1_OR8D3,0
14127,11617,OR8D2,0
14128,11617,OR8D4,0
14129,11617,OR8G1_OR8G1P,0
14130,11617,OR8G5_OR8G5P_OR8G6,0
14131,11617,OR8H1,0
14132,11617,OR8H2,0
14133,11617,OR8H3,0
14134,11617,OR8I2,0
14135,11617,OR8J1,0
14136,11617,OR8J3,0
14137,11617,OR8K1,0
14138,11617,OR8K3,0
14139,11617,OR8K5,0
14140,11617,OR8S1,0
14141,11617,OR8U1,0
14142,11617,OR8U3_OR5R1_OR5R1P,0
14143,11617,OR8U8,0
14144,11617,OR8U9,0
14145,11617,OR9A2,0
14146,11617,OR9A4,0
14147,11617,OR9G4,0
14148,11617,OR9G9,0
14149,11617,OR9I1,0
14150,11617,OR9K2,0
14151,11617,OR9Q1,0
14152,11617,OR9Q2,0
14153,11617,OR9Q2_OR9Q2P,0
14154,11747,OR1A1,0
14155,11747,OR2M3_OR2M3P_OR2M6,0
14156,11747,OR2W1,0
14157,11747,OR5K1,0
14158,11747,OR5M3,0
14159,11747,OR8D1_OR8D3,0
14160,11781,OR1D2,1
14161,11952,OR2W1,0
14162,11952,OR5K1,0
14163,11952,OR5M3,0
14164,11952,OR8D1_OR8D3,0
14165,11978,OR1D2,1
14166,12013,OR1A1,0
14167,12013,OR1A2,0
14168,12025,OR51E2,1
14169,12101,OR1A1,0
14170,12101,OR2M3_OR2M3P_OR2M6,0
14171,12101,OR2W1,1
14172,12101,OR2W1,1
14173,12101,OR5K1,0
14174,12101,OR5M3,0
14175,12101,OR8D1_OR8D3,0
14176,12180,OR1A1,0
14177,12180,OR2M3_OR2M3P_OR2M6,0
14178,12180,OR2W1,1
14179,12180,OR2W1,1
14180,12180,OR2W1,1
14181,12180,OR5K1,0
14182,12180,OR5M3,0
14183,12180,OR8D1_OR8D3,0
14184,12209,OR1A1,0
14185,12209,OR2M3_OR2M3P_OR2M6,0
14186,12209,OR2W1,1
14187,12209,OR2W1,1
14188,12232,OR1A1,0
14189,12232,OR2M3_OR2M3P_OR2M6,0
14190,12232,OR2W1,0
14191,12232,OR5K1,0
14192,12232,OR5M3,0
14193,12232,OR8D1_OR8D3,0
14194,12348,OR10A2_OR10A2P,0
14195,12348,OR10A3,0
14196,12348,OR10A5_OR10A1,1
14197,12348,OR10A6,0
14198,12348,OR10A7,0
14199,12348,OR10AD1_OR10AD1P,0
14200,12348,OR10AG1,0
14201,12348,OR10C1_OR10C2,0
14202,12348,OR10D3,0
14203,12348,OR10G3,0
14204,12348,OR10G4,0
14205,12348,OR10G6_OR10G6P,1
14206,12348,OR10G7,1
14207,12348,OR10G8,0
14208,12348,OR10G9_OR10G10P,0
14209,12348,OR10H1,0
14210,12348,OR10H2,0
14211,12348,OR10H3,0
14212,12348,OR10H4,0
14213,12348,OR10H5,0
14214,12348,OR10J1,0
14215,12348,OR10J3_OR10J3P,0
14216,12348,OR10J5,0
14217,12348,OR10K1,1
14218,12348,OR10K2,0
14219,12348,OR10P1_OR10P1P_OR10P2P_OR10P3P,0
14220,12348,OR10Q1,0
14221,12348,OR10R2,0
14222,12348,OR10T2,0
14223,12348,OR10V1,0
14224,12348,OR10W1_OR10W1P,0
14225,12348,OR10X1_OR10X1P,0
14226,12348,OR10Z1,0
14227,12348,OR11A1_OR11A2,0
14228,12348,OR11G2,0
14229,12348,OR11H1,0
14230,12348,OR11H12,0
14231,12348,OR11H2_OR11H2P,0
14232,12348,OR11H4,0
14233,12348,OR11H6,0
14234,12348,OR11L1,1
14235,12348,OR12D2,0
14236,12348,OR12D3,0
14237,12348,OR13A1,0
14238,12348,OR13C2,0
14239,12348,OR13C3,0
14240,12348,OR13C4,0
14241,12348,OR13C5,0
14242,12348,OR13C8,1
14243,12348,OR13C9,0
14244,12348,OR13D1,0
14245,12348,OR13F1,0
14246,12348,OR13G1,0
14247,12348,OR13H1,0
14248,12348,OR13J1,0
14249,12348,OR14A2_OR5AX1_OR5AX1P,0
14250,12348,OR14C36_OR5BF1,0
14251,12348,OR14I1_OR5BU1_OR5BU1P,0
14252,12348,OR14J1_OR5U1,0
14253,12348,OR14K1_OR5AY1,0
14254,12348,OR14L1_OR14L1P_OR5AV1P,0
14255,12348,OR1A1,0
14256,12348,OR1A2,0
14257,12348,OR1C1,1
14258,12348,OR1D2,0
14259,12348,OR1D5,0
14260,12348,OR1E1_OR1E5_OR1E6_OR1E9P,0
14261,12348,OR1E2_OR1E4,0
14262,12348,OR1F1,0
14263,12348,OR1F12P_OR1F12,0
14264,12348,OR1G1_OR1G2,0
14265,12348,OR1I1,0
14266,12348,OR1J1,0
14267,12348,OR1J2_OR1J3_OR1J5,0
14268,12348,OR1J4,0
14269,12348,OR1K1,0
14270,12348,OR1L1_OR1L2,0
14271,12348,OR1L3,1
14272,12348,OR1L4_OR1L5,1
14273,12348,OR1L6_OR1L7,0
14274,12348,OR1L8,1
14275,12348,OR1M1,0
14276,12348,OR1N1_OR1N3,0
14277,12348,OR1N2,0
14278,12348,OR1Q1_OR1Q2_OR1Q3,0
14279,12348,OR1S1,0
14280,12348,OR1S2,0
14281,12348,OR2A1,1
14282,12348,OR2A12_OR2A12P,0
14283,12348,OR2A14_OR2A14P_OR2A6,1
14284,12348,OR2A25_OR2A25P_OR2A27,0
14285,12348,OR2A2_OR2A17P_OR2A2P,0
14286,12348,OR2A4_OR2A10,0
14287,12348,OR2A5_OR2A26_OR2A8,0
14288,12348,OR2A7,0
14289,12348,OR2AE1_OR2AE2,1
14290,12348,OR2AG1_OR2AG3,0
14291,12348,OR2AG2_OR2AG2P,0
14292,12348,OR2AJ1_OR2AJ1P,0
14293,12348,OR2AK2_OR2AK1P,0
14294,12348,OR2AP1_OR2AP1P,0
14295,12348,OR2AT4,0
14296,12348,OR2B11,0
14297,12348,OR2B2_OR2B9,0
14298,12348,OR2B3_OR2B3P,1
14299,12348,OR2B6,0
14300,12348,OR2B8P_OR2B8,0
14301,12348,OR2C1,0
14302,12348,OR2C3_OR2C4_OR2C5P,0
14303,12348,OR2D2_OR2D1,0
14304,12348,OR2D3,0
14305,12348,OR2F1_OR2F3_OR2F3P_OR2F4_OR2F5,1
14306,12348,OR2F2,1
14307,12348,OR2G2,0
14308,12348,OR2G3,0
14309,12348,OR2G6,0
14310,12348,OR2H1_OR2H6_OR2H8,0
14311,12348,OR2H2_OR2H3,1
14312,12348,OR2J1_OR2J1P,0
14313,12348,OR2J2,1
14314,12348,OR2J3,1
14315,12348,OR2K2_OR2AR1P,0
14316,12348,OR2L13_OR2L14,0
14317,12348,OR2L2_OR2L12_OR2L4P,0
14318,12348,OR2L3,0
14319,12348,OR2L5_OR2L11,0
14320,12348,OR2L8,0
14321,12348,OR2M2,0
14322,12348,OR2M3_OR2M3P_OR2M6,0
14323,12348,OR2M4,0
14324,12348,OR2M5,0
14325,12348,OR2M7,0
14326,12348,OR2S2,0
14327,12348,OR2T1,0
14328,12348,OR2T10,1
14329,12348,OR2T11,1
14330,12348,OR2T29,0
14331,12348,OR2T2_OR2T2P,0
14332,12348,OR2T3,0
14333,12348,OR2T33,0
14334,12348,OR2T34,1
14335,12348,OR2T35,1
14336,12348,OR2T4,0
14337,12348,OR2T5,0
14338,12348,OR2T6_OR2T6P_OR2T9,0
14339,12348,OR2T8_OR2T8P,0
14340,12348,OR2V1,0
14341,12348,OR2V2_OR2V3,0
14342,12348,OR2W1,0
14343,12348,OR2W3_OR2W3P_OR2W8P,0
14344,12348,OR2W5P_OR2W5,0
14345,12348,OR2Y1,0
14346,12348,OR2Z1_OR2Z2,0
14347,12348,OR3A1,0
14348,12348,OR3A2,0
14349,12348,OR3A3_OR3A6_OR3A7_OR3A8P,0
14350,12348,OR3A4P_OR3A4_OR3A5P,0
14351,12348,OR4A15,0
14352,12348,OR4A16,0
14353,12348,OR4A47,0
14354,12348,OR4A4P,0
14355,12348,OR4A5,1
14356,12348,OR4B1,0
14357,12348,OR4C11_OR4C11P,0
14358,12348,OR4C12,0
14359,12348,OR4C15,0
14360,12348,OR4C16,0
14361,12348,OR4C3,0
14362,12348,OR4C46,0
14363,12348,OR4C5,0
14364,12348,OR4D10_OR4D10P,0
14365,12348,OR4D1_OR4D3,0
14366,12348,OR4D2,0
14367,12348,OR4D5,0
14368,12348,OR4D6,0
14369,12348,OR4D9,0
14370,12348,OR4E2,0
14371,12348,OR4F14,0
14372,12348,OR4F15,0
14373,12348,OR4F17_OR4F11P_OR4F18_OR4F19,0
14374,12348,OR4F21_OR4F21P,0
14375,12348,OR4F3,0
14376,12348,OR4F4,1
14377,12348,OR4F6_OR4F12,0
14378,12348,OR4K1,0
14379,12348,OR4K13,0
14380,12348,OR4K15,0
14381,12348,OR4K17,0
14382,12348,OR4K2,0
14383,12348,OR4K3_OR4K3P,0
14384,12348,OR4K5,0
14385,12348,OR4L1_OR4L2P,0
14386,12348,OR4M1,0
14387,12348,OR4M2B,0
14388,12348,OR4N2,0
14389,12348,OR4N4,0
14390,12348,OR4P4_OR4P3P,0
14391,12348,OR4Q3_OR4Q4,0
14392,12348,OR4S1,0
14393,12348,OR4S2_OR4S2P,0
14394,12348,OR4X1,0
14395,12348,OR4X2,0
14396,12348,OR51A2,0
14397,12348,OR51A4,0
14398,12348,OR51B2_OR51B1P,0
14399,12348,OR51B4,0
14400,12348,OR51B5,0
14401,12348,OR51B6,1
14402,12348,OR51D1,0
14403,12348,OR51E1_OR51E1P_OR52A3P,0
14404,12348,OR51E2,0
14405,12348,OR51F1_OR51F1P,0
14406,12348,OR51F2,0
14407,12348,OR51G1_OR51G3P,0
14408,12348,OR51G2,0
14409,12348,OR51H1_OR51H1P,0
14410,12348,OR51I1,1
14411,12348,OR51I2,0
14412,12348,OR51J1_OR51J1P_OR51J2,0
14413,12348,OR51L1,0
14414,12348,OR51M1,0
14415,12348,OR51Q1,0
14416,12348,OR51S1,0
14417,12348,OR51T1,0
14418,12348,OR51V1_OR51A12,0
14419,12348,OR52A1,0
14420,12348,OR52A4P_OR52A4,0
14421,12348,OR52A5,0
14422,12348,OR52B2,0
14423,12348,OR52B4,0
14424,12348,OR52B6,0
14425,12348,OR52D1,0
14426,12348,OR52E2,0
14427,12348,OR52E4,0
14428,12348,OR52E5,0
14429,12348,OR52E6,0
14430,12348,OR52E8,0
14431,12348,OR52H1,0
14432,12348,OR52I2,0
14433,12348,OR52K1,0
14434,12348,OR52K2,0
14435,12348,OR52M1_OR52M1P,0
14436,12348,OR52N1,0
14437,12348,OR52N2,0
14438,12348,OR52N4,0
14439,12348,OR52N5,0
14440,12348,OR52P1_OR52P1P,0
14441,12348,OR52R1,0
14442,12348,OR52W1_OR52W1P,0
14443,12348,OR56A1,0
14444,12348,OR56A3_OR56A3P_OR56A6,0
14445,12348,OR56A4,0
14446,12348,OR56A5_OR56A5P,0
14447,12348,OR56B1_OR56B1P,0
14448,12348,OR56B4,0
14449,12348,OR5A1_OR5A1P,0
14450,12348,OR5A2,0
14451,12348,OR5AC2,0
14452,12348,OR5AK2,0
14453,12348,OR5AK3P_OR5AK3,0
14454,12348,OR5AL1_OR5AL1P,0
14455,12348,OR5AN1,0
14456,12348,OR5AP2,0
14457,12348,OR5AR1,0
14458,12348,OR5AS1,0
14459,12348,OR5AU1,0
14460,12348,OR5B12_OR5B12P_OR5B16,0
14461,12348,OR5B17_OR5B20P,0
14462,12348,OR5B2,0
14463,12348,OR5B21,0
14464,12348,OR5B3_OR5B13,0
14465,12348,OR5C1_OR5C2P,0
14466,12348,OR5D13,0
14467,12348,OR5D16,0
14468,12348,OR5D18,0
14469,12348,OR5F1,0
14470,12348,OR5H1,0
14471,12348,OR5H14,0
14472,12348,OR5H2,0
14473,12348,OR5H6,0
14474,12348,OR5I1,0
14475,12348,OR5J2,0
14476,12348,OR5K1,0
14477,12348,OR5K2,0
14478,12348,OR5K3,0
14479,12348,OR5K4,0
14480,12348,OR5L1,0
14481,12348,OR5M1,0
14482,12348,OR5M10,0
14483,12348,OR5M11,0
14484,12348,OR5M8,0
14485,12348,OR5M9,0
14486,12348,OR5P2,0
14487,12348,OR5P3,0
14488,12348,OR5T1_OR5T1P,0
14489,12348,OR5T2,0
14490,12348,OR5T3,0
14491,12348,OR5V1,0
14492,12348,OR5W2_OR5W2P_OR5W3P,0
14493,12348,OR6A2_OR6A1_OR6A2P,0
14494,12348,OR6B1,0
14495,12348,OR6B2_OR6B2P,0
14496,12348,OR6B3_OR6B3P,0
14497,12348,OR6C1,0
14498,12348,OR6C2,0
14499,12348,OR6C3,0
14500,12348,OR6C4,0
14501,12348,OR6C6,0
14502,12348,OR6C65,0
14503,12348,OR6C68,0
14504,12348,OR6C70,0
14505,12348,OR6C74,0
14506,12348,OR6C75,0
14507,12348,OR6C76,0
14508,12348,OR6F1,1
14509,12348,OR6J1_OR6J2,0
14510,12348,OR6K2,0
14511,12348,OR6K3,0
14512,12348,OR6K6,0
14513,12348,OR6M1,0
14514,12348,OR6N1,0
14515,12348,OR6N2,0
14516,12348,OR6P1,0
14517,12348,OR6S1,0
14518,12348,OR6T1,0
14519,12348,OR6V1,0
14520,12348,OR6X1,0
14521,12348,OR6Y1_OR6Y2,0
14522,12348,OR7A10,0
14523,12348,OR7A17,0
14524,12348,OR7A5,0
14525,12348,OR7C1_OR7C4,0
14526,12348,OR7D2,0
14527,12348,OR7D4_OR7D4P,0
14528,12348,OR7E24_OR7E24P,0
14529,12348,OR7G2,0
14530,12348,OR7G3,0
14531,12348,OR8A1,0
14532,12348,OR8B12,0
14533,12348,OR8B2,0
14534,12348,OR8B3,0
14535,12348,OR8B4_OR8B4P,0
14536,12348,OR8B8,0
14537,12348,OR8D1_OR8D3,0
14538,12348,OR8D2,0
14539,12348,OR8D4,1
14540,12348,OR8G1_OR8G1P,0
14541,12348,OR8G5_OR8G5P_OR8G6,0
14542,12348,OR8H1,0
14543,12348,OR8H2,0
14544,12348,OR8H3,0
14545,12348,OR8I2,0
14546,12348,OR8J1,0
14547,12348,OR8J3,0
14548,12348,OR8K1,0
14549,12348,OR8K3,0
14550,12348,OR8K5,0
14551,12348,OR8S1,0
14552,12348,OR8U1,0
14553,12348,OR8U3_OR5R1_OR5R1P,0
14554,12348,OR8U8,0
14555,12348,OR8U9,0
14556,12348,OR9A2,0
14557,12348,OR9A4,1
14558,12348,OR9G4,1
14559,12348,OR9G9,1
14560,12348,OR9I1,0
14561,12348,OR9K2,0
14562,12348,OR9Q1,0
14563,12348,OR9Q2,0
14564,12348,OR9Q2_OR9Q2P,0
14565,12366,OR10S1,0
14566,12366,OR2A1,0
14567,12366,OR2A7,0
14568,12366,OR2L13_OR2L14,0
14569,12366,OR2T4,0
14570,12366,OR2W3_OR2W3P_OR2W8P,0
14571,12366,OR51B5,0
14572,12367,OR1G1_OR1G2,1
14573,12367,OR52D1,1
14574,12377,OR1A1,0
14575,12377,OR2M3_OR2M3P_OR2M6,0
14576,12377,OR2W1,1
14577,12377,OR2W1,1
14578,12377,OR5K1,0
14579,12377,OR5M3,0
14580,12377,OR8D1_OR8D3,0
14581,12587,OR10A2_OR10A2P,0
14582,12587,OR10A3,0
14583,12587,OR10A4_OR10A4P,0
14584,12587,OR10A5_OR10A1,0
14585,12587,OR10A6,0
14586,12587,OR10A7,0
14587,12587,OR10AD1_OR10AD1P,0
14588,12587,OR10AG1,0
14589,12587,OR10C1_OR10C2,0
14590,12587,OR10D3,0
14591,12587,OR10G3,0
14592,12587,OR10G4,1
14593,12587,OR10G6_OR10G6P,0
14594,12587,OR10G7,1
14595,12587,OR10G8,0
14596,12587,OR10G9_OR10G10P,0
14597,12587,OR10H1,0
14598,12587,OR10H2,0
14599,12587,OR10H3,0
14600,12587,OR10H4,0
14601,12587,OR10H5,0
14602,12587,OR10J1,0
14603,12587,OR10J3_OR10J3P,0
14604,12587,OR10J5,0
14605,12587,OR10K1,0
14606,12587,OR10K2,0
14607,12587,OR10P1_OR10P1P_OR10P2P_OR10P3P,0
14608,12587,OR10Q1,0
14609,12587,OR10R2,0
14610,12587,OR10T2,0
14611,12587,OR10V1,0
14612,12587,OR10W1_OR10W1P,0
14613,12587,OR10X1_OR10X1P,0
14614,12587,OR10Z1,0
14615,12587,OR11A1_OR11A2,0
14616,12587,OR11G2,0
14617,12587,OR11H1,0
14618,12587,OR11H12,0
14619,12587,OR11H2_OR11H2P,0
14620,12587,OR11H4,1
14621,12587,OR11H6,0
14622,12587,OR11L1,0
14623,12587,OR12D2,0
14624,12587,OR12D3,0
14625,12587,OR13A1,0
14626,12587,OR13C2,0
14627,12587,OR13C3,0
14628,12587,OR13C4,0
14629,12587,OR13C5,0
14630,12587,OR13C8,0
14631,12587,OR13C9,0
14632,12587,OR13D1,0
14633,12587,OR13F1,0
14634,12587,OR13G1,0
14635,12587,OR13H1,0
14636,12587,OR13J1,0
14637,12587,OR14A2_OR5AX1_OR5AX1P,0
14638,12587,OR14C36_OR5BF1,0
14639,12587,OR14I1_OR5BU1_OR5BU1P,0
14640,12587,OR14J1_OR5U1,0
14641,12587,OR14K1_OR5AY1,0
14642,12587,OR14L1_OR14L1P_OR5AV1P,0
14643,12587,OR1A1,0
14644,12587,OR1A2,0
14645,12587,OR1C1,0
14646,12587,OR1D2,0
14647,12587,OR1D5,0
14648,12587,OR1E1_OR1E5_OR1E6_OR1E9P,0
14649,12587,OR1E2_OR1E4,0
14650,12587,OR1F1,0
14651,12587,OR1F12P_OR1F12,0
14652,12587,OR1G1_OR1G2,0
14653,12587,OR1I1,0
14654,12587,OR1J1,0
14655,12587,OR1J2_OR1J3_OR1J5,0
14656,12587,OR1J4,0
14657,12587,OR1K1,0
14658,12587,OR1L1_OR1L2,0
14659,12587,OR1L3,0
14660,12587,OR1L4_OR1L5,0
14661,12587,OR1L6_OR1L7,0
14662,12587,OR1L8,0
14663,12587,OR1M1,0
14664,12587,OR1N1_OR1N3,0
14665,12587,OR1N2,0
14666,12587,OR1Q1_OR1Q2_OR1Q3,0
14667,12587,OR1S1,0
14668,12587,OR1S2,0
14669,12587,OR2A1,0
14670,12587,OR2A12_OR2A12P,0
14671,12587,OR2A14,0
14672,12587,OR2A14_OR2A14P_OR2A6,0
14673,12587,OR2A25_OR2A25P_OR2A27,0
14674,12587,OR2A2_OR2A17P_OR2A2P,0
14675,12587,OR2A4_OR2A10,0
14676,12587,OR2A5_OR2A26_OR2A8,0
14677,12587,OR2A7,0
14678,12587,OR2AE1_OR2AE2,0
14679,12587,OR2AG1_OR2AG3,0
14680,12587,OR2AG2_OR2AG2P,0
14681,12587,OR2AJ1_OR2AJ1P,0
14682,12587,OR2AK2_OR2AK1P,0
14683,12587,OR2AP1_OR2AP1P,0
14684,12587,OR2AT4,0
14685,12587,OR2B11,0
14686,12587,OR2B2_OR2B9,0
14687,12587,OR2B3_OR2B3P,0
14688,12587,OR2B6,0
14689,12587,OR2B8P_OR2B8,0
14690,12587,OR2C1,1
14691,12587,OR2C3_OR2C4_OR2C5P,0
14692,12587,OR2D2_OR2D1,0
14693,12587,OR2D3,0
14694,12587,OR2F1_OR2F3_OR2F3P_OR2F4_OR2F5,0
14695,12587,OR2F2,0
14696,12587,OR2G2,0
14697,12587,OR2G3,0
14698,12587,OR2G6,0
14699,12587,OR2H1_OR2H6_OR2H8,0
14700,12587,OR2H2_OR2H3,0
14701,12587,OR2J1_OR2J1P,0
14702,12587,OR2J2,1
14703,12587,OR2J3,0
14704,12587,OR2K2_OR2AR1P,0
14705,12587,OR2L13_OR2L14,0
14706,12587,OR2L2_OR2L12_OR2L4P,0
14707,12587,OR2L3,0
14708,12587,OR2L5_OR2L11,0
14709,12587,OR2L8,0
14710,12587,OR2M2,0
14711,12587,OR2M3_OR2M3P_OR2M6,0
14712,12587,OR2M4,0
14713,12587,OR2M5,0
14714,12587,OR2M7,0
14715,12587,OR2S2,0
14716,12587,OR2T1,0
14717,12587,OR2T10,0
14718,12587,OR2T11,0
14719,12587,OR2T29,0
14720,12587,OR2T2_OR2T2P,0
14721,12587,OR2T3,0
14722,12587,OR2T33,0
14723,12587,OR2T34,0
14724,12587,OR2T35,0
14725,12587,OR2T4,0
14726,12587,OR2T5,0
14727,12587,OR2T6_OR2T6P_OR2T9,0
14728,12587,OR2T8_OR2T8P,0
14729,12587,OR2V1,0
14730,12587,OR2V2_OR2V3,0
14731,12587,OR2W1,1
14732,12587,OR2W3_OR2W3P_OR2W8P,0
14733,12587,OR2W5P_OR2W5,0
14734,12587,OR2Y1,0
14735,12587,OR2Z1_OR2Z2,0
14736,12587,OR3A1,0
14737,12587,OR3A2,0
14738,12587,OR3A3_OR3A6_OR3A7_OR3A8P,0
14739,12587,OR3A4P_OR3A4_OR3A5P,0
14740,12587,OR4A15,0
14741,12587,OR4A16,0
14742,12587,OR4A47,0
14743,12587,OR4A4P,0
14744,12587,OR4A5,0
14745,12587,OR4B1,0
14746,12587,OR4C11_OR4C11P,0
14747,12587,OR4C12,0
14748,12587,OR4C15,0
14749,12587,OR4C16,0
14750,12587,OR4C3,0
14751,12587,OR4C46,0
14752,12587,OR4C5,0
14753,12587,OR4C6,0
14754,12587,OR4D10_OR4D10P,0
14755,12587,OR4D1_OR4D3,0
14756,12587,OR4D2,0
14757,12587,OR4D5,0
14758,12587,OR4D6,0
14759,12587,OR4D9,0
14760,12587,OR4E2,0
14761,12587,OR4F14,0
14762,12587,OR4F15,0
14763,12587,OR4F17_OR4F11P_OR4F18_OR4F19,1
14764,12587,OR4F21_OR4F21P,0
14765,12587,OR4F3,0
14766,12587,OR4F4,1
14767,12587,OR4F6_OR4F12,0
14768,12587,OR4K1,0
14769,12587,OR4K13,0
14770,12587,OR4K15,0
14771,12587,OR4K17,0
14772,12587,OR4K2,0
14773,12587,OR4K3_OR4K3P,0
14774,12587,OR4K5,0
14775,12587,OR4L1_OR4L2P,0
14776,12587,OR4M1,0
14777,12587,OR4M2B,0
14778,12587,OR4N2,0
14779,12587,OR4N4,0
14780,12587,OR4P4_OR4P3P,0
14781,12587,OR4Q3_OR4Q4,0
14782,12587,OR4S1,0
14783,12587,OR4S2_OR4S2P,0
14784,12587,OR4X1,0
14785,12587,OR4X2,0
14786,12587,OR51A2,0
14787,12587,OR51A4,0
14788,12587,OR51B2_OR51B1P,0
14789,12587,OR51B4,0
14790,12587,OR51B5,0
14791,12587,OR51B6,1
14792,12587,OR51D1,0
14793,12587,OR51E1_OR51E1P_OR52A3P,1
14794,12587,OR51E1_OR51E1P_OR52A3P,1
14795,12587,OR51E1_OR51E1P_OR52A3P,1
14796,12587,OR51E2,0
14797,12587,OR51F1_OR51F1P,0
14798,12587,OR51F2,0
14799,12587,OR51G1_OR51G3P,0
14800,12587,OR51G2,0
14801,12587,OR51H1_OR51H1P,0
14802,12587,OR51I1,0
14803,12587,OR51I2,0
14804,12587,OR51J1_OR51J1P_OR51J2,0
14805,12587,OR51L1,1
14806,12587,OR51L1,1
14807,12587,OR51L1,1
14808,12587,OR51M1,0
14809,12587,OR51Q1,0
14810,12587,OR51S1,0
14811,12587,OR51T1,0
14812,12587,OR51V1_OR51A12,0
14813,12587,OR52A1,0
14814,12587,OR52A4P_OR52A4,0
14815,12587,OR52A5,0
14816,12587,OR52B2,0
14817,12587,OR52B4,0
14818,12587,OR52B6,0
14819,12587,OR52D1,0
14820,12587,OR52E2,0
14821,12587,OR52E4,0
14822,12587,OR52E5,0
14823,12587,OR52E6,0
14824,12587,OR52E8,0
14825,12587,OR52H1,0
14826,12587,OR52I2,0
14827,12587,OR52J3,0
14828,12587,OR52K1,0
14829,12587,OR52K2,0
14830,12587,OR52L1,0
14831,12587,OR52L2P_OR52L2,0
14832,12587,OR52M1_OR52M1P,0
14833,12587,OR52N1,0
14834,12587,OR52N2,0
14835,12587,OR52N4,0
14836,12587,OR52N5,0
14837,12587,OR52P1_OR52P1P,0
14838,12587,OR52R1,0
14839,12587,OR52W1_OR52W1P,0
14840,12587,OR56A1,0
14841,12587,OR56A3_OR56A3P_OR56A6,0
14842,12587,OR56A4,0
14843,12587,OR56A5_OR56A5P,0
14844,12587,OR56B1_OR56B1P,0
14845,12587,OR56B4,0
14846,12587,OR5A1_OR5A1P,0
14847,12587,OR5A2,0
14848,12587,OR5AC2,0
14849,12587,OR5AK2,0
14850,12587,OR5AK3P_OR5AK3,0
14851,12587,OR5AL1_OR5AL1P,0
14852,12587,OR5AN1,0
14853,12587,OR5AP2,0
14854,12587,OR5AR1,0
14855,12587,OR5AS1,0
14856,12587,OR5AU1,0
14857,12587,OR5B12_OR5B12P_OR5B16,0
14858,12587,OR5B17_OR5B20P,0
14859,12587,OR5B2,0
14860,12587,OR5B21,0
14861,12587,OR5B3_OR5B13,0
14862,12587,OR5C1_OR5C2P,0
14863,12587,OR5D13,0
14864,12587,OR5D14,0
14865,12587,OR5D16,0
14866,12587,OR5D18,0
14867,12587,OR5F1,0
14868,12587,OR5H1,0
14869,12587,OR5H14,0
14870,12587,OR5H2,0
14871,12587,OR5H6,0
14872,12587,OR5I1,0
14873,12587,OR5J2,0
14874,12587,OR5K1,0
14875,12587,OR5K2,0
14876,12587,OR5K3,0
14877,12587,OR5K4,0
14878,12587,OR5L1,0
14879,12587,OR5M1,0
14880,12587,OR5M10,0
14881,12587,OR5M11,0
14882,12587,OR5M8,0
14883,12587,OR5M9,0
14884,12587,OR5P2,0
14885,12587,OR5P3,0
14886,12587,OR5T1_OR5T1P,0
14887,12587,OR5T2,0
14888,12587,OR5T3,0
14889,12587,OR5V1,0
14890,12587,OR5W2_OR5W2P_OR5W3P,0
14891,12587,OR6A2_OR6A1_OR6A2P,0
14892,12587,OR6B1,0
14893,12587,OR6B2_OR6B2P,0
14894,12587,OR6B3_OR6B3P,0
14895,12587,OR6C1,0
14896,12587,OR6C2,0
14897,12587,OR6C3,0
14898,12587,OR6C4,0
14899,12587,OR6C6,0
14900,12587,OR6C65,0
14901,12587,OR6C68,0
14902,12587,OR6C70,0
14903,12587,OR6C74,0
14904,12587,OR6C75,0
14905,12587,OR6C76,0
14906,12587,OR6F1,0
14907,12587,OR6J1_OR6J2,0
14908,12587,OR6K2,0
14909,12587,OR6K3,0
14910,12587,OR6K6,0
14911,12587,OR6M1,0
14912,12587,OR6N1,0
14913,12587,OR6N2,0
14914,12587,OR6P1,0
14915,12587,OR6Q1,0
14916,12587,OR6S1,0
14917,12587,OR6T1,0
14918,12587,OR6V1,0
14919,12587,OR6X1,0
14920,12587,OR6Y1_OR6Y2,0
14921,12587,OR7A10,0
14922,12587,OR7A17,0
14923,12587,OR7A5,0
14924,12587,OR7C1_OR7C4,0
14925,12587,OR7D2,0
14926,12587,OR7D4_OR7D4P,0
14927,12587,OR7E24_OR7E24P,0
14928,12587,OR7G2,0
14929,12587,OR7G3,0
14930,12587,OR8A1,0
14931,12587,OR8B12,0
14932,12587,OR8B2,0
14933,12587,OR8B3,0
14934,12587,OR8B4_OR8B4P,0
14935,12587,OR8B8,0
14936,12587,OR8D1_OR8D3,0
14937,12587,OR8D2,0
14938,12587,OR8D4,0
14939,12587,OR8G1_OR8G1P,0
14940,12587,OR8G5_OR8G5P_OR8G6,0
14941,12587,OR8H1,0
14942,12587,OR8H2,0
14943,12587,OR8H3,0
14944,12587,OR8I2,0
14945,12587,OR8J1,0
14946,12587,OR8J3,0
14947,12587,OR8K1,0
14948,12587,OR8K3,0
14949,12587,OR8K5,0
14950,12587,OR8S1,0
14951,12587,OR8U1,0
14952,12587,OR8U3_OR5R1_OR5R1P,0
14953,12587,OR8U8,0
14954,12587,OR8U9,0
14955,12587,OR9A2,0
14956,12587,OR9A4,0
14957,12587,OR9G4,0
14958,12587,OR9G9,0
14959,12587,OR9I1,0
14960,12587,OR9K2,0
14961,12587,OR9Q1,0
14962,12587,OR9Q2,0
14963,12587,OR9Q2_OR9Q2P,0
14964,12741,OR1G1_OR1G2,0
14965,12741,OR52D1,1
14966,12756,OR10J5,0
14967,12756,OR1A1,0
14968,12756,OR2C1,0
14969,12756,OR2J2,0
14970,12756,OR2M7,0
14971,12756,OR2W1,0
14972,12756,OR51E1_OR51E1P_OR52A3P,0
14973,12756,OR51E2,0
14974,12756,OR51L1,0
14975,12756,OR5P3,0
14976,12777,OR1A1,0
14977,12777,OR2M3_OR2M3P_OR2M6,0
14978,12777,OR2W1,1
14979,12777,OR2W1,1
14980,12777,OR5K1,0
14981,12777,OR5M3,0
14982,12777,OR8D1_OR8D3,0
14983,12779,OR2W1,1
14984,12779,OR2W1,1
14985,12779,OR2W1,1
14986,12810,OR1A1,0
14987,12810,OR1D2,1
14988,12810,OR2M3_OR2M3P_OR2M6,0
14989,12810,OR2W1,0
14990,12810,OR51A2,0
14991,12810,OR51A4,0
14992,12810,OR51A7,0
14993,12810,OR51B2_OR51B1P,0
14994,12810,OR51B4,0
14995,12810,OR51B5,0
14996,12810,OR51B6,0
14997,12810,OR51D1,0
14998,12810,OR51E1_OR51E1P_OR52A3P,0
14999,12810,OR51E2,0
15000,12810,OR51F1_OR51F1P,0
15001,12810,OR51F2,0
15002,12810,OR51G1_OR51G3P,0
15003,12810,OR51G2,0
15004,12810,OR51I1,0
15005,12810,OR51I2,0
15006,12810,OR51J1_OR51J1P_OR51J2,0
15007,12810,OR51L1,0
15008,12810,OR51M1,0
15009,12810,OR51Q1,0
15010,12810,OR51S1,0
15011,12810,OR51T1,0
15012,12810,OR51V1_OR51A12,0
15013,12810,OR52A1,0
15014,12810,OR52A4P_OR52A4,0
15015,12810,OR52A5,0
15016,12810,OR52B2,0
15017,12810,OR52B4,0
15018,12810,OR52B6,0
15019,12810,OR52D1,1
15020,12810,OR52E2,0
15021,12810,OR52E4,0
15022,12810,OR52E5,0
15023,12810,OR52E6,0
15024,12810,OR52E8,0
15025,12810,OR52H1,0
15026,12810,OR52I1,0
15027,12810,OR52I2,0
15028,12810,OR52J3,0
15029,12810,OR52K1,1
15030,12810,OR52K2,0
15031,12810,OR52L1,1
15032,12810,OR52M1_OR52M1P,1
15033,12810,OR52N1,0
15034,12810,OR52N2,0
15035,12810,OR52N4,0
15036,12810,OR52N5,1
15037,12810,OR52R1,1
15038,12810,OR52W1_OR52W1P,0
15039,12810,OR56A1,0
15040,12810,OR56A3_OR56A3P_OR56A6,0
15041,12810,OR56A4,0
15042,12810,OR56B1_OR56B1P,0
15043,12810,OR56B4,1
15044,12813,OR1A1,0
15045,12813,OR1D2,1
15046,12813,OR1G1_OR1G2,1
15047,12813,OR2M3_OR2M3P_OR2M6,0
15048,12813,OR2W1,1
15049,12813,OR2W1,1
15050,12813,OR2W1,1
15051,12813,OR52D1,0
15052,12813,OR5K1,0
15053,12813,OR5M3,0
15054,12813,OR8D1_OR8D3,0
15055,12844,OR1A1,0
15056,12844,OR1D2,1
15057,12844,OR2M3_OR2M3P_OR2M6,0
15058,12844,OR2W1,0
15059,12844,OR5K1,0
15060,12844,OR5M3,0
15061,12844,OR8D1_OR8D3,0
15062,13016,OR2W1,1
15063,13016,OR2W1,1
15064,13016,OR2W1,1
15065,13162,OR5AN1,0
15066,13187,OR10J5,0
15067,13187,OR1A1,1
15068,13187,OR1A1,1
15069,13187,OR1G1_OR1G2,1
15070,13187,OR2C1,0
15071,13187,OR2J2,0
15072,13187,OR2M3_OR2M3P_OR2M6,0
15073,13187,OR2M7,0
15074,13187,OR2W1,1
15075,13187,OR2W1,1
15076,13187,OR2W1,1
15077,13187,OR2W1,1
15078,13187,OR2W1,1
15079,13187,OR51E1_OR51E1P_OR52A3P,0
15080,13187,OR51E2,0
15081,13187,OR51L1,0
15082,13187,OR52D1,0
15083,13187,OR5K1,0
15084,13187,OR5M3,0
15085,13187,OR5P3,0
15086,13187,OR8D1_OR8D3,0
15087,13357,OR1A1,0
15088,13357,OR2M3_OR2M3P_OR2M6,0
15089,13357,OR2W1,0
15090,13420,OR5AN1,0
15091,13663,OR1D2,1
15092,13849,OR10S1,0
15093,13849,OR2A1,0
15094,13849,OR2A7,0
15095,13849,OR2L13_OR2L14,0
15096,13849,OR2T4,0
15097,13849,OR2W3_OR2W3P_OR2W8P,0
15098,13849,OR51B5,0
15099,13849,OR51E2,0
15100,14228,OR3A1,0
15101,14475,OR51E1_OR51E1P_OR52A3P,0
15102,14475,OR51E2,0
15103,14475,OR51I2,0
15104,14475,OR51L1,0
15105,14475,OR52A5,0
15106,14475,OR52B2,0
15107,14475,OR52D1,0
15108,14475,OR52E8,0
15109,14475,OR52L1,0
15110,14475,OR56A5_OR56A5P,1
15111,14489,OR10J5,0
15112,14489,OR1A1,0
15113,14489,OR2C1,0
15114,14489,OR2J2,0
15115,14489,OR2M7,0
15116,14489,OR2W1,1
15117,14489,OR51E1_OR51E1P_OR52A3P,0
15118,14489,OR51E2,0
15119,14489,OR51L1,0
15120,14489,OR5P3,0
15121,14519,OR1A1,0
15122,14519,OR2M3_OR2M3P_OR2M6,0
15123,14519,OR2W1,1
15124,14519,OR5K1,0
15125,14519,OR5M3,0
15126,14519,OR8D1_OR8D3,0
15127,14525,OR2W1,0
15128,14525,OR5K1,0
15129,14525,OR5M3,0
15130,14525,OR7D4_OR7D4P,0
15131,14525,OR8D1_OR8D3,0
15132,14896,OR10S1,0
15133,14896,OR2A1,0
15134,14896,OR2A7,1
15135,14896,OR2L13_OR2L14,0
15136,14896,OR2T4,0
15137,14896,OR2W1,0
15138,14896,OR2W3_OR2W3P_OR2W8P,0
15139,14896,OR51B5,0
15140,14896,OR5K1,0
15141,14896,OR5M3,0
15142,14896,OR8D1_OR8D3,0
15143,15077,OR10J5,0
15144,15077,OR1A1,1
15145,15077,OR2C1,1
15146,15077,OR2J2,0
15147,15077,OR2M7,0
15148,15077,OR2W1,1
15149,15077,OR51E1_OR51E1P_OR52A3P,0
15150,15077,OR51E2,0
15151,15077,OR51L1,0
15152,15077,OR5P3,0
15153,15380,OR1A1,0
15154,15380,OR2M3_OR2M3P_OR2M6,0
15155,15380,OR2W1,0
15156,15380,OR5K1,0
15157,15380,OR5M3,0
15158,15380,OR8D1_OR8D3,0
15159,15394,OR1A1,0
15160,15394,OR1A2,0
15161,15394,OR2M3_OR2M3P_OR2M6,0
15162,15394,OR2W1,0
15163,15394,OR5K1,0
15164,15394,OR5M3,0
15165,15394,OR8D1_OR8D3,0
15166,15606,OR1G1_OR1G2,1
15167,15606,OR52D1,0
15168,15717,OR10A2_OR10A2P,0
15169,15717,OR10A3,0
15170,15717,OR10A4_OR10A4P,0
15171,15717,OR10A5_OR10A1,0
15172,15717,OR10A6,0
15173,15717,OR10A7,0
15174,15717,OR10AD1_OR10AD1P,0
15175,15717,OR10AG1,0
15176,15717,OR10C1_OR10C2,0
15177,15717,OR10D3,0
15178,15717,OR10G3,0
15179,15717,OR10G4,0
15180,15717,OR10G6_OR10G6P,0
15181,15717,OR10G7,0
15182,15717,OR10G8,0
15183,15717,OR10G9_OR10G10P,0
15184,15717,OR10H1,0
15185,15717,OR10H2,0
15186,15717,OR10H3,0
15187,15717,OR10H4,0
15188,15717,OR10H5,0
15189,15717,OR10J1,0
15190,15717,OR10J3_OR10J3P,0
15191,15717,OR10J5,0
15192,15717,OR10K1,0
15193,15717,OR10P1_OR10P1P_OR10P2P_OR10P3P,0
15194,15717,OR10Q1,0
15195,15717,OR10R2,0
15196,15717,OR10S1,0
15197,15717,OR10T2,0
15198,15717,OR10V1,0
15199,15717,OR10W1_OR10W1P,0
15200,15717,OR10X1_OR10X1P,0
15201,15717,OR10Z1,0
15202,15717,OR11A1_OR11A2,0
15203,15717,OR11G2,0
15204,15717,OR11H1,0
15205,15717,OR11H12,0
15206,15717,OR11H2_OR11H2P,0
15207,15717,OR11H4,0
15208,15717,OR11H6,0
15209,15717,OR11L1,0
15210,15717,OR12D2,0
15211,15717,OR12D3,0
15212,15717,OR13A1,0
15213,15717,OR13C2,0
15214,15717,OR13C3,0
15215,15717,OR13C4,0
15216,15717,OR13C5,0
15217,15717,OR13C8,0
15218,15717,OR13C9,0
15219,15717,OR13D1,0
15220,15717,OR13F1,0
15221,15717,OR13G1,0
15222,15717,OR13H1,0
15223,15717,OR13J1,0
15224,15717,OR14A2_OR5AX1_OR5AX1P,0
15225,15717,OR14C36_OR5BF1,0
15226,15717,OR14I1_OR5BU1_OR5BU1P,0
15227,15717,OR14J1_OR5U1,0
15228,15717,OR14K1_OR5AY1,0
15229,15717,OR1A1,1
15230,15717,OR1A1,1
15231,15717,OR1A1,1
15232,15717,OR1A2,0
15233,15717,OR1C1,0
15234,15717,OR1D2,0
15235,15717,OR1D5,0
15236,15717,OR1E1_OR1E5_OR1E6_OR1E9P,0
15237,15717,OR1E2_OR1E4,0
15238,15717,OR1F1,0
15239,15717,OR1F12P_OR1F12,0
15240,15717,OR1G1_OR1G2,0
15241,15717,OR1I1,0
15242,15717,OR1J1,0
15243,15717,OR1J2_OR1J3_OR1J5,0
15244,15717,OR1J4,0
15245,15717,OR1K1,0
15246,15717,OR1L1_OR1L2,0
15247,15717,OR1L3,0
15248,15717,OR1L4_OR1L5,0
15249,15717,OR1L6_OR1L7,0
15250,15717,OR1L8,0
15251,15717,OR1M1,0
15252,15717,OR1N1_OR1N3,0
15253,15717,OR1N2,0
15254,15717,OR1Q1_OR1Q2_OR1Q3,0
15255,15717,OR1S1,0
15256,15717,OR1S2,0
15257,15717,OR2A1,0
15258,15717,OR2A12_OR2A12P,0
15259,15717,OR2A14_OR2A14P_OR2A6,0
15260,15717,OR2A25_OR2A25P_OR2A27,0
15261,15717,OR2A2_OR2A17P_OR2A2P,0
15262,15717,OR2A4_OR2A10,0
15263,15717,OR2A5_OR2A26_OR2A8,0
15264,15717,OR2A7,0
15265,15717,OR2AE1_OR2AE2,0
15266,15717,OR2AG1_OR2AG3,0
15267,15717,OR2AG2_OR2AG2P,0
15268,15717,OR2AJ1_OR2AJ1P,0
15269,15717,OR2AK2_OR2AK1P,0
15270,15717,OR2AP1_OR2AP1P,0
15271,15717,OR2AT4,0
15272,15717,OR2B11,0
15273,15717,OR2B2_OR2B9,0
15274,15717,OR2B3_OR2B3P,0
15275,15717,OR2B6,0
15276,15717,OR2C1,0
15277,15717,OR2C3_OR2C4_OR2C5P,0
15278,15717,OR2D2_OR2D1,0
15279,15717,OR2D3,0
15280,15717,OR2F1_OR2F3_OR2F3P_OR2F4_OR2F5,0
15281,15717,OR2F2,0
15282,15717,OR2G2,0
15283,15717,OR2G3,0
15284,15717,OR2G6,0
15285,15717,OR2H1_OR2H6_OR2H8,0
15286,15717,OR2H2_OR2H3,0
15287,15717,OR2J1_OR2J1P,0
15288,15717,OR2J2,0
15289,15717,OR2J3,0
15290,15717,OR2K2_OR2AR1P,0
15291,15717,OR2L13_OR2L14,0
15292,15717,OR2L2_OR2L12_OR2L4P,0
15293,15717,OR2L3,0
15294,15717,OR2L5_OR2L11,0
15295,15717,OR2L8,0
15296,15717,OR2M2,0
15297,15717,OR2M3_OR2M3P_OR2M6,0
15298,15717,OR2M4,0
15299,15717,OR2M7,0
15300,15717,OR2S2,0
15301,15717,OR2T1,0
15302,15717,OR2T10,0
15303,15717,OR2T11,0
15304,15717,OR2T29,0
15305,15717,OR2T2_OR2T2P,0
15306,15717,OR2T3,0
15307,15717,OR2T33,0
15308,15717,OR2T34,0
15309,15717,OR2T35,0
15310,15717,OR2T4,0
15311,15717,OR2T5,0
15312,15717,OR2T6_OR2T6P_OR2T9,0
15313,15717,OR2T8_OR2T8P,0
15314,15717,OR2V1,0
15315,15717,OR2V2_OR2V3,0
15316,15717,OR2W1,1
15317,15717,OR2W1,1
15318,15717,OR2W1,1
15319,15717,OR2W1,1
15320,15717,OR2W3_OR2W3P_OR2W8P,0
15321,15717,OR2W5P_OR2W5,0
15322,15717,OR2Y1,0
15323,15717,OR2Z1_OR2Z2,0
15324,15717,OR3A1,0
15325,15717,OR3A2,0
15326,15717,OR3A3_OR3A6_OR3A7_OR3A8P,0
15327,15717,OR4A15,0
15328,15717,OR4A16,0
15329,15717,OR4A47,0
15330,15717,OR4A5,0
15331,15717,OR4B1,0
15332,15717,OR4C11_OR4C11P,0
15333,15717,OR4C12,0
15334,15717,OR4C15,0
15335,15717,OR4C16,0
15336,15717,OR4C3,0
15337,15717,OR4C46,0
15338,15717,OR4C5,0
15339,15717,OR4C6,0
15340,15717,OR4D10_OR4D10P,0
15341,15717,OR4D1_OR4D3,0
15342,15717,OR4D2,0
15343,15717,OR4D5,0
15344,15717,OR4D6,0
15345,15717,OR4D9,0
15346,15717,OR4E2,0
15347,15717,OR4F15,0
15348,15717,OR4F17_OR4F11P_OR4F18_OR4F19,0
15349,15717,OR4F21_OR4F21P,0
15350,15717,OR4F3,0
15351,15717,OR4F4,0
15352,15717,OR4F6_OR4F12,0
15353,15717,OR4K1,0
15354,15717,OR4K13,0
15355,15717,OR4K15,0
15356,15717,OR4K17,0
15357,15717,OR4K2,0
15358,15717,OR4K5,0
15359,15717,OR4L1_OR4L2P,0
15360,15717,OR4M1,0
15361,15717,OR4N2,0
15362,15717,OR4N4,0
15363,15717,OR4P4_OR4P3P,0
15364,15717,OR4Q3_OR4Q4,0
15365,15717,OR4S1,0
15366,15717,OR4S2_OR4S2P,0
15367,15717,OR4X1,0
15368,15717,OR4X2,0
15369,15717,OR51A2,0
15370,15717,OR51A4,0
15371,15717,OR51A7,0
15372,15717,OR51B2_OR51B1P,0
15373,15717,OR51B4,0
15374,15717,OR51B5,0
15375,15717,OR51B6,0
15376,15717,OR51D1,0
15377,15717,OR51E1_OR51E1P_OR52A3P,0
15378,15717,OR51E2,0
15379,15717,OR51F1_OR51F1P,0
15380,15717,OR51F2,0
15381,15717,OR51G1_OR51G3P,0
15382,15717,OR51G2,0
15383,15717,OR51I1,0
15384,15717,OR51I2,0
15385,15717,OR51J1_OR51J1P_OR51J2,0
15386,15717,OR51L1,1
15387,15717,OR51L1,1
15388,15717,OR51L1,1
15389,15717,OR51L1,1
15390,15717,OR51L1,1
15391,15717,OR51M1,0
15392,15717,OR51Q1,0
15393,15717,OR51S1,0
15394,15717,OR51T1,0
15395,15717,OR51V1_OR51A12,0
15396,15717,OR52A1,0
15397,15717,OR52A5,0
15398,15717,OR52B2,0
15399,15717,OR52B4,0
15400,15717,OR52B6,0
15401,15717,OR52D1,0
15402,15717,OR52E2,0
15403,15717,OR52E4,0
15404,15717,OR52E5,0
15405,15717,OR52E6,0
15406,15717,OR52E8,0
15407,15717,OR52H1,0
15408,15717,OR52I1,0
15409,15717,OR52I2,0
15410,15717,OR52J3,0
15411,15717,OR52K1,0
15412,15717,OR52K2,0
15413,15717,OR52L1,0
15414,15717,OR52M1_OR52M1P,0
15415,15717,OR52N1,0
15416,15717,OR52N2,0
15417,15717,OR52N4,0
15418,15717,OR52N5,0
15419,15717,OR52R1,0
15420,15717,OR52W1_OR52W1P,0
15421,15717,OR56A1,0
15422,15717,OR56A3_OR56A3P_OR56A6,0
15423,15717,OR56A4,0
15424,15717,OR56A5_OR56A5P,0
15425,15717,OR56B1_OR56B1P,0
15426,15717,OR56B4,0
15427,15717,OR5A1_OR5A1P,0
15428,15717,OR5A2,0
15429,15717,OR5AC2,0
15430,15717,OR5AK2,0
15431,15717,OR5AN1,0
15432,15717,OR5AP2,0
15433,15717,OR5AR1,0
15434,15717,OR5AS1,0
15435,15717,OR5AU1,0
15436,15717,OR5B12_OR5B12P_OR5B16,0
15437,15717,OR5B17_OR5B20P,0
15438,15717,OR5B2,0
15439,15717,OR5B21,0
15440,15717,OR5B3_OR5B13,0
15441,15717,OR5C1_OR5C2P,0
15442,15717,OR5D13,0
15443,15717,OR5D14,0
15444,15717,OR5D16,0
15445,15717,OR5D18,0
15446,15717,OR5F1,0
15447,15717,OR5H1,0
15448,15717,OR5H14,0
15449,15717,OR5H2,0
15450,15717,OR5H6,0
15451,15717,OR5I1,0
15452,15717,OR5J2,0
15453,15717,OR5K1,0
15454,15717,OR5K2,0
15455,15717,OR5K3,0
15456,15717,OR5K4,0
15457,15717,OR5L1,0
15458,15717,OR5M1,0
15459,15717,OR5M10,0
15460,15717,OR5M11,0
15461,15717,OR5M3,0
15462,15717,OR5M8,0
15463,15717,OR5M9,0
15464,15717,OR5P2,0
15465,15717,OR5P3,0
15466,15717,OR5T1_OR5T1P,0
15467,15717,OR5T2,0
15468,15717,OR5T3,0
15469,15717,OR5V1,0
15470,15717,OR5W2_OR5W2P_OR5W3P,0
15471,15717,OR6A2_OR6A1_OR6A2P,0
15472,15717,OR6B1,0
15473,15717,OR6B2_OR6B2P,0
15474,15717,OR6B3_OR6B3P,0
15475,15717,OR6C1,0
15476,15717,OR6C2,0
15477,15717,OR6C3,0
15478,15717,OR6C4,0
15479,15717,OR6C6,0
15480,15717,OR6C65,0
15481,15717,OR6C68,0
15482,15717,OR6C70,0
15483,15717,OR6C74,0
15484,15717,OR6C75,0
15485,15717,OR6C76,0
15486,15717,OR6F1,0
15487,15717,OR6J1_OR6J2,0
15488,15717,OR6K2,0
15489,15717,OR6K3,0
15490,15717,OR6K6,0
15491,15717,OR6M1,0
15492,15717,OR6N1,0
15493,15717,OR6N2,0
15494,15717,OR6P1,0
15495,15717,OR6Q1,0
15496,15717,OR6S1,0
15497,15717,OR6T1,0
15498,15717,OR6V1,0
15499,15717,OR6X1,0
15500,15717,OR6Y1_OR6Y2,0
15501,15717,OR7A10,0
15502,15717,OR7A17,0
15503,15717,OR7A5,0
15504,15717,OR7C1_OR7C4,0
15505,15717,OR7D2,0
15506,15717,OR7D4_OR7D4P,0
15507,15717,OR7E24_OR7E24P,0
15508,15717,OR7G2,0
15509,15717,OR7G3,0
15510,15717,OR8A1,0
15511,15717,OR8B12,0
15512,15717,OR8B2,0
15513,15717,OR8B3,0
15514,15717,OR8B4_OR8B4P,0
15515,15717,OR8B8,0
15516,15717,OR8D1_OR8D3,0
15517,15717,OR8D2,0
15518,15717,OR8D4,0
15519,15717,OR8G1_OR8G1P,0
15520,15717,OR8G5_OR8G5P_OR8G6,0
15521,15717,OR8H1,0
15522,15717,OR8H2,0
15523,15717,OR8H3,0
15524,15717,OR8I2,0
15525,15717,OR8J1,0
15526,15717,OR8J3,0
15527,15717,OR8K1,0
15528,15717,OR8K3,0
15529,15717,OR8K5,0
15530,15717,OR8S1,0
15531,15717,OR8U1,0
15532,15717,OR8U3_OR5R1_OR5R1P,0
15533,15717,OR8U8,0
15534,15717,OR8U9,0
15535,15717,OR9A2,0
15536,15717,OR9A4,0
15537,15717,OR9G4,0
15538,15717,OR9G9,0
15539,15717,OR9I1,0
15540,15717,OR9K2,0
15541,15717,OR9Q1,0
15542,15717,OR9Q2_OR9Q2P,0
15543,16590,OR1A1,0
15544,16590,OR2M3_OR2M3P_OR2M6,0
15545,16590,OR2W1,1
15546,16590,OR2W1,1
15547,16590,OR5K1,0
15548,16590,OR5M3,0
15549,16590,OR8D1_OR8D3,0
15550,16666,OR10A2_OR10A2P,0
15551,16666,OR10A3,0
15552,16666,OR10A4_OR10A4P,0
15553,16666,OR10A5_OR10A1,0
15554,16666,OR10A6,0
15555,16666,OR10A7,0
15556,16666,OR10AD1_OR10AD1P,1
15557,16666,OR10AG1,0
15558,16666,OR10C1_OR10C2,0
15559,16666,OR10D3,0
15560,16666,OR10G3,0
15561,16666,OR10G4,0
15562,16666,OR10G6_OR10G6P,0
15563,16666,OR10G7,0
15564,16666,OR10G8,0
15565,16666,OR10G9_OR10G10P,0
15566,16666,OR10H1,0
15567,16666,OR10H2,1
15568,16666,OR10H3,1
15569,16666,OR10H4,0
15570,16666,OR10H5,0
15571,16666,OR10J1,0
15572,16666,OR10J3_OR10J3P,0
15573,16666,OR10J5,0
15574,16666,OR10K1,0
15575,16666,OR10K2,0
15576,16666,OR10P1_OR10P1P_OR10P2P_OR10P3P,0
15577,16666,OR10Q1,0
15578,16666,OR10R2,0
15579,16666,OR10T2,0
15580,16666,OR10V1,1
15581,16666,OR10W1_OR10W1P,0
15582,16666,OR10X1_OR10X1P,1
15583,16666,OR10Z1,0
15584,16666,OR11A1_OR11A2,1
15585,16666,OR11G2,0
15586,16666,OR11H1,0
15587,16666,OR11H12,0
15588,16666,OR11H2_OR11H2P,0
15589,16666,OR11H4,0
15590,16666,OR11H6,0
15591,16666,OR11L1,0
15592,16666,OR12D2,0
15593,16666,OR12D3,0
15594,16666,OR13A1,0
15595,16666,OR13C2,0
15596,16666,OR13C3,0
15597,16666,OR13C4,0
15598,16666,OR13C5,1
15599,16666,OR13C8,0
15600,16666,OR13C9,0
15601,16666,OR13D1,1
15602,16666,OR13F1,0
15603,16666,OR13G1,0
15604,16666,OR13H1,1
15605,16666,OR13J1,0
15606,16666,OR14A2_OR5AX1_OR5AX1P,0
15607,16666,OR14C36_OR5BF1,0
15608,16666,OR14I1_OR5BU1_OR5BU1P,1
15609,16666,OR14J1_OR5U1,0
15610,16666,OR14K1_OR5AY1,0
15611,16666,OR14L1_OR14L1P_OR5AV1P,0
15612,16666,OR1A1,1
15613,16666,OR1A1,1
15614,16666,OR1A1,1
15615,16666,OR1A1,1
15616,16666,OR1A1,1
15617,16666,OR1A1,1
15618,16666,OR1A1,1
15619,16666,OR1A1,1
15620,16666,OR1A2,0
15621,16666,OR1C1,0
15622,16666,OR1D2,0
15623,16666,OR1D5,0
15624,16666,OR1E1_OR1E5_OR1E6_OR1E9P,0
15625,16666,OR1E2_OR1E4,1
15626,16666,OR1F1,0
15627,16666,OR1F12P_OR1F12,0
15628,16666,OR1G1_OR1G2,1
15629,16666,OR1I1,1
15630,16666,OR1J1,0
15631,16666,OR1J2_OR1J3_OR1J5,0
15632,16666,OR1J4,0
15633,16666,OR1K1,0
15634,16666,OR1L1_OR1L2,0
15635,16666,OR1L3,0
15636,16666,OR1L4_OR1L5,0
15637,16666,OR1L6_OR1L7,1
15638,16666,OR1L8,0
15639,16666,OR1M1,0
15640,16666,OR1N1_OR1N3,1
15641,16666,OR1N2,0
15642,16666,OR1Q1_OR1Q2_OR1Q3,0
15643,16666,OR1S1,1
15644,16666,OR1S1,1
15645,16666,OR1S1,1
15646,16666,OR1S2,0
15647,16666,OR2A1,0
15648,16666,OR2A12_OR2A12P,0
15649,16666,OR2A14,1
15650,16666,OR2A14_OR2A14P_OR2A6,0
15651,16666,OR2A25_OR2A25P_OR2A27,0
15652,16666,OR2A2_OR2A17P_OR2A2P,1
15653,16666,OR2A2_OR2A17P_OR2A2P,1
15654,16666,OR2A4_OR2A10,0
15655,16666,OR2A5_OR2A26_OR2A8,0
15656,16666,OR2A7,1
15657,16666,OR2AE1_OR2AE2,0
15658,16666,OR2AG1_OR2AG3,0
15659,16666,OR2AG2_OR2AG2P,1
15660,16666,OR2AG2_OR2AG2P,1
15661,16666,OR2AJ1_OR2AJ1P,0
15662,16666,OR2AK2_OR2AK1P,0
15663,16666,OR2AP1_OR2AP1P,0
15664,16666,OR2AT4,0
15665,16666,OR2B11,0
15666,16666,OR2B2_OR2B9,1
15667,16666,OR2B3_OR2B3P,0
15668,16666,OR2B6,0
15669,16666,OR2B8P_OR2B8,0
15670,16666,OR2C1,1
15671,16666,OR2C3_OR2C4_OR2C5P,1
15672,16666,OR2D2_OR2D1,0
15673,16666,OR2D3,0
15674,16666,OR2F1_OR2F3_OR2F3P_OR2F4_OR2F5,0
15675,16666,OR2F2,0
15676,16666,OR2G2,0
15677,16666,OR2G3,0
15678,16666,OR2G6,1
15679,16666,OR2H1_OR2H6_OR2H8,0
15680,16666,OR2H2_OR2H3,0
15681,16666,OR2J1_OR2J1P,0
15682,16666,OR2J2,0
15683,16666,OR2J3,1
15684,16666,OR2K2_OR2AR1P,0
15685,16666,OR2L13_OR2L14,1
15686,16666,OR2L2_OR2L12_OR2L4P,0
15687,16666,OR2L3,1
15688,16666,OR2L5_OR2L11,0
15689,16666,OR2L8,1
15690,16666,OR2M2,0
15691,16666,OR2M3_OR2M3P_OR2M6,0
15692,16666,OR2M4,0
15693,16666,OR2M5,0
15694,16666,OR2M7,0
15695,16666,OR2S2,1
15696,16666,OR2T1,0
15697,16666,OR2T10,0
15698,16666,OR2T11,0
15699,16666,OR2T29,1
15700,16666,OR2T2_OR2T2P,0
15701,16666,OR2T3,0
15702,16666,OR2T33,0
15703,16666,OR2T34,0
15704,16666,OR2T35,1
15705,16666,OR2T4,0
15706,16666,OR2T5,1
15707,16666,OR2T6_OR2T6P_OR2T9,0
15708,16666,OR2T8_OR2T8P,0
15709,16666,OR2V1,0
15710,16666,OR2V2_OR2V3,0
15711,16666,OR2W1,1
15712,16666,OR2W3_OR2W3P_OR2W8P,1
15713,16666,OR2W5P_OR2W5,0
15714,16666,OR2Y1,0
15715,16666,OR2Z1_OR2Z2,0
15716,16666,OR3A1,0
15717,16666,OR3A2,0
15718,16666,OR3A3_OR3A6_OR3A7_OR3A8P,0
15719,16666,OR3A4P_OR3A4_OR3A5P,0
15720,16666,OR4A15,0
15721,16666,OR4A16,1
15722,16666,OR4A47,0
15723,16666,OR4A4P,1
15724,16666,OR4A5,0
15725,16666,OR4B1,0
15726,16666,OR4C11_OR4C11P,0
15727,16666,OR4C12,0
15728,16666,OR4C15,0
15729,16666,OR4C16,0
15730,16666,OR4C3,1
15731,16666,OR4C46,1
15732,16666,OR4C5,0
15733,16666,OR4C6,0
15734,16666,OR4D10_OR4D10P,0
15735,16666,OR4D1_OR4D3,1
15736,16666,OR4D2,0
15737,16666,OR4D5,0
15738,16666,OR4D6,0
15739,16666,OR4D9,0
15740,16666,OR4E2,0
15741,16666,OR4F14,0
15742,16666,OR4F15,0
15743,16666,OR4F17_OR4F11P_OR4F18_OR4F19,0
15744,16666,OR4F21_OR4F21P,0
15745,16666,OR4F3,0
15746,16666,OR4F4,1
15747,16666,OR4F6_OR4F12,1
15748,16666,OR4K1,0
15749,16666,OR4K13,0
15750,16666,OR4K15,0
15751,16666,OR4K17,0
15752,16666,OR4K2,0
15753,16666,OR4K3_OR4K3P,0
15754,16666,OR4K5,0
15755,16666,OR4L1_OR4L2P,0
15756,16666,OR4M1,1
15757,16666,OR4M2B,0
15758,16666,OR4N2,0
15759,16666,OR4N4,0
15760,16666,OR4P4_OR4P3P,0
15761,16666,OR4Q3_OR4Q4,0
15762,16666,OR4S1,0
15763,16666,OR4S2_OR4S2P,0
15764,16666,OR4X1,0
15765,16666,OR4X2,0
15766,16666,OR51A2,0
15767,16666,OR51A4,0
15768,16666,OR51B2_OR51B1P,0
15769,16666,OR51B4,0
15770,16666,OR51B5,1
15771,16666,OR51B6,0
15772,16666,OR51D1,0
15773,16666,OR51E1_OR51E1P_OR52A3P,0
15774,16666,OR51E2,0
15775,16666,OR51F1_OR51F1P,0
15776,16666,OR51F2,0
15777,16666,OR51G1_OR51G3P,0
15778,16666,OR51G2,0
15779,16666,OR51H1_OR51H1P,0
15780,16666,OR51I1,0
15781,16666,OR51I2,0
15782,16666,OR51J1_OR51J1P_OR51J2,0
15783,16666,OR51L1,1
15784,16666,OR51L1,1
15785,16666,OR51L1,1
15786,16666,OR51M1,0
15787,16666,OR51Q1,0
15788,16666,OR51S1,0
15789,16666,OR51T1,0
15790,16666,OR51V1_OR51A12,0
15791,16666,OR52A1,0
15792,16666,OR52A4P_OR52A4,0
15793,16666,OR52A5,0
15794,16666,OR52B2,0
15795,16666,OR52B4,1
15796,16666,OR52B6,0
15797,16666,OR52D1,0
15798,16666,OR52E2,0
15799,16666,OR52E4,0
15800,16666,OR52E5,0
15801,16666,OR52E6,0
15802,16666,OR52E8,0
15803,16666,OR52H1,0
15804,16666,OR52I2,1
15805,16666,OR52J3,0
15806,16666,OR52K1,0
15807,16666,OR52K2,0
15808,16666,OR52L1,0
15809,16666,OR52L2P_OR52L2,0
15810,16666,OR52M1_OR52M1P,0
15811,16666,OR52N1,0
15812,16666,OR52N2,0
15813,16666,OR52N4,0
15814,16666,OR52N5,0
15815,16666,OR52P1_OR52P1P,0
15816,16666,OR52R1,0
15817,16666,OR52W1_OR52W1P,0
15818,16666,OR56A1,0
15819,16666,OR56A3_OR56A3P_OR56A6,0
15820,16666,OR56A4,0
15821,16666,OR56A5_OR56A5P,0
15822,16666,OR56B1_OR56B1P,0
15823,16666,OR56B4,0
15824,16666,OR5A1_OR5A1P,1
15825,16666,OR5A2,0
15826,16666,OR5AC2,0
15827,16666,OR5AK2,0
15828,16666,OR5AK3P_OR5AK3,0
15829,16666,OR5AL1_OR5AL1P,0
15830,16666,OR5AN1,0
15831,16666,OR5AP2,0
15832,16666,OR5AR1,0
15833,16666,OR5AS1,0
15834,16666,OR5AU1,0
15835,16666,OR5B12_OR5B12P_OR5B16,0
15836,16666,OR5B17_OR5B20P,0
15837,16666,OR5B2,0
15838,16666,OR5B21,0
15839,16666,OR5B3_OR5B13,0
15840,16666,OR5C1_OR5C2P,0
15841,16666,OR5D13,0
15842,16666,OR5D14,0
15843,16666,OR5D16,1
15844,16666,OR5D18,0
15845,16666,OR5F1,0
15846,16666,OR5H1,1
15847,16666,OR5H1,1
15848,16666,OR5H14,1
15849,16666,OR5H2,0
15850,16666,OR5H6,1
15851,16666,OR5I1,0
15852,16666,OR5J2,0
15853,16666,OR5K1,0
15854,16666,OR5K2,0
15855,16666,OR5K3,0
15856,16666,OR5K4,0
15857,16666,OR5L1,0
15858,16666,OR5M1,0
15859,16666,OR5M10,0
15860,16666,OR5M11,0
15861,16666,OR5M8,1
15862,16666,OR5M9,0
15863,16666,OR5P2,0
15864,16666,OR5P3,1
15865,16666,OR5T1_OR5T1P,0
15866,16666,OR5T2,0
15867,16666,OR5T3,0
15868,16666,OR5V1,0
15869,16666,OR5W2_OR5W2P_OR5W3P,1
15870,16666,OR6A2_OR6A1_OR6A2P,0
15871,16666,OR6B1,0
15872,16666,OR6B2_OR6B2P,0
15873,16666,OR6B3_OR6B3P,0
15874,16666,OR6C1,0
15875,16666,OR6C2,0
15876,16666,OR6C3,0
15877,16666,OR6C4,0
15878,16666,OR6C6,0
15879,16666,OR6C65,1
15880,16666,OR6C68,0
15881,16666,OR6C70,0
15882,16666,OR6C74,0
15883,16666,OR6C75,1
15884,16666,OR6C76,0
15885,16666,OR6F1,0
15886,16666,OR6J1_OR6J2,0
15887,16666,OR6K2,0
15888,16666,OR6K3,1
15889,16666,OR6K6,0
15890,16666,OR6M1,0
15891,16666,OR6N1,0
15892,16666,OR6N2,0
15893,16666,OR6P1,0
15894,16666,OR6Q1,0
15895,16666,OR6S1,0
15896,16666,OR6T1,0
15897,16666,OR6V1,0
15898,16666,OR6X1,0
15899,16666,OR6Y1_OR6Y2,0
15900,16666,OR7A10,0
15901,16666,OR7A17,0
15902,16666,OR7A5,1
15903,16666,OR7C1_OR7C4,0
15904,16666,OR7D2,0
15905,16666,OR7D4_OR7D4P,0
15906,16666,OR7E24_OR7E24P,0
15907,16666,OR7G2,1
15908,16666,OR7G3,0
15909,16666,OR8A1,1
15910,16666,OR8B12,0
15911,16666,OR8B2,0
15912,16666,OR8B3,0
15913,16666,OR8B4_OR8B4P,0
15914,16666,OR8B8,1
15915,16666,OR8D1_OR8D3,0
15916,16666,OR8D2,0
15917,16666,OR8D4,0
15918,16666,OR8G1_OR8G1P,0
15919,16666,OR8G5_OR8G5P_OR8G6,1
15920,16666,OR8H1,0
15921,16666,OR8H2,0
15922,16666,OR8H3,0
15923,16666,OR8I2,0
15924,16666,OR8J1,1
15925,16666,OR8J3,0
15926,16666,OR8K1,0
15927,16666,OR8K3,1
15928,16666,OR8K3,1
15929,16666,OR8K3,1
15930,16666,OR8K3,1
15931,16666,OR8K3,1
15932,16666,OR8K5,0
15933,16666,OR8S1,0
15934,16666,OR8U1,0
15935,16666,OR8U3_OR5R1_OR5R1P,0
15936,16666,OR8U8,1
15937,16666,OR8U9,0
15938,16666,OR9A2,0
15939,16666,OR9A4,0
15940,16666,OR9G4,0
15941,16666,OR9G9,0
15942,16666,OR9I1,0
15943,16666,OR9K2,0
15944,16666,OR9Q1,0
15945,16666,OR9Q2,0
15946,16666,OR9Q2_OR9Q2P,1
15947,16724,OR10A2_OR10A2P,0
15948,16724,OR10A3,0
15949,16724,OR10A4_OR10A4P,0
15950,16724,OR10A5_OR10A1,0
15951,16724,OR10A6,1
15952,16724,OR10A6,1
15953,16724,OR10A7,0
15954,16724,OR10AD1_OR10AD1P,0
15955,16724,OR10AG1,0
15956,16724,OR10C1_OR10C2,0
15957,16724,OR10G3,0
15958,16724,OR10G4,0
15959,16724,OR10G6_OR10G6P,0
15960,16724,OR10G7,0
15961,16724,OR10G8,0
15962,16724,OR10G9_OR10G10P,0
15963,16724,OR10H1,0
15964,16724,OR10H2,0
15965,16724,OR10H3,0
15966,16724,OR10H4,0
15967,16724,OR10H5,0
15968,16724,OR10J1,0
15969,16724,OR10J3_OR10J3P,0
15970,16724,OR10J5,0
15971,16724,OR10K1,0
15972,16724,OR10K2,0
15973,16724,OR10P1_OR10P1P_OR10P2P_OR10P3P,0
15974,16724,OR10Q1,0
15975,16724,OR10R2,0
15976,16724,OR10S1,0
15977,16724,OR10T2,0
15978,16724,OR10V1,0
15979,16724,OR10W1_OR10W1P,0
15980,16724,OR10X1_OR10X1P,0
15981,16724,OR10Z1,0
15982,16724,OR11A1_OR11A2,0
15983,16724,OR11G2,0
15984,16724,OR11H1,0
15985,16724,OR11H12,0
15986,16724,OR11H4,0
15987,16724,OR11H6,0
15988,16724,OR11L1,0
15989,16724,OR12D2,0
15990,16724,OR12D3,0
15991,16724,OR13A1,0
15992,16724,OR13C2,0
15993,16724,OR13C3,0
15994,16724,OR13C4,0
15995,16724,OR13C5,0
15996,16724,OR13C8,0
15997,16724,OR13C9,0
15998,16724,OR13D1,0
15999,16724,OR13F1,0
16000,16724,OR13G1,0
16001,16724,OR13H1,0
16002,16724,OR13J1,0
16003,16724,OR14A2_OR5AX1_OR5AX1P,0
16004,16724,OR14K1_OR5AY1,0
16005,16724,OR1A1,1
16006,16724,OR1A1,1
16007,16724,OR1A1,1
16008,16724,OR1A1,1
16009,16724,OR1A1,1
16010,16724,OR1A1,1
16011,16724,OR1A1,1
16012,16724,OR1A1,1
16013,16724,OR1A1,1
16014,16724,OR1A1,1
16015,16724,OR1A1,1
16016,16724,OR1A1,1
16017,16724,OR1A1,1
16018,16724,OR1A1,1
16019,16724,OR1A1,1
16020,16724,OR1A1,1
16021,16724,OR1A1,1
16022,16724,OR1A1,1
16023,16724,OR1A1,1
16024,16724,OR1A2,0
16025,16724,OR1C1,0
16026,16724,OR1D2,0
16027,16724,OR1D5,0
16028,16724,OR1E1_OR1E5_OR1E6_OR1E9P,0
16029,16724,OR1E2_OR1E4,0
16030,16724,OR1F1,0
16031,16724,OR1G1_OR1G2,0
16032,16724,OR1I1,0
16033,16724,OR1J1,0
16034,16724,OR1J2_OR1J3_OR1J5,0
16035,16724,OR1J4,0
16036,16724,OR1K1,0
16037,16724,OR1L1_OR1L2,0
16038,16724,OR1L3,0
16039,16724,OR1L4_OR1L5,0
16040,16724,OR1L6_OR1L7,0
16041,16724,OR1L8,0
16042,16724,OR1M1,0
16043,16724,OR1N1_OR1N3,0
16044,16724,OR1N2,0
16045,16724,OR1Q1_OR1Q2_OR1Q3,0
16046,16724,OR1S1,0
16047,16724,OR1S2,0
16048,16724,OR2A1,0
16049,16724,OR2A12_OR2A12P,0
16050,16724,OR2A14_OR2A14P_OR2A6,0
16051,16724,OR2A25_OR2A25P_OR2A27,0
16052,16724,OR2A2_OR2A17P_OR2A2P,0
16053,16724,OR2A4_OR2A10,0
16054,16724,OR2A5_OR2A26_OR2A8,0
16055,16724,OR2A7,0
16056,16724,OR2AE1_OR2AE2,0
16057,16724,OR2AG1_OR2AG3,0
16058,16724,OR2AG2_OR2AG2P,0
16059,16724,OR2AJ1_OR2AJ1P,0
16060,16724,OR2AK2_OR2AK1P,0
16061,16724,OR2AT4,0
16062,16724,OR2B11,0
16063,16724,OR2B2_OR2B9,0
16064,16724,OR2B3_OR2B3P,0
16065,16724,OR2B6,0
16066,16724,OR2C1,0
16067,16724,OR2C3_OR2C4_OR2C5P,0
16068,16724,OR2D2_OR2D1,0
16069,16724,OR2D3,0
16070,16724,OR2F1_OR2F3_OR2F3P_OR2F4_OR2F5,0
16071,16724,OR2F2,0
16072,16724,OR2G2,0
16073,16724,OR2G3,0
16074,16724,OR2G6,0
16075,16724,OR2H1_OR2H6_OR2H8,0
16076,16724,OR2H2_OR2H3,0
16077,16724,OR2J1_OR2J1P,0
16078,16724,OR2J2,0
16079,16724,OR2J3,0
16080,16724,OR2K2_OR2AR1P,0
16081,16724,OR2L13_OR2L14,0
16082,16724,OR2L2_OR2L12_OR2L4P,0
16083,16724,OR2L3,0
16084,16724,OR2L5_OR2L11,0
16085,16724,OR2L8,0
16086,16724,OR2M2,0
16087,16724,OR2M3_OR2M3P_OR2M6,0
16088,16724,OR2M4,0
16089,16724,OR2M7,0
16090,16724,OR2S2,0
16091,16724,OR2T1,0
16092,16724,OR2T10,0
16093,16724,OR2T11,0
16094,16724,OR2T29,0
16095,16724,OR2T2_OR2T2P,0
16096,16724,OR2T3,0
16097,16724,OR2T33,0
16098,16724,OR2T34,0
16099,16724,OR2T4,0
16100,16724,OR2T5,0
16101,16724,OR2T6_OR2T6P_OR2T9,0
16102,16724,OR2T8_OR2T8P,0
16103,16724,OR2V2_OR2V3,0
16104,16724,OR2W1,1
16105,16724,OR2W3_OR2W3P_OR2W8P,0
16106,16724,OR2W5P_OR2W5,0
16107,16724,OR2Z1_OR2Z2,0
16108,16724,OR3A1,0
16109,16724,OR3A2,0
16110,16724,OR3A3_OR3A6_OR3A7_OR3A8P,0
16111,16724,OR3A4P_OR3A4_OR3A5P,0
16112,16724,OR4A15,0
16113,16724,OR4A16,0
16114,16724,OR4A47,0
16115,16724,OR4A5,0
16116,16724,OR4B1,0
16117,16724,OR4C11_OR4C11P,0
16118,16724,OR4C12,0
16119,16724,OR4C15,0
16120,16724,OR4C16,0
16121,16724,OR4C3,0
16122,16724,OR4C46,0
16123,16724,OR4C5,0
16124,16724,OR4C6,0
16125,16724,OR4D10_OR4D10P,0
16126,16724,OR4D1_OR4D3,0
16127,16724,OR4D2,0
16128,16724,OR4D5,0
16129,16724,OR4D6,0
16130,16724,OR4D9,0
16131,16724,OR4E2,0
16132,16724,OR4F15,0
16133,16724,OR4F17_OR4F11P_OR4F18_OR4F19,0
16134,16724,OR4F21_OR4F21P,0
16135,16724,OR4F3,0
16136,16724,OR4F4,0
16137,16724,OR4F6_OR4F12,0
16138,16724,OR4K1,0
16139,16724,OR4K13,0
16140,16724,OR4K15,0
16141,16724,OR4K17,0
16142,16724,OR4K2,0
16143,16724,OR4L1_OR4L2P,0
16144,16724,OR4M1,0
16145,16724,OR4N2,0
16146,16724,OR4N4,0
16147,16724,OR4P4_OR4P3P,0
16148,16724,OR4Q3_OR4Q4,0
16149,16724,OR4S1,0
16150,16724,OR4S2_OR4S2P,0
16151,16724,OR4X1,0
16152,16724,OR4X2,0
16153,16724,OR51A2,0
16154,16724,OR51A4,0
16155,16724,OR51A7,0
16156,16724,OR51B2_OR51B1P,0
16157,16724,OR51B4,0
16158,16724,OR51B5,0
16159,16724,OR51B6,0
16160,16724,OR51D1,0
16161,16724,OR51E1_OR51E1P_OR52A3P,0
16162,16724,OR51E2,0
16163,16724,OR51F1_OR51F1P,0
16164,16724,OR51F2,0
16165,16724,OR51G1_OR51G3P,0
16166,16724,OR51G2,0
16167,16724,OR51I1,0
16168,16724,OR51I2,0
16169,16724,OR51J1_OR51J1P_OR51J2,0
16170,16724,OR51L1,0
16171,16724,OR51M1,0
16172,16724,OR51Q1,0
16173,16724,OR51S1,0
16174,16724,OR51T1,0
16175,16724,OR51V1_OR51A12,0
16176,16724,OR52A1,0
16177,16724,OR52A4P_OR52A4,0
16178,16724,OR52A5,0
16179,16724,OR52B2,0
16180,16724,OR52B4,0
16181,16724,OR52B6,0
16182,16724,OR52D1,0
16183,16724,OR52E2,0
16184,16724,OR52E4,0
16185,16724,OR52E6,0
16186,16724,OR52E8,0
16187,16724,OR52H1,0
16188,16724,OR52I1,0
16189,16724,OR52I2,0
16190,16724,OR52J3,0
16191,16724,OR52K1,0
16192,16724,OR52K2,0
16193,16724,OR52L1,0
16194,16724,OR52M1_OR52M1P,0
16195,16724,OR52N1,0
16196,16724,OR52N2,0
16197,16724,OR52N5,0
16198,16724,OR52R1,0
16199,16724,OR52W1_OR52W1P,0
16200,16724,OR56A1,0
16201,16724,OR56A3_OR56A3P_OR56A6,0
16202,16724,OR56A4,0
16203,16724,OR56B1_OR56B1P,0
16204,16724,OR56B4,0
16205,16724,OR5A1_OR5A1P,0
16206,16724,OR5A2,0
16207,16724,OR5AC2,0
16208,16724,OR5AK2,0
16209,16724,OR5AN1,0
16210,16724,OR5AP2,0
16211,16724,OR5AR1,0
16212,16724,OR5AS1,0
16213,16724,OR5AU1,0
16214,16724,OR5B12_OR5B12P_OR5B16,0
16215,16724,OR5B17_OR5B20P,0
16216,16724,OR5B2,0
16217,16724,OR5B21,0
16218,16724,OR5B3_OR5B13,0
16219,16724,OR5C1_OR5C2P,0
16220,16724,OR5D13,0
16221,16724,OR5D14,0
16222,16724,OR5D16,0
16223,16724,OR5D18,0
16224,16724,OR5F1,0
16225,16724,OR5H1,0
16226,16724,OR5H14,0
16227,16724,OR5H2,0
16228,16724,OR5H6,0
16229,16724,OR5I1,0
16230,16724,OR5J2,0
16231,16724,OR5K1,0
16232,16724,OR5K2,0
16233,16724,OR5K3,0
16234,16724,OR5K4,0
16235,16724,OR5L1,0
16236,16724,OR5M1,0
16237,16724,OR5M10,0
16238,16724,OR5M11,0
16239,16724,OR5M3,0
16240,16724,OR5M8,0
16241,16724,OR5M9,0
16242,16724,OR5P2,0
16243,16724,OR5P3,1
16244,16724,OR5P3,1
16245,16724,OR5P3,1
16246,16724,OR5P3,1
16247,16724,OR5T1_OR5T1P,0
16248,16724,OR5T2,0
16249,16724,OR5T3,0
16250,16724,OR5V1,0
16251,16724,OR5W2_OR5W2P_OR5W3P,0
16252,16724,OR6A2_OR6A1_OR6A2P,0
16253,16724,OR6B1,0
16254,16724,OR6B2_OR6B2P,0
16255,16724,OR6B3_OR6B3P,0
16256,16724,OR6C1,0
16257,16724,OR6C2,0
16258,16724,OR6C3,0
16259,16724,OR6C4,0
16260,16724,OR6C6,0
16261,16724,OR6C65,0
16262,16724,OR6C68,0
16263,16724,OR6C70,0
16264,16724,OR6C74,0
16265,16724,OR6C75,0
16266,16724,OR6C76,0
16267,16724,OR6F1,0
16268,16724,OR6J1_OR6J2,0
16269,16724,OR6K2,0
16270,16724,OR6K3,0
16271,16724,OR6K6,0
16272,16724,OR6M1,0
16273,16724,OR6N1,0
16274,16724,OR6N2,0
16275,16724,OR6Q1,0
16276,16724,OR6S1,0
16277,16724,OR6T1,0
16278,16724,OR6V1,0
16279,16724,OR6X1,0
16280,16724,OR6Y1_OR6Y2,0
16281,16724,OR7A10,0
16282,16724,OR7A17,0
16283,16724,OR7A5,0
16284,16724,OR7C1_OR7C4,0
16285,16724,OR7D2,0
16286,16724,OR7D4_OR7D4P,0
16287,16724,OR7E24_OR7E24P,0
16288,16724,OR7G2,0
16289,16724,OR7G3,0
16290,16724,OR8A1,0
16291,16724,OR8B12,0
16292,16724,OR8B2,0
16293,16724,OR8B3,1
16294,16724,OR8B4_OR8B4P,0
16295,16724,OR8B8,0
16296,16724,OR8D1_OR8D3,0
16297,16724,OR8D2,0
16298,16724,OR8D4,0
16299,16724,OR8G1_OR8G1P,0
16300,16724,OR8G5_OR8G5P_OR8G6,0
16301,16724,OR8H1,0
16302,16724,OR8H2,0
16303,16724,OR8H3,0
16304,16724,OR8I2,0
16305,16724,OR8J1,0
16306,16724,OR8J3,0
16307,16724,OR8K1,0
16308,16724,OR8K3,0
16309,16724,OR8K5,0
16310,16724,OR8U1,0
16311,16724,OR8U3_OR5R1_OR5R1P,0
16312,16724,OR8U8,0
16313,16724,OR8U9,0
16314,16724,OR9A2,0
16315,16724,OR9A4,0
16316,16724,OR9G4,0
16317,16724,OR9G9,0
16318,16724,OR9I1,0
16319,16724,OR9K2,0
16320,16724,OR9Q1,0
16321,16724,OR9Q2_OR9Q2P,0
16322,16800,OR1A1,1
16323,16800,OR2M3_OR2M3P_OR2M6,0
16324,16800,OR2W1,1
16325,16800,OR2W1,1
16326,16800,OR2W1,1
16327,16800,OR2W1,1
16328,16800,OR5K1,0
16329,16800,OR5M3,0
16330,16800,OR8D1_OR8D3,0
16331,16821,OR1A1,0
16332,16821,OR1D2,1
16333,16821,OR2M3_OR2M3P_OR2M6,0
16334,16821,OR2W1,0
16335,16821,OR5K1,0
16336,16821,OR5M3,0
16337,16821,OR8D1_OR8D3,0
16338,17092,OR1D2,1
16339,17100,OR10A2_OR10A2P,0
16340,17100,OR10A3,0
16341,17100,OR10A4_OR10A4P,0
16342,17100,OR10A5_OR10A1,1
16343,17100,OR10A6,0
16344,17100,OR10A7,0
16345,17100,OR10AD1_OR10AD1P,0
16346,17100,OR10AG1,0
16347,17100,OR10C1_OR10C2,0
16348,17100,OR10D3,0
16349,17100,OR10G3,0
16350,17100,OR10G4,0
16351,17100,OR10G6_OR10G6P,0
16352,17100,OR10G7,0
16353,17100,OR10G8,0
16354,17100,OR10G9_OR10G10P,0
16355,17100,OR10H1,0
16356,17100,OR10H2,0
16357,17100,OR10H3,0
16358,17100,OR10H4,0
16359,17100,OR10H5,0
16360,17100,OR10J1,0
16361,17100,OR10J3_OR10J3P,0
16362,17100,OR10J5,0
16363,17100,OR10K1,0
16364,17100,OR10K2,0
16365,17100,OR10P1_OR10P1P_OR10P2P_OR10P3P,0
16366,17100,OR10Q1,0
16367,17100,OR10R2,0
16368,17100,OR10T2,0
16369,17100,OR10V1,0
16370,17100,OR10W1_OR10W1P,0
16371,17100,OR10X1_OR10X1P,0
16372,17100,OR10Z1,0
16373,17100,OR11A1_OR11A2,0
16374,17100,OR11G2,0
16375,17100,OR11H1,0
16376,17100,OR11H12,0
16377,17100,OR11H2_OR11H2P,0
16378,17100,OR11H4,0
16379,17100,OR11H6,0
16380,17100,OR11L1,0
16381,17100,OR12D2,0
16382,17100,OR12D3,0
16383,17100,OR13A1,0
16384,17100,OR13C2,0
16385,17100,OR13C3,0
16386,17100,OR13C4,0
16387,17100,OR13C5,0
16388,17100,OR13C8,0
16389,17100,OR13C9,0
16390,17100,OR13D1,0
16391,17100,OR13F1,0
16392,17100,OR13G1,0
16393,17100,OR13H1,0
16394,17100,OR13J1,0
16395,17100,OR14A2_OR5AX1_OR5AX1P,0
16396,17100,OR14C36_OR5BF1,0
16397,17100,OR14I1_OR5BU1_OR5BU1P,0
16398,17100,OR14J1_OR5U1,0
16399,17100,OR14K1_OR5AY1,0
16400,17100,OR14L1_OR14L1P_OR5AV1P,0
16401,17100,OR1A1,1
16402,17100,OR1A1,1
16403,17100,OR1A1,1
16404,17100,OR1A1,1
16405,17100,OR1A1,1
16406,17100,OR1A1,1
16407,17100,OR1A2,0
16408,17100,OR1C1,0
16409,17100,OR1D2,0
16410,17100,OR1D5,0
16411,17100,OR1E1_OR1E5_OR1E6_OR1E9P,0
16412,17100,OR1E2_OR1E4,0
16413,17100,OR1F1,0
16414,17100,OR1F12P_OR1F12,0
16415,17100,OR1G1_OR1G2,0
16416,17100,OR1I1,0
16417,17100,OR1J1,0
16418,17100,OR1J2_OR1J3_OR1J5,0
16419,17100,OR1J4,0
16420,17100,OR1K1,0
16421,17100,OR1L1_OR1L2,0
16422,17100,OR1L3,0
16423,17100,OR1L4_OR1L5,0
16424,17100,OR1L6_OR1L7,0
16425,17100,OR1L8,0
16426,17100,OR1M1,0
16427,17100,OR1N1_OR1N3,0
16428,17100,OR1N2,0
16429,17100,OR1Q1_OR1Q2_OR1Q3,0
16430,17100,OR1S1,0
16431,17100,OR1S2,0
16432,17100,OR2A1,0
16433,17100,OR2A12_OR2A12P,0
16434,17100,OR2A14,0
16435,17100,OR2A14_OR2A14P_OR2A6,0
16436,17100,OR2A25_OR2A25P_OR2A27,0
16437,17100,OR2A2_OR2A17P_OR2A2P,0
16438,17100,OR2A4_OR2A10,0
16439,17100,OR2A5_OR2A26_OR2A8,0
16440,17100,OR2A7,0
16441,17100,OR2AE1_OR2AE2,0
16442,17100,OR2AG1_OR2AG3,0
16443,17100,OR2AG2_OR2AG2P,0
16444,17100,OR2AJ1_OR2AJ1P,0
16445,17100,OR2AK2_OR2AK1P,0
16446,17100,OR2AP1_OR2AP1P,0
16447,17100,OR2AT4,0
16448,17100,OR2B11,0
16449,17100,OR2B2_OR2B9,0
16450,17100,OR2B3_OR2B3P,0
16451,17100,OR2B6,0
16452,17100,OR2B8P_OR2B8,0
16453,17100,OR2C1,0
16454,17100,OR2C3_OR2C4_OR2C5P,0
16455,17100,OR2D2_OR2D1,0
16456,17100,OR2D3,0
16457,17100,OR2F1_OR2F3_OR2F3P_OR2F4_OR2F5,0
16458,17100,OR2F2,0
16459,17100,OR2G2,0
16460,17100,OR2G3,0
16461,17100,OR2G6,0
16462,17100,OR2H1_OR2H6_OR2H8,0
16463,17100,OR2H2_OR2H3,0
16464,17100,OR2J1_OR2J1P,0
16465,17100,OR2J2,0
16466,17100,OR2J3,1
16467,17100,OR2K2_OR2AR1P,0
16468,17100,OR2L13_OR2L14,0
16469,17100,OR2L2_OR2L12_OR2L4P,0
16470,17100,OR2L3,0
16471,17100,OR2L5_OR2L11,0
16472,17100,OR2L8,0
16473,17100,OR2M2,0
16474,17100,OR2M3_OR2M3P_OR2M6,0
16475,17100,OR2M4,0
16476,17100,OR2M5,0
16477,17100,OR2M7,0
16478,17100,OR2S2,0
16479,17100,OR2T1,0
16480,17100,OR2T10,0
16481,17100,OR2T11,0
16482,17100,OR2T29,0
16483,17100,OR2T2_OR2T2P,0
16484,17100,OR2T3,0
16485,17100,OR2T33,0
16486,17100,OR2T34,0
16487,17100,OR2T35,0
16488,17100,OR2T4,0
16489,17100,OR2T5,0
16490,17100,OR2T6_OR2T6P_OR2T9,0
16491,17100,OR2T8_OR2T8P,0
16492,17100,OR2V1,0
16493,17100,OR2V2_OR2V3,0
16494,17100,OR2W1,1
16495,17100,OR2W1,1
16496,17100,OR2W1,1
16497,17100,OR2W1,1
16498,17100,OR2W1,1
16499,17100,OR2W1,1
16500,17100,OR2W1,1
16501,17100,OR2W1,1
16502,17100,OR2W3_OR2W3P_OR2W8P,0
16503,17100,OR2W5P_OR2W5,0
16504,17100,OR2Y1,0
16505,17100,OR2Z1_OR2Z2,0
16506,17100,OR3A1,0
16507,17100,OR3A2,0
16508,17100,OR3A3_OR3A6_OR3A7_OR3A8P,0
16509,17100,OR3A4P_OR3A4_OR3A5P,0
16510,17100,OR4A15,0
16511,17100,OR4A16,0
16512,17100,OR4A47,0
16513,17100,OR4A4P,0
16514,17100,OR4A5,0
16515,17100,OR4B1,0
16516,17100,OR4C11_OR4C11P,0
16517,17100,OR4C12,0
16518,17100,OR4C15,0
16519,17100,OR4C16,0
16520,17100,OR4C3,0
16521,17100,OR4C46,0
16522,17100,OR4C5,0
16523,17100,OR4C6,0
16524,17100,OR4D10_OR4D10P,0
16525,17100,OR4D1_OR4D3,0
16526,17100,OR4D2,0
16527,17100,OR4D5,0
16528,17100,OR4D6,0
16529,17100,OR4D9,0
16530,17100,OR4E2,0
16531,17100,OR4F14,0
16532,17100,OR4F15,0
16533,17100,OR4F17_OR4F11P_OR4F18_OR4F19,0
16534,17100,OR4F21_OR4F21P,0
16535,17100,OR4F3,0
16536,17100,OR4F4,1
16537,17100,OR4F6_OR4F12,0
16538,17100,OR4K1,0
16539,17100,OR4K13,0
16540,17100,OR4K15,0
16541,17100,OR4K17,0
16542,17100,OR4K2,0
16543,17100,OR4K3_OR4K3P,0
16544,17100,OR4K5,0
16545,17100,OR4L1_OR4L2P,0
16546,17100,OR4M1,0
16547,17100,OR4M2B,0
16548,17100,OR4N2,0
16549,17100,OR4N4,0
16550,17100,OR4P4_OR4P3P,0
16551,17100,OR4Q3_OR4Q4,0
16552,17100,OR4S1,0
16553,17100,OR4S2_OR4S2P,0
16554,17100,OR4X1,0
16555,17100,OR4X2,0
16556,17100,OR51A2,0
16557,17100,OR51A4,0
16558,17100,OR51B2_OR51B1P,0
16559,17100,OR51B4,0
16560,17100,OR51B5,0
16561,17100,OR51B6,1
16562,17100,OR51D1,0
16563,17100,OR51E1_OR51E1P_OR52A3P,0
16564,17100,OR51E2,0
16565,17100,OR51F1_OR51F1P,0
16566,17100,OR51F2,0
16567,17100,OR51G1_OR51G3P,0
16568,17100,OR51G2,0
16569,17100,OR51H1_OR51H1P,0
16570,17100,OR51I1,1
16571,17100,OR51I2,0
16572,17100,OR51J1_OR51J1P_OR51J2,0
16573,17100,OR51L1,0
16574,17100,OR51M1,0
16575,17100,OR51Q1,0
16576,17100,OR51S1,0
16577,17100,OR51T1,0
16578,17100,OR51V1_OR51A12,0
16579,17100,OR52A1,0
16580,17100,OR52A4P_OR52A4,0
16581,17100,OR52A5,0
16582,17100,OR52B2,0
16583,17100,OR52B4,0
16584,17100,OR52B6,0
16585,17100,OR52D1,0
16586,17100,OR52E2,0
16587,17100,OR52E4,0
16588,17100,OR52E5,0
16589,17100,OR52E6,0
16590,17100,OR52E8,0
16591,17100,OR52H1,0
16592,17100,OR52I2,0
16593,17100,OR52J3,0
16594,17100,OR52K1,0
16595,17100,OR52K2,0
16596,17100,OR52L1,0
16597,17100,OR52L2P_OR52L2,0
16598,17100,OR52M1_OR52M1P,0
16599,17100,OR52N1,0
16600,17100,OR52N2,0
16601,17100,OR52N4,0
16602,17100,OR52N5,1
16603,17100,OR52P1_OR52P1P,0
16604,17100,OR52R1,0
16605,17100,OR52W1_OR52W1P,0
16606,17100,OR56A1,0
16607,17100,OR56A3_OR56A3P_OR56A6,0
16608,17100,OR56A4,0
16609,17100,OR56A5_OR56A5P,0
16610,17100,OR56B1_OR56B1P,0
16611,17100,OR56B4,0
16612,17100,OR5A1_OR5A1P,0
16613,17100,OR5A2,0
16614,17100,OR5AC2,0
16615,17100,OR5AK2,0
16616,17100,OR5AK3P_OR5AK3,0
16617,17100,OR5AL1_OR5AL1P,0
16618,17100,OR5AN1,0
16619,17100,OR5AP2,0
16620,17100,OR5AR1,0
16621,17100,OR5AS1,0
16622,17100,OR5AU1,0
16623,17100,OR5B12_OR5B12P_OR5B16,0
16624,17100,OR5B17_OR5B20P,0
16625,17100,OR5B2,0
16626,17100,OR5B21,0
16627,17100,OR5B3_OR5B13,0
16628,17100,OR5C1_OR5C2P,0
16629,17100,OR5D13,0
16630,17100,OR5D14,0
16631,17100,OR5D16,0
16632,17100,OR5D18,0
16633,17100,OR5F1,0
16634,17100,OR5H1,0
16635,17100,OR5H14,0
16636,17100,OR5H2,0
16637,17100,OR5H6,0
16638,17100,OR5I1,0
16639,17100,OR5J2,0
16640,17100,OR5K1,0
16641,17100,OR5K2,0
16642,17100,OR5K3,0
16643,17100,OR5K4,0
16644,17100,OR5L1,0
16645,17100,OR5M1,0
16646,17100,OR5M10,0
16647,17100,OR5M11,0
16648,17100,OR5M3,0
16649,17100,OR5M8,0
16650,17100,OR5M9,0
16651,17100,OR5P2,0
16652,17100,OR5P3,1
16653,17100,OR5T1_OR5T1P,0
16654,17100,OR5T2,0
16655,17100,OR5T3,0
16656,17100,OR5V1,0
16657,17100,OR5W2_OR5W2P_OR5W3P,0
16658,17100,OR6A2_OR6A1_OR6A2P,0
16659,17100,OR6B1,0
16660,17100,OR6B2_OR6B2P,0
16661,17100,OR6B3_OR6B3P,0
16662,17100,OR6C1,0
16663,17100,OR6C2,0
16664,17100,OR6C3,0
16665,17100,OR6C4,0
16666,17100,OR6C6,0
16667,17100,OR6C65,0
16668,17100,OR6C68,0
16669,17100,OR6C70,0
16670,17100,OR6C74,0
16671,17100,OR6C75,0
16672,17100,OR6C76,0
16673,17100,OR6F1,0
16674,17100,OR6J1_OR6J2,0
16675,17100,OR6K2,0
16676,17100,OR6K3,0
16677,17100,OR6K6,0
16678,17100,OR6M1,0
16679,17100,OR6N1,0
16680,17100,OR6N2,0
16681,17100,OR6P1,0
16682,17100,OR6Q1,0
16683,17100,OR6S1,0
16684,17100,OR6T1,0
16685,17100,OR6V1,0
16686,17100,OR6X1,1
16687,17100,OR6Y1_OR6Y2,0
16688,17100,OR7A10,0
16689,17100,OR7A17,0
16690,17100,OR7A5,0
16691,17100,OR7C1_OR7C4,0
16692,17100,OR7D2,0
16693,17100,OR7D4_OR7D4P,0
16694,17100,OR7E24_OR7E24P,0
16695,17100,OR7G2,0
16696,17100,OR7G3,0
16697,17100,OR8A1,0
16698,17100,OR8B12,0
16699,17100,OR8B2,1
16700,17100,OR8B3,0
16701,17100,OR8B4_OR8B4P,0
16702,17100,OR8B8,0
16703,17100,OR8D1_OR8D3,0
16704,17100,OR8D2,0
16705,17100,OR8D4,0
16706,17100,OR8G1_OR8G1P,0
16707,17100,OR8G5_OR8G5P_OR8G6,0
16708,17100,OR8H1,0
16709,17100,OR8H2,0
16710,17100,OR8H3,0
16711,17100,OR8I2,0
16712,17100,OR8J1,0
16713,17100,OR8J3,0
16714,17100,OR8K1,0
16715,17100,OR8K3,0
16716,17100,OR8K5,0
16717,17100,OR8S1,0
16718,17100,OR8U1,0
16719,17100,OR8U3_OR5R1_OR5R1P,0
16720,17100,OR8U8,0
16721,17100,OR8U9,0
16722,17100,OR9A2,0
16723,17100,OR9A4,0
16724,17100,OR9G4,0
16725,17100,OR9G9,0
16726,17100,OR9I1,0
16727,17100,OR9K2,0
16728,17100,OR9Q1,0
16729,17100,OR9Q2,0
16730,17100,OR9Q2_OR9Q2P,0
16731,17355,OR1D2,1
16732,17356,OR2B11,1
16733,17429,OR1F1,0
16734,17525,OR10A2_OR10A2P,0
16735,17525,OR10A3,0
16736,17525,OR10A4_OR10A4P,0
16737,17525,OR10A5_OR10A1,0
16738,17525,OR10A6,0
16739,17525,OR10A7,0
16740,17525,OR10AD1_OR10AD1P,0
16741,17525,OR10AG1,0
16742,17525,OR10C1_OR10C2,0
16743,17525,OR10D3,0
16744,17525,OR10G3,0
16745,17525,OR10G4,0
16746,17525,OR10G6_OR10G6P,0
16747,17525,OR10G7,0
16748,17525,OR10G8,0
16749,17525,OR10G9_OR10G10P,0
16750,17525,OR10H1,0
16751,17525,OR10H2,0
16752,17525,OR10H3,0
16753,17525,OR10H4,0
16754,17525,OR10H5,0
16755,17525,OR10J1,0
16756,17525,OR10J3_OR10J3P,0
16757,17525,OR10J5,0
16758,17525,OR10K1,0
16759,17525,OR10K2,0
16760,17525,OR10P1_OR10P1P_OR10P2P_OR10P3P,0
16761,17525,OR10Q1,0
16762,17525,OR10R2,0
16763,17525,OR10T2,0
16764,17525,OR10V1,0
16765,17525,OR10W1_OR10W1P,0
16766,17525,OR10X1_OR10X1P,0
16767,17525,OR10Z1,0
16768,17525,OR11A1_OR11A2,0
16769,17525,OR11G2,0
16770,17525,OR11H1,0
16771,17525,OR11H12,0
16772,17525,OR11H2_OR11H2P,0
16773,17525,OR11H4,0
16774,17525,OR11H6,0
16775,17525,OR11L1,0
16776,17525,OR12D2,0
16777,17525,OR12D3,0
16778,17525,OR13A1,0
16779,17525,OR13C2,0
16780,17525,OR13C3,0
16781,17525,OR13C4,0
16782,17525,OR13C5,0
16783,17525,OR13C8,0
16784,17525,OR13C9,0
16785,17525,OR13D1,0
16786,17525,OR13F1,0
16787,17525,OR13G1,0
16788,17525,OR13H1,0
16789,17525,OR13J1,0
16790,17525,OR14A2_OR5AX1_OR5AX1P,0
16791,17525,OR14C36_OR5BF1,0
16792,17525,OR14I1_OR5BU1_OR5BU1P,0
16793,17525,OR14J1_OR5U1,0
16794,17525,OR14K1_OR5AY1,0
16795,17525,OR14L1_OR14L1P_OR5AV1P,0
16796,17525,OR1A1,0
16797,17525,OR1A2,0
16798,17525,OR1C1,0
16799,17525,OR1D2,0
16800,17525,OR1D5,0
16801,17525,OR1E1_OR1E5_OR1E6_OR1E9P,0
16802,17525,OR1E2_OR1E4,0
16803,17525,OR1F1,0
16804,17525,OR1F12P_OR1F12,0
16805,17525,OR1G1_OR1G2,0
16806,17525,OR1I1,0
16807,17525,OR1J1,0
16808,17525,OR1J2_OR1J3_OR1J5,0
16809,17525,OR1J4,0
16810,17525,OR1K1,0
16811,17525,OR1L1_OR1L2,0
16812,17525,OR1L3,0
16813,17525,OR1L4_OR1L5,0
16814,17525,OR1L6_OR1L7,0
16815,17525,OR1L8,0
16816,17525,OR1M1,1
16817,17525,OR1N1_OR1N3,0
16818,17525,OR1N2,0
16819,17525,OR1Q1_OR1Q2_OR1Q3,0
16820,17525,OR1S1,0
16821,17525,OR1S2,0
16822,17525,OR2A1,0
16823,17525,OR2A12_OR2A12P,0
16824,17525,OR2A14,0
16825,17525,OR2A14_OR2A14P_OR2A6,0
16826,17525,OR2A25_OR2A25P_OR2A27,0
16827,17525,OR2A2_OR2A17P_OR2A2P,0
16828,17525,OR2A4_OR2A10,0
16829,17525,OR2A5_OR2A26_OR2A8,0
16830,17525,OR2A7,0
16831,17525,OR2AE1_OR2AE2,0
16832,17525,OR2AG1_OR2AG3,0
16833,17525,OR2AG2_OR2AG2P,0
16834,17525,OR2AJ1_OR2AJ1P,0
16835,17525,OR2AK2_OR2AK1P,0
16836,17525,OR2AP1_OR2AP1P,0
16837,17525,OR2AT4,0
16838,17525,OR2B11,0
16839,17525,OR2B2_OR2B9,0
16840,17525,OR2B3_OR2B3P,0
16841,17525,OR2B6,0
16842,17525,OR2B8P_OR2B8,0
16843,17525,OR2C1,0
16844,17525,OR2C3_OR2C4_OR2C5P,0
16845,17525,OR2D2_OR2D1,0
16846,17525,OR2D3,0
16847,17525,OR2F1_OR2F3_OR2F3P_OR2F4_OR2F5,0
16848,17525,OR2F2,0
16849,17525,OR2G2,0
16850,17525,OR2G3,0
16851,17525,OR2G6,0
16852,17525,OR2H1_OR2H6_OR2H8,0
16853,17525,OR2H2_OR2H3,0
16854,17525,OR2J1_OR2J1P,0
16855,17525,OR2J2,0
16856,17525,OR2J3,1
16857,17525,OR2K2_OR2AR1P,0
16858,17525,OR2L13_OR2L14,0
16859,17525,OR2L2_OR2L12_OR2L4P,0
16860,17525,OR2L3,0
16861,17525,OR2L5_OR2L11,0
16862,17525,OR2L8,0
16863,17525,OR2M2,0
16864,17525,OR2M3_OR2M3P_OR2M6,0
16865,17525,OR2M4,0
16866,17525,OR2M5,0
16867,17525,OR2M7,0
16868,17525,OR2S2,0
16869,17525,OR2T1,0
16870,17525,OR2T10,0
16871,17525,OR2T11,0
16872,17525,OR2T29,0
16873,17525,OR2T2_OR2T2P,0
16874,17525,OR2T3,0
16875,17525,OR2T33,0
16876,17525,OR2T34,0
16877,17525,OR2T35,0
16878,17525,OR2T4,0
16879,17525,OR2T5,0
16880,17525,OR2T6_OR2T6P_OR2T9,0
16881,17525,OR2T8_OR2T8P,0
16882,17525,OR2V1,0
16883,17525,OR2V2_OR2V3,0
16884,17525,OR2W1,0
16885,17525,OR2W3_OR2W3P_OR2W8P,0
16886,17525,OR2W5P_OR2W5,0
16887,17525,OR2Y1,0
16888,17525,OR2Z1_OR2Z2,0
16889,17525,OR3A1,0
16890,17525,OR3A2,0
16891,17525,OR3A3_OR3A6_OR3A7_OR3A8P,0
16892,17525,OR3A4P_OR3A4_OR3A5P,0
16893,17525,OR4A15,0
16894,17525,OR4A16,0
16895,17525,OR4A47,0
16896,17525,OR4A4P,0
16897,17525,OR4A5,0
16898,17525,OR4B1,0
16899,17525,OR4C11_OR4C11P,0
16900,17525,OR4C12,0
16901,17525,OR4C15,0
16902,17525,OR4C16,0
16903,17525,OR4C3,0
16904,17525,OR4C46,0
16905,17525,OR4C5,0
16906,17525,OR4C6,0
16907,17525,OR4D10_OR4D10P,0
16908,17525,OR4D1_OR4D3,0
16909,17525,OR4D2,0
16910,17525,OR4D5,0
16911,17525,OR4D6,0
16912,17525,OR4D9,0
16913,17525,OR4E2,0
16914,17525,OR4F14,0
16915,17525,OR4F15,0
16916,17525,OR4F17_OR4F11P_OR4F18_OR4F19,0
16917,17525,OR4F21_OR4F21P,0
16918,17525,OR4F3,0
16919,17525,OR4F4,0
16920,17525,OR4F6_OR4F12,0
16921,17525,OR4K1,0
16922,17525,OR4K13,0
16923,17525,OR4K15,0
16924,17525,OR4K17,0
16925,17525,OR4K2,0
16926,17525,OR4K3_OR4K3P,0
16927,17525,OR4K5,0
16928,17525,OR4L1_OR4L2P,0
16929,17525,OR4M1,0
16930,17525,OR4M2B,0
16931,17525,OR4N2,0
16932,17525,OR4N4,0
16933,17525,OR4P4_OR4P3P,0
16934,17525,OR4Q3_OR4Q4,0
16935,17525,OR4S1,0
16936,17525,OR4S2_OR4S2P,0
16937,17525,OR4X1,0
16938,17525,OR4X2,0
16939,17525,OR51A2,0
16940,17525,OR51A4,0
16941,17525,OR51B2_OR51B1P,0
16942,17525,OR51B4,0
16943,17525,OR51B5,0
16944,17525,OR51B6,0
16945,17525,OR51D1,0
16946,17525,OR51E1_OR51E1P_OR52A3P,0
16947,17525,OR51E2,0
16948,17525,OR51F1_OR51F1P,0
16949,17525,OR51F2,0
16950,17525,OR51G1_OR51G3P,0
16951,17525,OR51G2,0
16952,17525,OR51H1_OR51H1P,0
16953,17525,OR51I1,0
16954,17525,OR51I2,0
16955,17525,OR51J1_OR51J1P_OR51J2,0
16956,17525,OR51L1,0
16957,17525,OR51M1,0
16958,17525,OR51Q1,0
16959,17525,OR51S1,0
16960,17525,OR51T1,0
16961,17525,OR51V1_OR51A12,0
16962,17525,OR52A1,0
16963,17525,OR52A4P_OR52A4,0
16964,17525,OR52A5,0
16965,17525,OR52B2,0
16966,17525,OR52B4,0
16967,17525,OR52B6,0
16968,17525,OR52D1,0
16969,17525,OR52E2,0
16970,17525,OR52E4,0
16971,17525,OR52E5,0
16972,17525,OR52E6,0
16973,17525,OR52E8,0
16974,17525,OR52H1,0
16975,17525,OR52I2,0
16976,17525,OR52J3,0
16977,17525,OR52K1,0
16978,17525,OR52K2,0
16979,17525,OR52L1,0
16980,17525,OR52L2P_OR52L2,0
16981,17525,OR52M1_OR52M1P,0
16982,17525,OR52N1,0
16983,17525,OR52N2,0
16984,17525,OR52N4,0
16985,17525,OR52N5,0
16986,17525,OR52P1_OR52P1P,0
16987,17525,OR52R1,0
16988,17525,OR52W1_OR52W1P,0
16989,17525,OR56A1,0
16990,17525,OR56A3_OR56A3P_OR56A6,0
16991,17525,OR56A4,0
16992,17525,OR56A5_OR56A5P,0
16993,17525,OR56B1_OR56B1P,0
16994,17525,OR56B4,0
16995,17525,OR5A1_OR5A1P,0
16996,17525,OR5A2,0
16997,17525,OR5AC2,0
16998,17525,OR5AK2,0
16999,17525,OR5AK3P_OR5AK3,0
17000,17525,OR5AL1_OR5AL1P,0
17001,17525,OR5AN1,0
17002,17525,OR5AP2,0
17003,17525,OR5AR1,0
17004,17525,OR5AS1,0
17005,17525,OR5AU1,0
17006,17525,OR5B12_OR5B12P_OR5B16,0
17007,17525,OR5B17_OR5B20P,0
17008,17525,OR5B2,0
17009,17525,OR5B21,0
17010,17525,OR5B3_OR5B13,0
17011,17525,OR5C1_OR5C2P,0
17012,17525,OR5D13,0
17013,17525,OR5D14,0
17014,17525,OR5D16,0
17015,17525,OR5D18,0
17016,17525,OR5F1,0
17017,17525,OR5H1,0
17018,17525,OR5H14,0
17019,17525,OR5H2,0
17020,17525,OR5H6,0
17021,17525,OR5I1,0
17022,17525,OR5J2,0
17023,17525,OR5K1,0
17024,17525,OR5K2,0
17025,17525,OR5K3,0
17026,17525,OR5K4,0
17027,17525,OR5L1,0
17028,17525,OR5M1,0
17029,17525,OR5M10,0
17030,17525,OR5M11,0
17031,17525,OR5M8,0
17032,17525,OR5M9,0
17033,17525,OR5P2,0
17034,17525,OR5P3,0
17035,17525,OR5T1_OR5T1P,0
17036,17525,OR5T2,0
17037,17525,OR5T3,0
17038,17525,OR5V1,0
17039,17525,OR5W2_OR5W2P_OR5W3P,0
17040,17525,OR6A2_OR6A1_OR6A2P,0
17041,17525,OR6B1,0
17042,17525,OR6B2_OR6B2P,0
17043,17525,OR6B3_OR6B3P,0
17044,17525,OR6C1,0
17045,17525,OR6C2,0
17046,17525,OR6C3,0
17047,17525,OR6C4,0
17048,17525,OR6C6,0
17049,17525,OR6C65,0
17050,17525,OR6C68,0
17051,17525,OR6C70,0
17052,17525,OR6C74,0
17053,17525,OR6C75,0
17054,17525,OR6C76,0
17055,17525,OR6F1,0
17056,17525,OR6J1_OR6J2,0
17057,17525,OR6K2,0
17058,17525,OR6K3,0
17059,17525,OR6K6,0
17060,17525,OR6M1,0
17061,17525,OR6N1,0
17062,17525,OR6N2,0
17063,17525,OR6P1,0
17064,17525,OR6Q1,0
17065,17525,OR6S1,0
17066,17525,OR6T1,0
17067,17525,OR6V1,0
17068,17525,OR6X1,0
17069,17525,OR6Y1_OR6Y2,0
17070,17525,OR7A10,0
17071,17525,OR7A17,0
17072,17525,OR7A5,0
17073,17525,OR7C1_OR7C4,0
17074,17525,OR7D2,0
17075,17525,OR7D4_OR7D4P,0
17076,17525,OR7E24_OR7E24P,0
17077,17525,OR7G2,0
17078,17525,OR7G3,0
17079,17525,OR8A1,0
17080,17525,OR8B12,0
17081,17525,OR8B2,0
17082,17525,OR8B3,0
17083,17525,OR8B4_OR8B4P,0
17084,17525,OR8B8,0
17085,17525,OR8D1_OR8D3,0
17086,17525,OR8D2,0
17087,17525,OR8D4,0
17088,17525,OR8G1_OR8G1P,0
17089,17525,OR8G5_OR8G5P_OR8G6,0
17090,17525,OR8H1,0
17091,17525,OR8H2,1
17092,17525,OR8H3,0
17093,17525,OR8I2,0
17094,17525,OR8J1,0
17095,17525,OR8J3,0
17096,17525,OR8K1,0
17097,17525,OR8K3,0
17098,17525,OR8K5,0
17099,17525,OR8S1,0
17100,17525,OR8U1,0
17101,17525,OR8U3_OR5R1_OR5R1P,0
17102,17525,OR8U8,0
17103,17525,OR8U9,0
17104,17525,OR9A2,0
17105,17525,OR9A4,0
17106,17525,OR9G4,0
17107,17525,OR9G9,0
17108,17525,OR9I1,0
17109,17525,OR9K2,0
17110,17525,OR9Q1,0
17111,17525,OR9Q2,0
17112,17525,OR9Q2_OR9Q2P,0
17113,17617,OR1D2,1
17114,17739,OR1A1,0
17115,17739,OR2M3_OR2M3P_OR2M6,0
17116,17739,OR2W1,0
17117,17739,OR5K1,0
17118,17739,OR5M3,0
17119,17739,OR8D1_OR8D3,0
17120,18189,OR51E2,0
17121,18467,OR5K1,1
17122,18467,OR5K2,0
17123,18467,OR5K3,0
17124,18467,OR5K4,0
17125,18635,OR1A1,0
17126,18635,OR1A2,0
17127,18635,OR2M3_OR2M3P_OR2M6,0
17128,18635,OR2W1,0
17129,18635,OR5K1,0
17130,18635,OR5M3,0
17131,18635,OR8D1_OR8D3,0
17132,18686,OR1A1,1
17133,18686,OR2M3_OR2M3P_OR2M6,0
17134,18686,OR2W1,1
17135,18686,OR2W1,1
17136,18686,OR2W1,1
17137,18686,OR5K1,0
17138,18686,OR5M3,0
17139,18686,OR8D1_OR8D3,0
17140,18698,OR1D2,1
17141,18818,OR1A1,0
17142,18818,OR2M3_OR2M3P_OR2M6,0
17143,18818,OR2W1,0
17144,18826,OR11A1_OR11A2,0
17145,18826,OR5A1_OR5A1P,0
17146,18826,OR5A2,1
17147,18826,OR5AN1,1
17148,18827,OR1A1,1
17149,18827,OR1A2,0
17150,18827,OR1D2,1
17151,18827,OR2M3_OR2M3P_OR2M6,0
17152,18827,OR2W1,1
17153,18827,OR2W1,1
17154,18827,OR2W1,1
17155,18827,OR2W1,1
17156,18827,OR5K1,0
17157,18827,OR5M3,0
17158,18827,OR8D1_OR8D3,0
17159,19309,OR10A2_OR10A2P,0
17160,19309,OR10A3,0
17161,19309,OR10A4_OR10A4P,0
17162,19309,OR10A5_OR10A1,0
17163,19309,OR10A6,0
17164,19309,OR10A7,0
17165,19309,OR10AD1_OR10AD1P,0
17166,19309,OR10AG1,0
17167,19309,OR10C1_OR10C2,0
17168,19309,OR10D3,0
17169,19309,OR10G3,0
17170,19309,OR10G4,0
17171,19309,OR10G6_OR10G6P,0
17172,19309,OR10G7,0
17173,19309,OR10G8,0
17174,19309,OR10G9_OR10G10P,0
17175,19309,OR10H1,0
17176,19309,OR10H2,0
17177,19309,OR10H3,0
17178,19309,OR10H4,0
17179,19309,OR10H5,0
17180,19309,OR10J1,0
17181,19309,OR10J3_OR10J3P,0
17182,19309,OR10J5,0
17183,19309,OR10K1,0
17184,19309,OR10P1_OR10P1P_OR10P2P_OR10P3P,0
17185,19309,OR10Q1,0
17186,19309,OR10R2,0
17187,19309,OR10S1,0
17188,19309,OR10T2,0
17189,19309,OR10V1,0
17190,19309,OR10W1_OR10W1P,0
17191,19309,OR10X1_OR10X1P,0
17192,19309,OR10Z1,0
17193,19309,OR11A1_OR11A2,0
17194,19309,OR11G2,0
17195,19309,OR11H1,0
17196,19309,OR11H12,0
17197,19309,OR11H2_OR11H2P,0
17198,19309,OR11H4,0
17199,19309,OR11H6,0
17200,19309,OR11L1,0
17201,19309,OR12D2,0
17202,19309,OR12D3,0
17203,19309,OR13A1,0
17204,19309,OR13C2,0
17205,19309,OR13C3,0
17206,19309,OR13C4,0
17207,19309,OR13C5,0
17208,19309,OR13C8,0
17209,19309,OR13C9,0
17210,19309,OR13D1,0
17211,19309,OR13F1,0
17212,19309,OR13G1,0
17213,19309,OR13H1,0
17214,19309,OR13J1,0
17215,19309,OR14A2_OR5AX1_OR5AX1P,0
17216,19309,OR14C36_OR5BF1,0
17217,19309,OR14I1_OR5BU1_OR5BU1P,0
17218,19309,OR14J1_OR5U1,0
17219,19309,OR14K1_OR5AY1,0
17220,19309,OR1A1,0
17221,19309,OR1A2,0
17222,19309,OR1C1,0
17223,19309,OR1D2,0
17224,19309,OR1D5,0
17225,19309,OR1E1_OR1E5_OR1E6_OR1E9P,0
17226,19309,OR1E2_OR1E4,0
17227,19309,OR1F1,0
17228,19309,OR1F12P_OR1F12,0
17229,19309,OR1G1_OR1G2,0
17230,19309,OR1I1,0
17231,19309,OR1J1,0
17232,19309,OR1J2_OR1J3_OR1J5,0
17233,19309,OR1J4,0
17234,19309,OR1K1,0
17235,19309,OR1L1_OR1L2,0
17236,19309,OR1L3,0
17237,19309,OR1L4_OR1L5,0
17238,19309,OR1L6_OR1L7,0
17239,19309,OR1L8,0
17240,19309,OR1M1,0
17241,19309,OR1N1_OR1N3,0
17242,19309,OR1N2,0
17243,19309,OR1Q1_OR1Q2_OR1Q3,0
17244,19309,OR1S1,0
17245,19309,OR1S2,0
17246,19309,OR2A1,0
17247,19309,OR2A12_OR2A12P,0
17248,19309,OR2A14_OR2A14P_OR2A6,0
17249,19309,OR2A25_OR2A25P_OR2A27,0
17250,19309,OR2A2_OR2A17P_OR2A2P,0
17251,19309,OR2A4_OR2A10,0
17252,19309,OR2A5_OR2A26_OR2A8,0
17253,19309,OR2A7,0
17254,19309,OR2AE1_OR2AE2,0
17255,19309,OR2AG1_OR2AG3,0
17256,19309,OR2AG2_OR2AG2P,0
17257,19309,OR2AJ1_OR2AJ1P,0
17258,19309,OR2AK2_OR2AK1P,0
17259,19309,OR2AP1_OR2AP1P,0
17260,19309,OR2AT4,0
17261,19309,OR2B11,0
17262,19309,OR2B2_OR2B9,0
17263,19309,OR2B3_OR2B3P,0
17264,19309,OR2B6,0
17265,19309,OR2C1,0
17266,19309,OR2C3_OR2C4_OR2C5P,0
17267,19309,OR2D2_OR2D1,0
17268,19309,OR2D3,0
17269,19309,OR2F1_OR2F3_OR2F3P_OR2F4_OR2F5,0
17270,19309,OR2F2,0
17271,19309,OR2G2,0
17272,19309,OR2G3,0
17273,19309,OR2G6,0
17274,19309,OR2H1_OR2H6_OR2H8,0
17275,19309,OR2H2_OR2H3,0
17276,19309,OR2J1_OR2J1P,0
17277,19309,OR2J2,0
17278,19309,OR2J3,0
17279,19309,OR2K2_OR2AR1P,0
17280,19309,OR2L13_OR2L14,0
17281,19309,OR2L2_OR2L12_OR2L4P,0
17282,19309,OR2L3,0
17283,19309,OR2L5_OR2L11,0
17284,19309,OR2L8,0
17285,19309,OR2M2,0
17286,19309,OR2M3_OR2M3P_OR2M6,0
17287,19309,OR2M4,0
17288,19309,OR2M7,0
17289,19309,OR2S2,0
17290,19309,OR2T1,0
17291,19309,OR2T10,0
17292,19309,OR2T11,0
17293,19309,OR2T29,0
17294,19309,OR2T2_OR2T2P,0
17295,19309,OR2T3,0
17296,19309,OR2T33,0
17297,19309,OR2T34,0
17298,19309,OR2T35,0
17299,19309,OR2T4,0
17300,19309,OR2T5,0
17301,19309,OR2T6_OR2T6P_OR2T9,0
17302,19309,OR2T8_OR2T8P,0
17303,19309,OR2V1,0
17304,19309,OR2V2_OR2V3,0
17305,19309,OR2W1,0
17306,19309,OR2W3_OR2W3P_OR2W8P,0
17307,19309,OR2W5P_OR2W5,0
17308,19309,OR2Y1,0
17309,19309,OR2Z1_OR2Z2,0
17310,19309,OR3A1,0
17311,19309,OR3A2,0
17312,19309,OR3A3_OR3A6_OR3A7_OR3A8P,0
17313,19309,OR4A15,0
17314,19309,OR4A16,0
17315,19309,OR4A47,0
17316,19309,OR4A5,0
17317,19309,OR4B1,0
17318,19309,OR4C11_OR4C11P,0
17319,19309,OR4C12,0
17320,19309,OR4C15,0
17321,19309,OR4C16,0
17322,19309,OR4C3,0
17323,19309,OR4C46,0
17324,19309,OR4C5,0
17325,19309,OR4C6,0
17326,19309,OR4D10_OR4D10P,0
17327,19309,OR4D1_OR4D3,0
17328,19309,OR4D2,0
17329,19309,OR4D5,0
17330,19309,OR4D6,0
17331,19309,OR4D9,0
17332,19309,OR4E2,0
17333,19309,OR4F15,0
17334,19309,OR4F17_OR4F11P_OR4F18_OR4F19,0
17335,19309,OR4F21_OR4F21P,0
17336,19309,OR4F3,0
17337,19309,OR4F4,0
17338,19309,OR4F6_OR4F12,0
17339,19309,OR4K1,0
17340,19309,OR4K13,0
17341,19309,OR4K15,0
17342,19309,OR4K17,0
17343,19309,OR4K2,0
17344,19309,OR4K5,0
17345,19309,OR4L1_OR4L2P,0
17346,19309,OR4M1,0
17347,19309,OR4N2,0
17348,19309,OR4N4,0
17349,19309,OR4P4_OR4P3P,0
17350,19309,OR4Q3_OR4Q4,0
17351,19309,OR4S1,0
17352,19309,OR4S2_OR4S2P,0
17353,19309,OR4X1,0
17354,19309,OR4X2,0
17355,19309,OR51A2,0
17356,19309,OR51A4,0
17357,19309,OR51A7,0
17358,19309,OR51B2_OR51B1P,0
17359,19309,OR51B4,0
17360,19309,OR51B5,0
17361,19309,OR51B6,0
17362,19309,OR51D1,0
17363,19309,OR51E1_OR51E1P_OR52A3P,0
17364,19309,OR51E2,0
17365,19309,OR51F1_OR51F1P,0
17366,19309,OR51F2,0
17367,19309,OR51G1_OR51G3P,0
17368,19309,OR51G2,0
17369,19309,OR51I1,0
17370,19309,OR51I2,0
17371,19309,OR51J1_OR51J1P_OR51J2,0
17372,19309,OR51L1,0
17373,19309,OR51M1,0
17374,19309,OR51Q1,0
17375,19309,OR51S1,0
17376,19309,OR51T1,0
17377,19309,OR51V1_OR51A12,0
17378,19309,OR52A1,0
17379,19309,OR52A5,0
17380,19309,OR52B2,0
17381,19309,OR52B4,0
17382,19309,OR52B6,0
17383,19309,OR52D1,0
17384,19309,OR52E2,0
17385,19309,OR52E4,0
17386,19309,OR52E5,0
17387,19309,OR52E6,0
17388,19309,OR52E8,0
17389,19309,OR52H1,0
17390,19309,OR52I1,0
17391,19309,OR52I2,0
17392,19309,OR52J3,0
17393,19309,OR52K1,0
17394,19309,OR52K2,0
17395,19309,OR52L1,0
17396,19309,OR52M1_OR52M1P,0
17397,19309,OR52N1,0
17398,19309,OR52N2,0
17399,19309,OR52N4,0
17400,19309,OR52N5,0
17401,19309,OR52R1,0
17402,19309,OR52W1_OR52W1P,0
17403,19309,OR56A1,0
17404,19309,OR56A3_OR56A3P_OR56A6,0
17405,19309,OR56A4,0
17406,19309,OR56A5_OR56A5P,0
17407,19309,OR56B1_OR56B1P,0
17408,19309,OR56B4,0
17409,19309,OR5A1_OR5A1P,0
17410,19309,OR5A2,0
17411,19309,OR5AC2,0
17412,19309,OR5AK2,0
17413,19309,OR5AN1,0
17414,19309,OR5AP2,0
17415,19309,OR5AR1,0
17416,19309,OR5AS1,0
17417,19309,OR5AU1,0
17418,19309,OR5B12_OR5B12P_OR5B16,0
17419,19309,OR5B17_OR5B20P,0
17420,19309,OR5B2,0
17421,19309,OR5B21,0
17422,19309,OR5B3_OR5B13,0
17423,19309,OR5C1_OR5C2P,0
17424,19309,OR5D13,0
17425,19309,OR5D14,0
17426,19309,OR5D16,0
17427,19309,OR5D18,0
17428,19309,OR5F1,0
17429,19309,OR5H1,0
17430,19309,OR5H14,0
17431,19309,OR5H2,0
17432,19309,OR5H6,0
17433,19309,OR5I1,0
17434,19309,OR5J2,0
17435,19309,OR5K1,0
17436,19309,OR5K2,0
17437,19309,OR5K3,0
17438,19309,OR5K4,0
17439,19309,OR5L1,0
17440,19309,OR5M1,0
17441,19309,OR5M10,0
17442,19309,OR5M11,0
17443,19309,OR5M3,1
17444,19309,OR5M3,1
17445,19309,OR5M8,0
17446,19309,OR5M9,0
17447,19309,OR5P2,0
17448,19309,OR5P3,0
17449,19309,OR5T1_OR5T1P,0
17450,19309,OR5T2,0
17451,19309,OR5T3,0
17452,19309,OR5V1,0
17453,19309,OR5W2_OR5W2P_OR5W3P,0
17454,19309,OR6A2_OR6A1_OR6A2P,0
17455,19309,OR6B1,0
17456,19309,OR6B2_OR6B2P,0
17457,19309,OR6B3_OR6B3P,0
17458,19309,OR6C1,0
17459,19309,OR6C2,0
17460,19309,OR6C3,0
17461,19309,OR6C4,0
17462,19309,OR6C6,0
17463,19309,OR6C65,0
17464,19309,OR6C68,0
17465,19309,OR6C70,0
17466,19309,OR6C74,0
17467,19309,OR6C75,0
17468,19309,OR6C76,0
17469,19309,OR6F1,0
17470,19309,OR6J1_OR6J2,0
17471,19309,OR6K2,0
17472,19309,OR6K3,0
17473,19309,OR6K6,0
17474,19309,OR6M1,0
17475,19309,OR6N1,0
17476,19309,OR6N2,0
17477,19309,OR6P1,0
17478,19309,OR6Q1,0
17479,19309,OR6S1,0
17480,19309,OR6T1,0
17481,19309,OR6V1,0
17482,19309,OR6X1,0
17483,19309,OR6Y1_OR6Y2,0
17484,19309,OR7A10,0
17485,19309,OR7A17,0
17486,19309,OR7A5,0
17487,19309,OR7C1_OR7C4,0
17488,19309,OR7D2,0
17489,19309,OR7D4_OR7D4P,0
17490,19309,OR7E24_OR7E24P,0
17491,19309,OR7G2,0
17492,19309,OR7G3,0
17493,19309,OR8A1,0
17494,19309,OR8B12,0
17495,19309,OR8B2,0
17496,19309,OR8B3,0
17497,19309,OR8B4_OR8B4P,0
17498,19309,OR8B8,0
17499,19309,OR8D1_OR8D3,0
17500,19309,OR8D2,0
17501,19309,OR8D4,0
17502,19309,OR8G1_OR8G1P,0
17503,19309,OR8G5_OR8G5P_OR8G6,0
17504,19309,OR8H1,0
17505,19309,OR8H2,0
17506,19309,OR8H3,0
17507,19309,OR8I2,0
17508,19309,OR8J1,0
17509,19309,OR8J3,0
17510,19309,OR8K1,0
17511,19309,OR8K3,0
17512,19309,OR8K5,0
17513,19309,OR8S1,0
17514,19309,OR8U1,0
17515,19309,OR8U3_OR5R1_OR5R1P,0
17516,19309,OR8U8,0
17517,19309,OR8U9,0
17518,19309,OR9A2,0
17519,19309,OR9A4,0
17520,19309,OR9G4,0
17521,19309,OR9G9,0
17522,19309,OR9I1,0
17523,19309,OR9K2,0
17524,19309,OR9Q1,0
17525,19309,OR9Q2_OR9Q2P,0
17526,19310,OR1A1,0
17527,19310,OR2M3_OR2M3P_OR2M6,0
17528,19310,OR2W1,1
17529,19310,OR5K1,0
17530,19310,OR5M3,0
17531,19310,OR8D1_OR8D3,0
17532,19707,OR10J5,0
17533,19707,OR1A1,0
17534,19707,OR2C1,0
17535,19707,OR2J2,0
17536,19707,OR2M7,0
17537,19707,OR2W1,1
17538,19707,OR51E1_OR51E1P_OR52A3P,0
17539,19707,OR51E2,0
17540,19707,OR51L1,0
17541,19707,OR5P3,0
17542,19801,OR7D4_OR7D4P,0
17543,20083,OR1G1_OR1G2,1
17544,20083,OR52D1,0
17545,20499,OR2B11,1
17546,20499,OR2B11,1
17547,20499,OR2B11,1
17548,20499,OR2C1,0
17549,20499,OR2W1,1
17550,20499,OR2W1,1
17551,20499,OR2W1,1
17552,20653,OR51E1_OR51E1P_OR52A3P,0
17553,20653,OR51E2,0
17554,20653,OR51I2,1
17555,20653,OR51L1,0
17556,20653,OR52A5,0
17557,20653,OR52B2,0
17558,20653,OR52D1,0
17559,20653,OR52E8,0
17560,20653,OR52L1,0
17561,20653,OR56A5_OR56A5P,0
17562,20959,OR1D2,1
17563,21210,OR10S1,0
17564,21210,OR2A1,0
17565,21210,OR2A7,0
17566,21210,OR2L13_OR2L14,0
17567,21210,OR2T4,0
17568,21210,OR2W3_OR2W3P_OR2W8P,0
17569,21210,OR51B5,0
17570,21648,OR1A1,0
17571,21648,OR1A2,0
17572,21648,OR3A1,0
17573,22201,OR1A1,0
17574,22201,OR1A2,0
17575,22201,OR5K1,1
17576,22201,OR5K2,0
17577,22201,OR5K3,0
17578,22201,OR5K4,0
17579,22227,OR51F1_OR51F1P,0
17580,22311,OR1A1,1
17581,22311,OR1G1_OR1G2,1
17582,22311,OR2W1,1
17583,22311,OR51B4,0
17584,22311,OR52D1,0
17585,22311,OR5K1,0
17586,22311,OR5M3,0
17587,22311,OR8D1_OR8D3,0
17588,22383,OR1A1,0
17589,22383,OR2M3_OR2M3P_OR2M6,0
17590,22383,OR2W1,1
17591,22383,OR2W1,1
17592,22383,OR5K1,0
17593,22383,OR5M3,0
17594,22383,OR8D1_OR8D3,0
17595,22556,OR1G1_OR1G2,0
17596,22556,OR52D1,0
17597,23173,OR11A1_OR11A2,0
17598,23173,OR5A1_OR5A1P,0
17599,23173,OR5A2,1
17600,23173,OR5AN1,1
17601,24020,OR1A1,0
17602,24020,OR2M3_OR2M3P_OR2M6,0
17603,24020,OR2W1,1
17604,24020,OR2W1,1
17605,24020,OR5K1,0
17606,24020,OR5M3,0
17607,24020,OR8D1_OR8D3,0
17608,24114,OR10J5,0
17609,24114,OR1A1,0
17610,24114,OR2C1,0
17611,24114,OR2J2,0
17612,24114,OR2M7,0
17613,24114,OR2W1,0
17614,24114,OR51E1_OR51E1P_OR52A3P,1
17615,24114,OR51E2,0
17616,24114,OR51L1,0
17617,24114,OR5P3,0
17618,24433,OR2J2,1
17619,24433,OR2J2,1
17620,24433,OR4Q3_OR4Q4,1
17621,24473,OR10J5,0
17622,24473,OR1A1,1
17623,24473,OR1A1,1
17624,24473,OR2C1,0
17625,24473,OR2J2,0
17626,24473,OR2M7,0
17627,24473,OR2W1,1
17628,24473,OR51E1_OR51E1P_OR52A3P,0
17629,24473,OR51E2,0
17630,24473,OR51L1,0
17631,24473,OR5P3,0
17632,25612,OR1D2,1
17633,26331,OR1A1,0
17634,26331,OR1A2,0
17635,26334,OR2AG1_OR2AG3,0
17636,26334,OR5K1,1
17637,26334,OR5K1,1
17638,26447,OR1A1,1
17639,26447,OR1A2,0
17640,26447,OR1G1_OR1G2,0
17641,26447,OR52D1,0
17642,26808,OR10A2_OR10A2P,0
17643,26808,OR10A3,0
17644,26808,OR10A4_OR10A4P,0
17645,26808,OR10A5_OR10A1,0
17646,26808,OR10A6,0
17647,26808,OR10A7,0
17648,26808,OR10AD1_OR10AD1P,0
17649,26808,OR10AG1,0
17650,26808,OR10C1_OR10C2,0
17651,26808,OR10D3,0
17652,26808,OR10G3,0
17653,26808,OR10G4,0
17654,26808,OR10G6_OR10G6P,0
17655,26808,OR10G7,0
17656,26808,OR10G8,0
17657,26808,OR10G9_OR10G10P,0
17658,26808,OR10H1,0
17659,26808,OR10H2,0
17660,26808,OR10H3,0
17661,26808,OR10H4,0
17662,26808,OR10H5,0
17663,26808,OR10J1,0
17664,26808,OR10J3_OR10J3P,0
17665,26808,OR10J5,0
17666,26808,OR10K1,0
17667,26808,OR10P1_OR10P1P_OR10P2P_OR10P3P,0
17668,26808,OR10Q1,0
17669,26808,OR10R2,0
17670,26808,OR10S1,0
17671,26808,OR10T2,0
17672,26808,OR10V1,0
17673,26808,OR10W1_OR10W1P,0
17674,26808,OR10X1_OR10X1P,0
17675,26808,OR10Z1,0
17676,26808,OR11A1_OR11A2,0
17677,26808,OR11G2,0
17678,26808,OR11H1,0
17679,26808,OR11H12,0
17680,26808,OR11H2_OR11H2P,0
17681,26808,OR11H4,0
17682,26808,OR11H6,0
17683,26808,OR11L1,0
17684,26808,OR12D2,0
17685,26808,OR12D3,0
17686,26808,OR13A1,0
17687,26808,OR13C2,0
17688,26808,OR13C3,0
17689,26808,OR13C4,0
17690,26808,OR13C5,0
17691,26808,OR13C8,0
17692,26808,OR13C9,0
17693,26808,OR13D1,0
17694,26808,OR13F1,0
17695,26808,OR13G1,0
17696,26808,OR13H1,0
17697,26808,OR13J1,0
17698,26808,OR14A2_OR5AX1_OR5AX1P,0
17699,26808,OR14C36_OR5BF1,0
17700,26808,OR14I1_OR5BU1_OR5BU1P,0
17701,26808,OR14J1_OR5U1,0
17702,26808,OR14K1_OR5AY1,0
17703,26808,OR1A1,0
17704,26808,OR1A2,0
17705,26808,OR1C1,0
17706,26808,OR1D2,0
17707,26808,OR1D5,0
17708,26808,OR1E1_OR1E5_OR1E6_OR1E9P,0
17709,26808,OR1E2_OR1E4,0
17710,26808,OR1F1,0
17711,26808,OR1F12P_OR1F12,0
17712,26808,OR1G1_OR1G2,0
17713,26808,OR1I1,0
17714,26808,OR1J1,0
17715,26808,OR1J2_OR1J3_OR1J5,0
17716,26808,OR1J4,0
17717,26808,OR1K1,0
17718,26808,OR1L1_OR1L2,0
17719,26808,OR1L3,0
17720,26808,OR1L4_OR1L5,0
17721,26808,OR1L6_OR1L7,0
17722,26808,OR1L8,0
17723,26808,OR1M1,0
17724,26808,OR1N1_OR1N3,0
17725,26808,OR1N2,0
17726,26808,OR1Q1_OR1Q2_OR1Q3,0
17727,26808,OR1S1,0
17728,26808,OR1S2,0
17729,26808,OR2A1,0
17730,26808,OR2A12_OR2A12P,0
17731,26808,OR2A14_OR2A14P_OR2A6,0
17732,26808,OR2A25_OR2A25P_OR2A27,0
17733,26808,OR2A2_OR2A17P_OR2A2P,0
17734,26808,OR2A4_OR2A10,0
17735,26808,OR2A5_OR2A26_OR2A8,0
17736,26808,OR2A7,0
17737,26808,OR2AE1_OR2AE2,0
17738,26808,OR2AG1_OR2AG3,0
17739,26808,OR2AG2_OR2AG2P,0
17740,26808,OR2AJ1_OR2AJ1P,0
17741,26808,OR2AK2_OR2AK1P,0
17742,26808,OR2AP1_OR2AP1P,0
17743,26808,OR2AT4,0
17744,26808,OR2B11,0
17745,26808,OR2B2_OR2B9,0
17746,26808,OR2B3_OR2B3P,0
17747,26808,OR2B6,0
17748,26808,OR2C1,0
17749,26808,OR2C3_OR2C4_OR2C5P,0
17750,26808,OR2D2_OR2D1,0
17751,26808,OR2D3,0
17752,26808,OR2F1_OR2F3_OR2F3P_OR2F4_OR2F5,0
17753,26808,OR2F2,0
17754,26808,OR2G2,0
17755,26808,OR2G3,0
17756,26808,OR2G6,0
17757,26808,OR2H1_OR2H6_OR2H8,0
17758,26808,OR2H2_OR2H3,0
17759,26808,OR2J1_OR2J1P,0
17760,26808,OR2J2,0
17761,26808,OR2J3,0
17762,26808,OR2K2_OR2AR1P,0
17763,26808,OR2L13_OR2L14,0
17764,26808,OR2L2_OR2L12_OR2L4P,0
17765,26808,OR2L3,0
17766,26808,OR2L5_OR2L11,0
17767,26808,OR2L8,0
17768,26808,OR2M2,0
17769,26808,OR2M3_OR2M3P_OR2M6,0
17770,26808,OR2M4,0
17771,26808,OR2M7,0
17772,26808,OR2S2,0
17773,26808,OR2T1,0
17774,26808,OR2T10,0
17775,26808,OR2T11,0
17776,26808,OR2T29,0
17777,26808,OR2T2_OR2T2P,0
17778,26808,OR2T3,0
17779,26808,OR2T33,0
17780,26808,OR2T34,0
17781,26808,OR2T35,0
17782,26808,OR2T4,0
17783,26808,OR2T5,0
17784,26808,OR2T6_OR2T6P_OR2T9,0
17785,26808,OR2T8_OR2T8P,0
17786,26808,OR2V1,0
17787,26808,OR2V2_OR2V3,0
17788,26808,OR2W1,0
17789,26808,OR2W3_OR2W3P_OR2W8P,0
17790,26808,OR2W5P_OR2W5,0
17791,26808,OR2Y1,0
17792,26808,OR2Z1_OR2Z2,0
17793,26808,OR3A1,0
17794,26808,OR3A2,0
17795,26808,OR3A3_OR3A6_OR3A7_OR3A8P,0
17796,26808,OR4A15,0
17797,26808,OR4A16,0
17798,26808,OR4A47,0
17799,26808,OR4A5,0
17800,26808,OR4B1,0
17801,26808,OR4C11_OR4C11P,0
17802,26808,OR4C12,0
17803,26808,OR4C15,0
17804,26808,OR4C16,0
17805,26808,OR4C3,0
17806,26808,OR4C46,0
17807,26808,OR4C5,0
17808,26808,OR4C6,0
17809,26808,OR4D10_OR4D10P,0
17810,26808,OR4D1_OR4D3,0
17811,26808,OR4D2,0
17812,26808,OR4D5,0
17813,26808,OR4D6,0
17814,26808,OR4D9,0
17815,26808,OR4E2,0
17816,26808,OR4F15,0
17817,26808,OR4F17_OR4F11P_OR4F18_OR4F19,0
17818,26808,OR4F21_OR4F21P,0
17819,26808,OR4F3,0
17820,26808,OR4F4,0
17821,26808,OR4F6_OR4F12,0
17822,26808,OR4K1,0
17823,26808,OR4K13,0
17824,26808,OR4K15,0
17825,26808,OR4K17,0
17826,26808,OR4K2,0
17827,26808,OR4K5,0
17828,26808,OR4L1_OR4L2P,0
17829,26808,OR4M1,0
17830,26808,OR4N2,0
17831,26808,OR4N4,0
17832,26808,OR4P4_OR4P3P,0
17833,26808,OR4Q3_OR4Q4,0
17834,26808,OR4S1,0
17835,26808,OR4S2_OR4S2P,0
17836,26808,OR4X1,0
17837,26808,OR4X2,0
17838,26808,OR51A2,0
17839,26808,OR51A4,0
17840,26808,OR51A7,0
17841,26808,OR51B2_OR51B1P,0
17842,26808,OR51B4,0
17843,26808,OR51B5,0
17844,26808,OR51B6,0
17845,26808,OR51D1,0
17846,26808,OR51E1_OR51E1P_OR52A3P,0
17847,26808,OR51E2,0
17848,26808,OR51F1_OR51F1P,0
17849,26808,OR51F2,0
17850,26808,OR51G1_OR51G3P,0
17851,26808,OR51G2,0
17852,26808,OR51I1,0
17853,26808,OR51I2,0
17854,26808,OR51J1_OR51J1P_OR51J2,0
17855,26808,OR51L1,0
17856,26808,OR51M1,0
17857,26808,OR51Q1,0
17858,26808,OR51S1,0
17859,26808,OR51T1,0
17860,26808,OR51V1_OR51A12,0
17861,26808,OR52A1,0
17862,26808,OR52A5,0
17863,26808,OR52B2,0
17864,26808,OR52B4,0
17865,26808,OR52B6,0
17866,26808,OR52D1,0
17867,26808,OR52E2,0
17868,26808,OR52E4,0
17869,26808,OR52E5,0
17870,26808,OR52E6,0
17871,26808,OR52E8,0
17872,26808,OR52H1,0
17873,26808,OR52I1,0
17874,26808,OR52I2,0
17875,26808,OR52J3,0
17876,26808,OR52K1,0
17877,26808,OR52K2,0
17878,26808,OR52L1,0
17879,26808,OR52M1_OR52M1P,0
17880,26808,OR52N1,0
17881,26808,OR52N2,0
17882,26808,OR52N4,0
17883,26808,OR52N5,0
17884,26808,OR52R1,0
17885,26808,OR52W1_OR52W1P,0
17886,26808,OR56A1,0
17887,26808,OR56A3_OR56A3P_OR56A6,0
17888,26808,OR56A4,0
17889,26808,OR56A5_OR56A5P,0
17890,26808,OR56B1_OR56B1P,0
17891,26808,OR56B4,0
17892,26808,OR5A1_OR5A1P,0
17893,26808,OR5A2,0
17894,26808,OR5AC2,0
17895,26808,OR5AK2,0
17896,26808,OR5AN1,0
17897,26808,OR5AP2,0
17898,26808,OR5AR1,0
17899,26808,OR5AS1,0
17900,26808,OR5AU1,0
17901,26808,OR5B12_OR5B12P_OR5B16,0
17902,26808,OR5B17_OR5B20P,0
17903,26808,OR5B2,0
17904,26808,OR5B21,0
17905,26808,OR5B3_OR5B13,0
17906,26808,OR5C1_OR5C2P,0
17907,26808,OR5D13,0
17908,26808,OR5D14,0
17909,26808,OR5D16,0
17910,26808,OR5D18,0
17911,26808,OR5F1,0
17912,26808,OR5H1,0
17913,26808,OR5H14,0
17914,26808,OR5H2,0
17915,26808,OR5H6,0
17916,26808,OR5I1,0
17917,26808,OR5J2,0
17918,26808,OR5K1,1
17919,26808,OR5K1,1
17920,26808,OR5K1,1
17921,26808,OR5K2,0
17922,26808,OR5K3,0
17923,26808,OR5K4,0
17924,26808,OR5L1,0
17925,26808,OR5M1,0
17926,26808,OR5M10,0
17927,26808,OR5M11,0
17928,26808,OR5M3,0
17929,26808,OR5M8,0
17930,26808,OR5M9,0
17931,26808,OR5P2,0
17932,26808,OR5P3,0
17933,26808,OR5T1_OR5T1P,0
17934,26808,OR5T2,0
17935,26808,OR5T3,0
17936,26808,OR5V1,0
17937,26808,OR5W2_OR5W2P_OR5W3P,0
17938,26808,OR6A2_OR6A1_OR6A2P,0
17939,26808,OR6B1,0
17940,26808,OR6B2_OR6B2P,0
17941,26808,OR6B3_OR6B3P,0
17942,26808,OR6C1,0
17943,26808,OR6C2,0
17944,26808,OR6C3,0
17945,26808,OR6C4,0
17946,26808,OR6C6,0
17947,26808,OR6C65,0
17948,26808,OR6C68,0
17949,26808,OR6C70,0
17950,26808,OR6C74,0
17951,26808,OR6C75,0
17952,26808,OR6C76,0
17953,26808,OR6F1,0
17954,26808,OR6J1_OR6J2,0
17955,26808,OR6K2,0
17956,26808,OR6K3,0
17957,26808,OR6K6,0
17958,26808,OR6M1,0
17959,26808,OR6N1,0
17960,26808,OR6N2,0
17961,26808,OR6P1,0
17962,26808,OR6Q1,0
17963,26808,OR6S1,0
17964,26808,OR6T1,0
17965,26808,OR6V1,0
17966,26808,OR6X1,0
17967,26808,OR6Y1_OR6Y2,0
17968,26808,OR7A10,0
17969,26808,OR7A17,0
17970,26808,OR7A5,0
17971,26808,OR7C1_OR7C4,0
17972,26808,OR7D2,0
17973,26808,OR7D4_OR7D4P,0
17974,26808,OR7E24_OR7E24P,0
17975,26808,OR7G2,0
17976,26808,OR7G3,0
17977,26808,OR8A1,0
17978,26808,OR8B12,0
17979,26808,OR8B2,0
17980,26808,OR8B3,0
17981,26808,OR8B4_OR8B4P,0
17982,26808,OR8B8,0
17983,26808,OR8D1_OR8D3,0
17984,26808,OR8D2,0
17985,26808,OR8D4,0
17986,26808,OR8G1_OR8G1P,0
17987,26808,OR8G5_OR8G5P_OR8G6,0
17988,26808,OR8H1,0
17989,26808,OR8H2,0
17990,26808,OR8H3,0
17991,26808,OR8I2,0
17992,26808,OR8J1,0
17993,26808,OR8J3,0
17994,26808,OR8K1,0
17995,26808,OR8K3,0
17996,26808,OR8K5,0
17997,26808,OR8S1,0
17998,26808,OR8U1,0
17999,26808,OR8U3_OR5R1_OR5R1P,0
18000,26808,OR8U8,0
18001,26808,OR8U9,0
18002,26808,OR9A2,0
18003,26808,OR9A4,0
18004,26808,OR9G4,0
18005,26808,OR9G9,0
18006,26808,OR9I1,0
18007,26808,OR9K2,0
18008,26808,OR9Q1,0
18009,26808,OR9Q2_OR9Q2P,0
18010,27457,OR5K1,1
18011,27457,OR5K2,0
18012,27457,OR5K3,0
18013,27457,OR5K4,0
18014,27458,OR1A1,0
18015,27458,OR1A2,0
18016,27458,OR5K1,1
18017,27458,OR5K2,0
18018,27458,OR5K3,0
18019,27458,OR5K4,0
18020,27460,OR5K1,0
18021,27470,OR1A1,0
18022,27470,OR2M3_OR2M3P_OR2M6,0
18023,27470,OR2W1,0
18024,27470,OR5K1,0
18025,27470,OR5M3,0
18026,27470,OR8D1_OR8D3,0
18027,27866,OR1A1,0
18028,27866,OR2M3_OR2M3P_OR2M6,0
18029,27866,OR2W1,0
18030,27866,OR51B4,0
18031,27866,OR5K1,0
18032,27866,OR5M3,0
18033,27866,OR8D1_OR8D3,0
18034,27902,OR51E2,0
18035,28905,OR1A1,0
18036,28905,OR1A2,0
18037,28905,OR2M3_OR2M3P_OR2M6,0
18038,28905,OR2W1,0
18039,28905,OR5K1,1
18040,28905,OR5K2,0
18041,28905,OR5K3,0
18042,28905,OR5K4,0
18043,28905,OR5M3,0
18044,28905,OR8D1_OR8D3,0
18045,29030,OR1D2,1
18046,29096,OR1D2,1
18047,29096,OR1D2,1
18048,30914,OR1A1,0
18049,30914,OR2M3_OR2M3P_OR2M6,0
18050,30914,OR2W1,1
18051,30914,OR2W1,1
18052,30914,OR5K1,1
18053,30914,OR5K2,0
18054,30914,OR5K3,0
18055,30914,OR5K4,0
18056,30914,OR5M3,0
18057,30914,OR8D1_OR8D3,0
18058,30945,OR5M3,0
18059,31219,OR1D2,1
18060,31229,OR10J5,0
18061,31229,OR1A1,0
18062,31229,OR2C1,0
18063,31229,OR2J2,0
18064,31229,OR2M7,0
18065,31229,OR2W1,0
18066,31229,OR51E1_OR51E1P_OR52A3P,0
18067,31229,OR51E2,0
18068,31229,OR51L1,0
18069,31229,OR5P3,0
18070,31234,OR2W1,1
18071,31234,OR2W1,1
18072,31234,OR2W1,1
18073,31242,OR1A1,0
18074,31242,OR2M3_OR2M3P_OR2M6,0
18075,31242,OR2W1,1
18076,31242,OR2W1,1
18077,31242,OR2W1,1
18078,31242,OR5K1,0
18079,31242,OR5M3,0
18080,31242,OR8D1_OR8D3,0
18081,31244,OR10A2_OR10A2P,0
18082,31244,OR10A3,0
18083,31244,OR10A4_OR10A4P,0
18084,31244,OR10A5_OR10A1,0
18085,31244,OR10A6,1
18086,31244,OR10A7,0
18087,31244,OR10AD1_OR10AD1P,0
18088,31244,OR10AG1,0
18089,31244,OR10C1_OR10C2,0
18090,31244,OR10G3,0
18091,31244,OR10G4,0
18092,31244,OR10G6_OR10G6P,0
18093,31244,OR10G7,0
18094,31244,OR10G8,0
18095,31244,OR10G9_OR10G10P,0
18096,31244,OR10H1,0
18097,31244,OR10H2,0
18098,31244,OR10H3,0
18099,31244,OR10H4,0
18100,31244,OR10H5,0
18101,31244,OR10J1,0
18102,31244,OR10J3_OR10J3P,0
18103,31244,OR10J5,0
18104,31244,OR10K1,0
18105,31244,OR10K2,0
18106,31244,OR10P1_OR10P1P_OR10P2P_OR10P3P,0
18107,31244,OR10Q1,0
18108,31244,OR10R2,0
18109,31244,OR10S1,0
18110,31244,OR10T2,0
18111,31244,OR10V1,0
18112,31244,OR10W1_OR10W1P,0
18113,31244,OR10X1_OR10X1P,0
18114,31244,OR10Z1,0
18115,31244,OR11A1_OR11A2,0
18116,31244,OR11G2,0
18117,31244,OR11H1,0
18118,31244,OR11H12,0
18119,31244,OR11H4,0
18120,31244,OR11H6,0
18121,31244,OR11L1,0
18122,31244,OR12D2,0
18123,31244,OR12D3,0
18124,31244,OR13A1,0
18125,31244,OR13C2,1
18126,31244,OR13C3,0
18127,31244,OR13C4,0
18128,31244,OR13C5,0
18129,31244,OR13C8,0
18130,31244,OR13C9,0
18131,31244,OR13D1,0
18132,31244,OR13F1,0
18133,31244,OR13G1,0
18134,31244,OR13H1,0
18135,31244,OR13J1,0
18136,31244,OR14A2_OR5AX1_OR5AX1P,0
18137,31244,OR14K1_OR5AY1,0
18138,31244,OR1A1,1
18139,31244,OR1A1,1
18140,31244,OR1A2,0
18141,31244,OR1C1,0
18142,31244,OR1D2,0
18143,31244,OR1D5,0
18144,31244,OR1E1_OR1E5_OR1E6_OR1E9P,0
18145,31244,OR1E2_OR1E4,0
18146,31244,OR1F1,0
18147,31244,OR1G1_OR1G2,0
18148,31244,OR1I1,0
18149,31244,OR1J1,0
18150,31244,OR1J2_OR1J3_OR1J5,0
18151,31244,OR1J4,0
18152,31244,OR1K1,0
18153,31244,OR1L1_OR1L2,0
18154,31244,OR1L3,0
18155,31244,OR1L4_OR1L5,0
18156,31244,OR1L6_OR1L7,0
18157,31244,OR1L8,0
18158,31244,OR1M1,0
18159,31244,OR1N1_OR1N3,0
18160,31244,OR1N2,0
18161,31244,OR1Q1_OR1Q2_OR1Q3,0
18162,31244,OR1S1,0
18163,31244,OR1S2,0
18164,31244,OR2A1,0
18165,31244,OR2A12_OR2A12P,0
18166,31244,OR2A14_OR2A14P_OR2A6,0
18167,31244,OR2A25_OR2A25P_OR2A27,0
18168,31244,OR2A2_OR2A17P_OR2A2P,0
18169,31244,OR2A4_OR2A10,0
18170,31244,OR2A5_OR2A26_OR2A8,0
18171,31244,OR2A7,0
18172,31244,OR2AE1_OR2AE2,0
18173,31244,OR2AG1_OR2AG3,0
18174,31244,OR2AG2_OR2AG2P,0
18175,31244,OR2AJ1_OR2AJ1P,0
18176,31244,OR2AK2_OR2AK1P,0
18177,31244,OR2AT4,0
18178,31244,OR2B11,0
18179,31244,OR2B2_OR2B9,0
18180,31244,OR2B3_OR2B3P,0
18181,31244,OR2B6,0
18182,31244,OR2C1,0
18183,31244,OR2C3_OR2C4_OR2C5P,0
18184,31244,OR2D2_OR2D1,0
18185,31244,OR2D3,0
18186,31244,OR2F1_OR2F3_OR2F3P_OR2F4_OR2F5,0
18187,31244,OR2F2,0
18188,31244,OR2G2,0
18189,31244,OR2G3,0
18190,31244,OR2G6,0
18191,31244,OR2H1_OR2H6_OR2H8,0
18192,31244,OR2H2_OR2H3,0
18193,31244,OR2J1_OR2J1P,0
18194,31244,OR2J2,1
18195,31244,OR2J2,1
18196,31244,OR2J3,1
18197,31244,OR2J3,1
18198,31244,OR2K2_OR2AR1P,0
18199,31244,OR2L13_OR2L14,0
18200,31244,OR2L2_OR2L12_OR2L4P,0
18201,31244,OR2L3,0
18202,31244,OR2L5_OR2L11,0
18203,31244,OR2L8,0
18204,31244,OR2M2,0
18205,31244,OR2M3_OR2M3P_OR2M6,0
18206,31244,OR2M4,0
18207,31244,OR2M7,0
18208,31244,OR2S2,0
18209,31244,OR2T1,0
18210,31244,OR2T10,0
18211,31244,OR2T11,0
18212,31244,OR2T29,0
18213,31244,OR2T2_OR2T2P,0
18214,31244,OR2T3,0
18215,31244,OR2T33,0
18216,31244,OR2T34,0
18217,31244,OR2T4,0
18218,31244,OR2T5,0
18219,31244,OR2T6_OR2T6P_OR2T9,0
18220,31244,OR2T8_OR2T8P,0
18221,31244,OR2V2_OR2V3,0
18222,31244,OR2W1,1
18223,31244,OR2W1,1
18224,31244,OR2W1,1
18225,31244,OR2W3_OR2W3P_OR2W8P,0
18226,31244,OR2W5P_OR2W5,0
18227,31244,OR2Z1_OR2Z2,0
18228,31244,OR3A1,0
18229,31244,OR3A2,0
18230,31244,OR3A3_OR3A6_OR3A7_OR3A8P,0
18231,31244,OR3A4P_OR3A4_OR3A5P,0
18232,31244,OR4A15,0
18233,31244,OR4A16,0
18234,31244,OR4A47,0
18235,31244,OR4A5,0
18236,31244,OR4B1,0
18237,31244,OR4C11_OR4C11P,0
18238,31244,OR4C12,0
18239,31244,OR4C15,0
18240,31244,OR4C16,0
18241,31244,OR4C3,0
18242,31244,OR4C46,0
18243,31244,OR4C5,0
18244,31244,OR4C6,0
18245,31244,OR4D10_OR4D10P,0
18246,31244,OR4D1_OR4D3,0
18247,31244,OR4D2,0
18248,31244,OR4D5,0
18249,31244,OR4D6,0
18250,31244,OR4D9,0
18251,31244,OR4E2,0
18252,31244,OR4F15,0
18253,31244,OR4F17_OR4F11P_OR4F18_OR4F19,0
18254,31244,OR4F21_OR4F21P,0
18255,31244,OR4F3,0
18256,31244,OR4F4,0
18257,31244,OR4F6_OR4F12,0
18258,31244,OR4K1,0
18259,31244,OR4K13,0
18260,31244,OR4K15,0
18261,31244,OR4K17,0
18262,31244,OR4K2,0
18263,31244,OR4L1_OR4L2P,0
18264,31244,OR4M1,0
18265,31244,OR4N2,0
18266,31244,OR4N4,0
18267,31244,OR4P4_OR4P3P,0
18268,31244,OR4Q3_OR4Q4,0
18269,31244,OR4S1,0
18270,31244,OR4S2_OR4S2P,0
18271,31244,OR4X1,0
18272,31244,OR4X2,0
18273,31244,OR51A2,0
18274,31244,OR51A4,0
18275,31244,OR51A7,0
18276,31244,OR51B2_OR51B1P,0
18277,31244,OR51B4,0
18278,31244,OR51B5,0
18279,31244,OR51B6,0
18280,31244,OR51D1,0
18281,31244,OR51E1_OR51E1P_OR52A3P,0
18282,31244,OR51E2,0
18283,31244,OR51F1_OR51F1P,0
18284,31244,OR51F2,0
18285,31244,OR51G1_OR51G3P,0
18286,31244,OR51G2,0
18287,31244,OR51I1,0
18288,31244,OR51I2,0
18289,31244,OR51J1_OR51J1P_OR51J2,0
18290,31244,OR51L1,0
18291,31244,OR51M1,0
18292,31244,OR51Q1,0
18293,31244,OR51S1,0
18294,31244,OR51T1,0
18295,31244,OR51V1_OR51A12,0
18296,31244,OR52A1,0
18297,31244,OR52A4P_OR52A4,0
18298,31244,OR52A5,0
18299,31244,OR52B2,0
18300,31244,OR52B4,0
18301,31244,OR52B6,0
18302,31244,OR52D1,1
18303,31244,OR52E2,0
18304,31244,OR52E4,0
18305,31244,OR52E6,0
18306,31244,OR52E8,0
18307,31244,OR52H1,0
18308,31244,OR52I1,0
18309,31244,OR52I2,0
18310,31244,OR52J3,0
18311,31244,OR52K1,0
18312,31244,OR52K2,0
18313,31244,OR52L1,0
18314,31244,OR52M1_OR52M1P,0
18315,31244,OR52N1,0
18316,31244,OR52N2,0
18317,31244,OR52N5,0
18318,31244,OR52R1,0
18319,31244,OR52W1_OR52W1P,0
18320,31244,OR56A1,0
18321,31244,OR56A3_OR56A3P_OR56A6,0
18322,31244,OR56A4,0
18323,31244,OR56B1_OR56B1P,0
18324,31244,OR56B4,0
18325,31244,OR5A1_OR5A1P,0
18326,31244,OR5A2,0
18327,31244,OR5AC2,0
18328,31244,OR5AK2,0
18329,31244,OR5AN1,0
18330,31244,OR5AP2,0
18331,31244,OR5AR1,0
18332,31244,OR5AS1,0
18333,31244,OR5AU1,0
18334,31244,OR5B12_OR5B12P_OR5B16,0
18335,31244,OR5B17_OR5B20P,0
18336,31244,OR5B2,0
18337,31244,OR5B21,0
18338,31244,OR5B3_OR5B13,0
18339,31244,OR5C1_OR5C2P,0
18340,31244,OR5D13,0
18341,31244,OR5D14,0
18342,31244,OR5D16,0
18343,31244,OR5D18,0
18344,31244,OR5F1,0
18345,31244,OR5H1,0
18346,31244,OR5H14,0
18347,31244,OR5H2,0
18348,31244,OR5H6,0
18349,31244,OR5I1,0
18350,31244,OR5J2,0
18351,31244,OR5K1,1
18352,31244,OR5K1,1
18353,31244,OR5K2,0
18354,31244,OR5K3,0
18355,31244,OR5K4,0
18356,31244,OR5L1,0
18357,31244,OR5M1,0
18358,31244,OR5M10,0
18359,31244,OR5M11,0
18360,31244,OR5M3,0
18361,31244,OR5M8,0
18362,31244,OR5M9,0
18363,31244,OR5P2,0
18364,31244,OR5P3,1
18365,31244,OR5P3,1
18366,31244,OR5T1_OR5T1P,0
18367,31244,OR5T2,0
18368,31244,OR5T3,0
18369,31244,OR5V1,0
18370,31244,OR5W2_OR5W2P_OR5W3P,0
18371,31244,OR6A2_OR6A1_OR6A2P,0
18372,31244,OR6B1,0
18373,31244,OR6B2_OR6B2P,0
18374,31244,OR6B3_OR6B3P,0
18375,31244,OR6C1,0
18376,31244,OR6C2,0
18377,31244,OR6C3,0
18378,31244,OR6C4,0
18379,31244,OR6C6,0
18380,31244,OR6C65,0
18381,31244,OR6C68,0
18382,31244,OR6C70,0
18383,31244,OR6C74,0
18384,31244,OR6C75,0
18385,31244,OR6C76,0
18386,31244,OR6F1,0
18387,31244,OR6J1_OR6J2,0
18388,31244,OR6K2,0
18389,31244,OR6K3,0
18390,31244,OR6K6,0
18391,31244,OR6M1,0
18392,31244,OR6N1,0
18393,31244,OR6N2,0
18394,31244,OR6P1,1
18395,31244,OR6Q1,0
18396,31244,OR6S1,0
18397,31244,OR6T1,0
18398,31244,OR6V1,0
18399,31244,OR6X1,0
18400,31244,OR6Y1_OR6Y2,0
18401,31244,OR7A10,0
18402,31244,OR7A17,0
18403,31244,OR7A5,0
18404,31244,OR7C1_OR7C4,0
18405,31244,OR7D2,0
18406,31244,OR7D4_OR7D4P,0
18407,31244,OR7E24_OR7E24P,0
18408,31244,OR7G2,0
18409,31244,OR7G3,0
18410,31244,OR8A1,0
18411,31244,OR8B12,0
18412,31244,OR8B2,0
18413,31244,OR8B3,1
18414,31244,OR8B3,1
18415,31244,OR8B4_OR8B4P,0
18416,31244,OR8B8,0
18417,31244,OR8D1_OR8D3,0
18418,31244,OR8D2,0
18419,31244,OR8D4,0
18420,31244,OR8G1_OR8G1P,0
18421,31244,OR8G5_OR8G5P_OR8G6,0
18422,31244,OR8H1,0
18423,31244,OR8H2,0
18424,31244,OR8H3,0
18425,31244,OR8I2,0
18426,31244,OR8J1,0
18427,31244,OR8J3,0
18428,31244,OR8K1,0
18429,31244,OR8K3,0
18430,31244,OR8K5,0
18431,31244,OR8U1,0
18432,31244,OR8U3_OR5R1_OR5R1P,0
18433,31244,OR8U8,0
18434,31244,OR8U9,0
18435,31244,OR9A2,0
18436,31244,OR9A4,0
18437,31244,OR9G4,0
18438,31244,OR9G9,0
18439,31244,OR9I1,0
18440,31244,OR9K2,0
18441,31244,OR9Q1,0
18442,31244,OR9Q2_OR9Q2P,0
18443,31245,OR1A1,0
18444,31245,OR1A2,0
18445,31251,OR1G1_OR1G2,1
18446,31251,OR52D1,0
18447,31252,OR10S1,0
18448,31252,OR2A1,0
18449,31252,OR2A7,0
18450,31252,OR2L13_OR2L14,0
18451,31252,OR2T4,0
18452,31252,OR2W3_OR2W3P_OR2W8P,0
18453,31252,OR51B5,0
18454,31252,OR5K1,1
18455,31252,OR5K2,0
18456,31252,OR5K3,0
18457,31252,OR5K4,0
18458,31253,OR1A1,0
18459,31253,OR2M3_OR2M3P_OR2M6,0
18460,31253,OR2W1,1
18461,31253,OR2W1,1
18462,31253,OR2W1,1
18463,31253,OR5K1,0
18464,31253,OR5M3,0
18465,31253,OR8D1_OR8D3,0
18466,31260,OR1A1,0
18467,31260,OR2M3_OR2M3P_OR2M6,0
18468,31260,OR2W1,0
18469,31260,OR5K1,0
18470,31260,OR5M3,0
18471,31260,OR8D1_OR8D3,0
18472,31265,OR1A1,1
18473,31265,OR1G1_OR1G2,0
18474,31265,OR2M3_OR2M3P_OR2M6,0
18475,31265,OR2W1,1
18476,31265,OR2W1,1
18477,31265,OR2W1,1
18478,31265,OR52D1,1
18479,31265,OR5K1,0
18480,31265,OR5M3,0
18481,31265,OR8D1_OR8D3,0
18482,31268,OR1A1,0
18483,31268,OR1A2,0
18484,31272,OR10A2_OR10A2P,0
18485,31272,OR10A3,0
18486,31272,OR10A4_OR10A4P,0
18487,31272,OR10A5_OR10A1,0
18488,31272,OR10A6,0
18489,31272,OR10A7,0
18490,31272,OR10AD1_OR10AD1P,0
18491,31272,OR10AG1,0
18492,31272,OR10C1_OR10C2,0
18493,31272,OR10D3,0
18494,31272,OR10G3,0
18495,31272,OR10G4,0
18496,31272,OR10G6_OR10G6P,0
18497,31272,OR10G7,0
18498,31272,OR10G8,0
18499,31272,OR10G9_OR10G10P,0
18500,31272,OR10H1,0
18501,31272,OR10H2,0
18502,31272,OR10H3,0
18503,31272,OR10H4,0
18504,31272,OR10H5,0
18505,31272,OR10J1,0
18506,31272,OR10J3_OR10J3P,0
18507,31272,OR10J5,0
18508,31272,OR10K1,0
18509,31272,OR10K2,0
18510,31272,OR10P1_OR10P1P_OR10P2P_OR10P3P,0
18511,31272,OR10Q1,0
18512,31272,OR10R2,0
18513,31272,OR10T2,0
18514,31272,OR10V1,0
18515,31272,OR10W1_OR10W1P,0
18516,31272,OR10X1_OR10X1P,0
18517,31272,OR10Z1,0
18518,31272,OR11A1_OR11A2,0
18519,31272,OR11G2,0
18520,31272,OR11H1,0
18521,31272,OR11H12,0
18522,31272,OR11H2_OR11H2P,0
18523,31272,OR11H4,0
18524,31272,OR11H6,0
18525,31272,OR11L1,0
18526,31272,OR12D2,0
18527,31272,OR12D3,0
18528,31272,OR13A1,0
18529,31272,OR13C2,0
18530,31272,OR13C3,0
18531,31272,OR13C4,0
18532,31272,OR13C5,0
18533,31272,OR13C8,0
18534,31272,OR13C9,0
18535,31272,OR13D1,0
18536,31272,OR13F1,0
18537,31272,OR13G1,0
18538,31272,OR13H1,0
18539,31272,OR13J1,0
18540,31272,OR14A2_OR5AX1_OR5AX1P,0
18541,31272,OR14C36_OR5BF1,0
18542,31272,OR14I1_OR5BU1_OR5BU1P,0
18543,31272,OR14J1_OR5U1,0
18544,31272,OR14K1_OR5AY1,0
18545,31272,OR14L1_OR14L1P_OR5AV1P,0
18546,31272,OR1A1,1
18547,31272,OR1A2,0
18548,31272,OR1C1,0
18549,31272,OR1D2,0
18550,31272,OR1D5,0
18551,31272,OR1E1_OR1E5_OR1E6_OR1E9P,0
18552,31272,OR1E2_OR1E4,0
18553,31272,OR1F1,0
18554,31272,OR1F12P_OR1F12,0
18555,31272,OR1G1_OR1G2,0
18556,31272,OR1I1,0
18557,31272,OR1J1,0
18558,31272,OR1J2_OR1J3_OR1J5,0
18559,31272,OR1J4,0
18560,31272,OR1K1,0
18561,31272,OR1L1_OR1L2,0
18562,31272,OR1L3,0
18563,31272,OR1L4_OR1L5,0
18564,31272,OR1L6_OR1L7,0
18565,31272,OR1L8,0
18566,31272,OR1M1,0
18567,31272,OR1N1_OR1N3,0
18568,31272,OR1N2,0
18569,31272,OR1Q1_OR1Q2_OR1Q3,0
18570,31272,OR1S1,1
18571,31272,OR1S2,0
18572,31272,OR2A1,0
18573,31272,OR2A12_OR2A12P,0
18574,31272,OR2A14,0
18575,31272,OR2A14_OR2A14P_OR2A6,0
18576,31272,OR2A25_OR2A25P_OR2A27,0
18577,31272,OR2A2_OR2A17P_OR2A2P,0
18578,31272,OR2A4_OR2A10,0
18579,31272,OR2A5_OR2A26_OR2A8,0
18580,31272,OR2A7,0
18581,31272,OR2AE1_OR2AE2,0
18582,31272,OR2AG1_OR2AG3,0
18583,31272,OR2AG2_OR2AG2P,0
18584,31272,OR2AJ1_OR2AJ1P,0
18585,31272,OR2AK2_OR2AK1P,0
18586,31272,OR2AP1_OR2AP1P,0
18587,31272,OR2AT4,0
18588,31272,OR2B11,0
18589,31272,OR2B2_OR2B9,0
18590,31272,OR2B3_OR2B3P,0
18591,31272,OR2B6,0
18592,31272,OR2B8P_OR2B8,0
18593,31272,OR2C1,0
18594,31272,OR2C3_OR2C4_OR2C5P,1
18595,31272,OR2D2_OR2D1,0
18596,31272,OR2D3,0
18597,31272,OR2F1_OR2F3_OR2F3P_OR2F4_OR2F5,0
18598,31272,OR2F2,0
18599,31272,OR2G2,0
18600,31272,OR2G3,0
18601,31272,OR2G6,0
18602,31272,OR2H1_OR2H6_OR2H8,0
18603,31272,OR2H2_OR2H3,0
18604,31272,OR2J1_OR2J1P,0
18605,31272,OR2J2,0
18606,31272,OR2J3,0
18607,31272,OR2K2_OR2AR1P,0
18608,31272,OR2L13_OR2L14,0
18609,31272,OR2L2_OR2L12_OR2L4P,0
18610,31272,OR2L3,0
18611,31272,OR2L5_OR2L11,0
18612,31272,OR2L8,0
18613,31272,OR2M2,0
18614,31272,OR2M3_OR2M3P_OR2M6,0
18615,31272,OR2M4,0
18616,31272,OR2M5,0
18617,31272,OR2M7,0
18618,31272,OR2S2,0
18619,31272,OR2T1,0
18620,31272,OR2T10,0
18621,31272,OR2T11,0
18622,31272,OR2T29,0
18623,31272,OR2T2_OR2T2P,0
18624,31272,OR2T3,0
18625,31272,OR2T33,0
18626,31272,OR2T34,0
18627,31272,OR2T35,0
18628,31272,OR2T4,0
18629,31272,OR2T5,0
18630,31272,OR2T6_OR2T6P_OR2T9,0
18631,31272,OR2T8_OR2T8P,0
18632,31272,OR2V1,0
18633,31272,OR2V2_OR2V3,0
18634,31272,OR2W1,1
18635,31272,OR2W1,1
18636,31272,OR2W1,1
18637,31272,OR2W3_OR2W3P_OR2W8P,0
18638,31272,OR2W5P_OR2W5,0
18639,31272,OR2Y1,0
18640,31272,OR2Z1_OR2Z2,0
18641,31272,OR3A1,0
18642,31272,OR3A2,0
18643,31272,OR3A3_OR3A6_OR3A7_OR3A8P,0
18644,31272,OR3A4P_OR3A4_OR3A5P,0
18645,31272,OR4A15,0
18646,31272,OR4A16,0
18647,31272,OR4A47,0
18648,31272,OR4A4P,0
18649,31272,OR4A5,0
18650,31272,OR4B1,0
18651,31272,OR4C11_OR4C11P,0
18652,31272,OR4C12,0
18653,31272,OR4C15,0
18654,31272,OR4C16,0
18655,31272,OR4C3,0
18656,31272,OR4C46,0
18657,31272,OR4C5,0
18658,31272,OR4C6,0
18659,31272,OR4D10_OR4D10P,0
18660,31272,OR4D1_OR4D3,0
18661,31272,OR4D2,0
18662,31272,OR4D5,0
18663,31272,OR4D6,0
18664,31272,OR4D9,0
18665,31272,OR4E2,0
18666,31272,OR4F14,0
18667,31272,OR4F15,0
18668,31272,OR4F17_OR4F11P_OR4F18_OR4F19,0
18669,31272,OR4F21_OR4F21P,0
18670,31272,OR4F3,0
18671,31272,OR4F4,0
18672,31272,OR4F6_OR4F12,0
18673,31272,OR4K1,0
18674,31272,OR4K13,0
18675,31272,OR4K15,0
18676,31272,OR4K17,0
18677,31272,OR4K2,0
18678,31272,OR4K3_OR4K3P,0
18679,31272,OR4K5,0
18680,31272,OR4L1_OR4L2P,0
18681,31272,OR4M1,0
18682,31272,OR4M2B,0
18683,31272,OR4N2,0
18684,31272,OR4N4,0
18685,31272,OR4P4_OR4P3P,0
18686,31272,OR4Q3_OR4Q4,0
18687,31272,OR4S1,0
18688,31272,OR4S2_OR4S2P,0
18689,31272,OR4X1,0
18690,31272,OR4X2,0
18691,31272,OR51A2,0
18692,31272,OR51A4,0
18693,31272,OR51B2_OR51B1P,0
18694,31272,OR51B4,1
18695,31272,OR51B5,0
18696,31272,OR51B6,0
18697,31272,OR51D1,0
18698,31272,OR51E1_OR51E1P_OR52A3P,0
18699,31272,OR51E2,0
18700,31272,OR51F1_OR51F1P,0
18701,31272,OR51F2,0
18702,31272,OR51G1_OR51G3P,0
18703,31272,OR51G2,0
18704,31272,OR51H1_OR51H1P,0
18705,31272,OR51I1,0
18706,31272,OR51I2,0
18707,31272,OR51J1_OR51J1P_OR51J2,0
18708,31272,OR51L1,0
18709,31272,OR51M1,0
18710,31272,OR51Q1,0
18711,31272,OR51S1,1
18712,31272,OR51T1,0
18713,31272,OR51V1_OR51A12,0
18714,31272,OR52A1,0
18715,31272,OR52A4P_OR52A4,0
18716,31272,OR52A5,0
18717,31272,OR52B2,0
18718,31272,OR52B4,0
18719,31272,OR52B6,0
18720,31272,OR52D1,0
18721,31272,OR52E2,0
18722,31272,OR52E4,0
18723,31272,OR52E5,0
18724,31272,OR52E6,0
18725,31272,OR52E8,0
18726,31272,OR52H1,0
18727,31272,OR52I2,0
18728,31272,OR52J3,0
18729,31272,OR52K1,0
18730,31272,OR52K2,0
18731,31272,OR52L1,0
18732,31272,OR52L2P_OR52L2,0
18733,31272,OR52M1_OR52M1P,0
18734,31272,OR52N1,0
18735,31272,OR52N2,0
18736,31272,OR52N4,0
18737,31272,OR52N5,0
18738,31272,OR52P1_OR52P1P,0
18739,31272,OR52R1,0
18740,31272,OR52W1_OR52W1P,0
18741,31272,OR56A1,0
18742,31272,OR56A3_OR56A3P_OR56A6,0
18743,31272,OR56A4,0
18744,31272,OR56A5_OR56A5P,0
18745,31272,OR56B1_OR56B1P,0
18746,31272,OR56B4,0
18747,31272,OR5A1_OR5A1P,0
18748,31272,OR5A2,0
18749,31272,OR5AC2,0
18750,31272,OR5AK2,0
18751,31272,OR5AK3P_OR5AK3,0
18752,31272,OR5AL1_OR5AL1P,0
18753,31272,OR5AN1,0
18754,31272,OR5AP2,0
18755,31272,OR5AR1,0
18756,31272,OR5AS1,0
18757,31272,OR5AU1,0
18758,31272,OR5B12_OR5B12P_OR5B16,0
18759,31272,OR5B17_OR5B20P,0
18760,31272,OR5B2,0
18761,31272,OR5B21,0
18762,31272,OR5B3_OR5B13,0
18763,31272,OR5C1_OR5C2P,0
18764,31272,OR5D13,0
18765,31272,OR5D14,0
18766,31272,OR5D16,0
18767,31272,OR5D18,0
18768,31272,OR5F1,0
18769,31272,OR5H1,0
18770,31272,OR5H14,0
18771,31272,OR5H2,0
18772,31272,OR5H6,0
18773,31272,OR5I1,0
18774,31272,OR5J2,0
18775,31272,OR5K1,0
18776,31272,OR5K2,0
18777,31272,OR5K3,0
18778,31272,OR5K4,0
18779,31272,OR5L1,0
18780,31272,OR5M1,0
18781,31272,OR5M10,0
18782,31272,OR5M11,0
18783,31272,OR5M3,0
18784,31272,OR5M8,0
18785,31272,OR5M9,0
18786,31272,OR5P2,0
18787,31272,OR5P3,0
18788,31272,OR5T1_OR5T1P,0
18789,31272,OR5T2,0
18790,31272,OR5T3,0
18791,31272,OR5V1,0
18792,31272,OR5W2_OR5W2P_OR5W3P,0
18793,31272,OR6A2_OR6A1_OR6A2P,0
18794,31272,OR6B1,0
18795,31272,OR6B2_OR6B2P,0
18796,31272,OR6B3_OR6B3P,0
18797,31272,OR6C1,0
18798,31272,OR6C2,0
18799,31272,OR6C3,0
18800,31272,OR6C4,0
18801,31272,OR6C6,0
18802,31272,OR6C65,0
18803,31272,OR6C68,0
18804,31272,OR6C70,0
18805,31272,OR6C74,0
18806,31272,OR6C75,0
18807,31272,OR6C76,0
18808,31272,OR6F1,0
18809,31272,OR6J1_OR6J2,0
18810,31272,OR6K2,0
18811,31272,OR6K3,0
18812,31272,OR6K6,0
18813,31272,OR6M1,0
18814,31272,OR6N1,0
18815,31272,OR6N2,0
18816,31272,OR6P1,0
18817,31272,OR6Q1,0
18818,31272,OR6S1,0
18819,31272,OR6T1,0
18820,31272,OR6V1,0
18821,31272,OR6X1,0
18822,31272,OR6Y1_OR6Y2,0
18823,31272,OR7A10,0
18824,31272,OR7A17,0
18825,31272,OR7A5,0
18826,31272,OR7C1_OR7C4,0
18827,31272,OR7D2,0
18828,31272,OR7D4_OR7D4P,0
18829,31272,OR7E24_OR7E24P,0
18830,31272,OR7G2,0
18831,31272,OR7G3,0
18832,31272,OR8A1,0
18833,31272,OR8B12,0
18834,31272,OR8B2,0
18835,31272,OR8B3,0
18836,31272,OR8B4_OR8B4P,0
18837,31272,OR8B8,0
18838,31272,OR8D1_OR8D3,0
18839,31272,OR8D2,0
18840,31272,OR8D4,0
18841,31272,OR8G1_OR8G1P,0
18842,31272,OR8G5_OR8G5P_OR8G6,0
18843,31272,OR8H1,0
18844,31272,OR8H2,0
18845,31272,OR8H3,0
18846,31272,OR8I2,0
18847,31272,OR8J1,0
18848,31272,OR8J3,0
18849,31272,OR8K1,0
18850,31272,OR8K3,0
18851,31272,OR8K5,0
18852,31272,OR8S1,0
18853,31272,OR8U1,0
18854,31272,OR8U3_OR5R1_OR5R1P,0
18855,31272,OR8U8,0
18856,31272,OR8U9,0
18857,31272,OR9A2,0
18858,31272,OR9A4,0
18859,31272,OR9G4,0
18860,31272,OR9G9,0
18861,31272,OR9I1,0
18862,31272,OR9K2,0
18863,31272,OR9Q1,0
18864,31272,OR9Q2,0
18865,31272,OR9Q2_OR9Q2P,0
18866,31276,OR1A1,0
18867,31276,OR1A2,0
18868,31276,OR1G1_OR1G2,1
18869,31276,OR2M3_OR2M3P_OR2M6,0
18870,31276,OR2W1,1
18871,31276,OR2W1,1
18872,31276,OR2W1,1
18873,31276,OR2W1,1
18874,31276,OR52D1,1
18875,31276,OR5K1,0
18876,31276,OR5M3,0
18877,31276,OR8D1_OR8D3,0
18878,31283,OR10S1,0
18879,31283,OR2A1,0
18880,31283,OR2A7,0
18881,31283,OR2L13_OR2L14,0
18882,31283,OR2T4,0
18883,31283,OR2W3_OR2W3P_OR2W8P,0
18884,31283,OR51B5,0
18885,31284,OR10S1,0
18886,31284,OR2A1,0
18887,31284,OR2A7,0
18888,31284,OR2L13_OR2L14,0
18889,31284,OR2T4,0
18890,31284,OR2W3_OR2W3P_OR2W8P,0
18891,31284,OR51B5,0
18892,31289,OR10G8,1
18893,31289,OR10J5,0
18894,31289,OR10S1,1
18895,31289,OR10S1,1
18896,31289,OR10S1,1
18897,31289,OR10S1,1
18898,31289,OR10S1,1
18899,31289,OR10S1,1
18900,31289,OR10S1,1
18901,31289,OR1A1,1
18902,31289,OR1A2,1
18903,31289,OR1D2,1
18904,31289,OR1G1_OR1G2,1
18905,31289,OR2A1,0
18906,31289,OR2A7,0
18907,31289,OR2C1,0
18908,31289,OR2J2,0
18909,31289,OR2L13_OR2L14,0
18910,31289,OR2M3_OR2M3P_OR2M6,0
18911,31289,OR2M7,0
18912,31289,OR2T4,0
18913,31289,OR2W1,1
18914,31289,OR2W1,1
18915,31289,OR2W1,1
18916,31289,OR2W1,1
18917,31289,OR2W1,1
18918,31289,OR2W3_OR2W3P_OR2W8P,0
18919,31289,OR51A4,0
18920,31289,OR51B5,0
18921,31289,OR51E1_OR51E1P_OR52A3P,0
18922,31289,OR51E2,0
18923,31289,OR51L1,0
18924,31289,OR52A1,1
18925,31289,OR52B2,0
18926,31289,OR52D1,0
18927,31289,OR5K1,0
18928,31289,OR5M3,0
18929,31289,OR5P3,0
18930,31289,OR7D4_OR7D4P,0
18931,31289,OR8D1_OR8D3,0
18932,31358,OR10A7,0
18933,32065,OR5K1,1
18934,32065,OR5K2,0
18935,32065,OR5K3,0
18936,32065,OR5K4,0
18937,32093,OR5K1,1
18938,32093,OR5K2,0
18939,32093,OR5K3,0
18940,32093,OR5K4,0
18941,32594,OR1A1,0
18942,32594,OR1A2,0
18943,32594,OR1G1_OR1G2,0
18944,32594,OR2M3_OR2M3P_OR2M6,0
18945,32594,OR2W1,0
18946,32594,OR52D1,1
18947,32594,OR5K1,1
18948,32594,OR5K2,0
18949,32594,OR5K3,0
18950,32594,OR5K4,0
18951,32594,OR5M3,0
18952,32594,OR8D1_OR8D3,0
18953,33135,OR5K1,1
18954,33135,OR5K2,0
18955,33135,OR5K3,0
18956,33135,OR5K4,0
18957,33166,OR1A1,0
18958,33166,OR1A2,0
18959,33166,OR2M3_OR2M3P_OR2M6,0
18960,33166,OR2W1,0
18961,33166,OR5K1,1
18962,33166,OR5K2,0
18963,33166,OR5K3,0
18964,33166,OR5K4,0
18965,33166,OR5M3,0
18966,33166,OR8D1_OR8D3,0
18967,33931,OR10A2_OR10A2P,0
18968,33931,OR10A3,0
18969,33931,OR10A4_OR10A4P,0
18970,33931,OR10A5_OR10A1,0
18971,33931,OR10A6,0
18972,33931,OR10A7,0
18973,33931,OR10AD1_OR10AD1P,0
18974,33931,OR10AG1,0
18975,33931,OR10C1_OR10C2,0
18976,33931,OR10D3,0
18977,33931,OR10G3,0
18978,33931,OR10G4,0
18979,33931,OR10G6_OR10G6P,0
18980,33931,OR10G7,0
18981,33931,OR10G8,0
18982,33931,OR10G9_OR10G10P,0
18983,33931,OR10H1,0
18984,33931,OR10H2,0
18985,33931,OR10H3,0
18986,33931,OR10H4,0
18987,33931,OR10H5,0
18988,33931,OR10J1,0
18989,33931,OR10J3_OR10J3P,0
18990,33931,OR10J5,0
18991,33931,OR10K1,0
18992,33931,OR10P1_OR10P1P_OR10P2P_OR10P3P,0
18993,33931,OR10Q1,0
18994,33931,OR10R2,0
18995,33931,OR10S1,0
18996,33931,OR10T2,0
18997,33931,OR10V1,0
18998,33931,OR10W1_OR10W1P,0
18999,33931,OR10X1_OR10X1P,0
19000,33931,OR10Z1,0
19001,33931,OR11A1_OR11A2,0
19002,33931,OR11G2,0
19003,33931,OR11H1,0
19004,33931,OR11H12,0
19005,33931,OR11H2_OR11H2P,0
19006,33931,OR11H4,0
19007,33931,OR11H6,0
19008,33931,OR11L1,0
19009,33931,OR12D2,0
19010,33931,OR12D3,0
19011,33931,OR13A1,0
19012,33931,OR13C2,0
19013,33931,OR13C3,0
19014,33931,OR13C4,0
19015,33931,OR13C5,0
19016,33931,OR13C8,0
19017,33931,OR13C9,0
19018,33931,OR13D1,0
19019,33931,OR13F1,0
19020,33931,OR13G1,0
19021,33931,OR13H1,0
19022,33931,OR13J1,0
19023,33931,OR14A2_OR5AX1_OR5AX1P,0
19024,33931,OR14C36_OR5BF1,0
19025,33931,OR14I1_OR5BU1_OR5BU1P,0
19026,33931,OR14J1_OR5U1,0
19027,33931,OR14K1_OR5AY1,0
19028,33931,OR1A1,0
19029,33931,OR1A2,0
19030,33931,OR1C1,0
19031,33931,OR1D2,0
19032,33931,OR1D5,0
19033,33931,OR1E1_OR1E5_OR1E6_OR1E9P,0
19034,33931,OR1E2_OR1E4,0
19035,33931,OR1F1,0
19036,33931,OR1F12P_OR1F12,0
19037,33931,OR1G1_OR1G2,0
19038,33931,OR1I1,0
19039,33931,OR1J1,0
19040,33931,OR1J2_OR1J3_OR1J5,0
19041,33931,OR1J4,0
19042,33931,OR1K1,0
19043,33931,OR1L1_OR1L2,0
19044,33931,OR1L3,0
19045,33931,OR1L4_OR1L5,0
19046,33931,OR1L6_OR1L7,0
19047,33931,OR1L8,0
19048,33931,OR1M1,0
19049,33931,OR1N1_OR1N3,0
19050,33931,OR1N2,0
19051,33931,OR1Q1_OR1Q2_OR1Q3,0
19052,33931,OR1S1,0
19053,33931,OR1S2,0
19054,33931,OR2A1,0
19055,33931,OR2A12_OR2A12P,0
19056,33931,OR2A14_OR2A14P_OR2A6,0
19057,33931,OR2A25_OR2A25P_OR2A27,0
19058,33931,OR2A2_OR2A17P_OR2A2P,0
19059,33931,OR2A4_OR2A10,0
19060,33931,OR2A5_OR2A26_OR2A8,0
19061,33931,OR2A7,0
19062,33931,OR2AE1_OR2AE2,0
19063,33931,OR2AG1_OR2AG3,0
19064,33931,OR2AG2_OR2AG2P,0
19065,33931,OR2AJ1_OR2AJ1P,0
19066,33931,OR2AK2_OR2AK1P,0
19067,33931,OR2AP1_OR2AP1P,0
19068,33931,OR2AT4,0
19069,33931,OR2B11,0
19070,33931,OR2B2_OR2B9,0
19071,33931,OR2B3_OR2B3P,0
19072,33931,OR2B6,0
19073,33931,OR2C1,0
19074,33931,OR2C3_OR2C4_OR2C5P,0
19075,33931,OR2D2_OR2D1,0
19076,33931,OR2D3,0
19077,33931,OR2F1_OR2F3_OR2F3P_OR2F4_OR2F5,0
19078,33931,OR2F2,0
19079,33931,OR2G2,0
19080,33931,OR2G3,0
19081,33931,OR2G6,0
19082,33931,OR2H1_OR2H6_OR2H8,0
19083,33931,OR2H2_OR2H3,0
19084,33931,OR2J1_OR2J1P,0
19085,33931,OR2J2,0
19086,33931,OR2J3,0
19087,33931,OR2K2_OR2AR1P,0
19088,33931,OR2L13_OR2L14,0
19089,33931,OR2L2_OR2L12_OR2L4P,0
19090,33931,OR2L3,0
19091,33931,OR2L5_OR2L11,0
19092,33931,OR2L8,0
19093,33931,OR2M2,0
19094,33931,OR2M3_OR2M3P_OR2M6,0
19095,33931,OR2M4,0
19096,33931,OR2M7,0
19097,33931,OR2S2,0
19098,33931,OR2T1,0
19099,33931,OR2T10,0
19100,33931,OR2T11,0
19101,33931,OR2T29,0
19102,33931,OR2T2_OR2T2P,0
19103,33931,OR2T3,0
19104,33931,OR2T33,0
19105,33931,OR2T34,0
19106,33931,OR2T35,0
19107,33931,OR2T4,0
19108,33931,OR2T5,0
19109,33931,OR2T6_OR2T6P_OR2T9,0
19110,33931,OR2T8_OR2T8P,0
19111,33931,OR2V1,0
19112,33931,OR2V2_OR2V3,0
19113,33931,OR2W1,0
19114,33931,OR2W3_OR2W3P_OR2W8P,0
19115,33931,OR2W5P_OR2W5,0
19116,33931,OR2Y1,0
19117,33931,OR2Z1_OR2Z2,0
19118,33931,OR3A1,0
19119,33931,OR3A2,0
19120,33931,OR3A3_OR3A6_OR3A7_OR3A8P,0
19121,33931,OR4A15,0
19122,33931,OR4A16,0
19123,33931,OR4A47,0
19124,33931,OR4A5,0
19125,33931,OR4B1,0
19126,33931,OR4C11_OR4C11P,0
19127,33931,OR4C12,0
19128,33931,OR4C15,0
19129,33931,OR4C16,0
19130,33931,OR4C3,0
19131,33931,OR4C46,0
19132,33931,OR4C5,0
19133,33931,OR4C6,0
19134,33931,OR4D10_OR4D10P,0
19135,33931,OR4D1_OR4D3,0
19136,33931,OR4D2,0
19137,33931,OR4D5,0
19138,33931,OR4D6,0
19139,33931,OR4D9,0
19140,33931,OR4E2,0
19141,33931,OR4F15,0
19142,33931,OR4F17_OR4F11P_OR4F18_OR4F19,0
19143,33931,OR4F21_OR4F21P,0
19144,33931,OR4F3,0
19145,33931,OR4F4,0
19146,33931,OR4F6_OR4F12,0
19147,33931,OR4K1,0
19148,33931,OR4K13,0
19149,33931,OR4K15,0
19150,33931,OR4K17,0
19151,33931,OR4K2,0
19152,33931,OR4K5,0
19153,33931,OR4L1_OR4L2P,0
19154,33931,OR4M1,0
19155,33931,OR4N2,0
19156,33931,OR4N4,0
19157,33931,OR4P4_OR4P3P,0
19158,33931,OR4Q3_OR4Q4,0
19159,33931,OR4S1,0
19160,33931,OR4S2_OR4S2P,0
19161,33931,OR4X1,0
19162,33931,OR4X2,0
19163,33931,OR51A2,0
19164,33931,OR51A4,0
19165,33931,OR51A7,0
19166,33931,OR51B2_OR51B1P,0
19167,33931,OR51B4,0
19168,33931,OR51B5,0
19169,33931,OR51B6,0
19170,33931,OR51D1,0
19171,33931,OR51E1_OR51E1P_OR52A3P,0
19172,33931,OR51E2,0
19173,33931,OR51F1_OR51F1P,0
19174,33931,OR51F2,0
19175,33931,OR51G1_OR51G3P,0
19176,33931,OR51G2,0
19177,33931,OR51I1,0
19178,33931,OR51I2,0
19179,33931,OR51J1_OR51J1P_OR51J2,0
19180,33931,OR51L1,0
19181,33931,OR51M1,0
19182,33931,OR51Q1,0
19183,33931,OR51S1,0
19184,33931,OR51T1,0
19185,33931,OR51V1_OR51A12,0
19186,33931,OR52A1,0
19187,33931,OR52A5,0
19188,33931,OR52B2,0
19189,33931,OR52B4,0
19190,33931,OR52B6,0
19191,33931,OR52D1,0
19192,33931,OR52E2,0
19193,33931,OR52E4,0
19194,33931,OR52E5,0
19195,33931,OR52E6,0
19196,33931,OR52E8,0
19197,33931,OR52H1,0
19198,33931,OR52I1,0
19199,33931,OR52I2,0
19200,33931,OR52J3,0
19201,33931,OR52K1,0
19202,33931,OR52K2,0
19203,33931,OR52L1,0
19204,33931,OR52M1_OR52M1P,0
19205,33931,OR52N1,0
19206,33931,OR52N2,0
19207,33931,OR52N4,0
19208,33931,OR52N5,0
19209,33931,OR52R1,0
19210,33931,OR52W1_OR52W1P,0
19211,33931,OR56A1,0
19212,33931,OR56A3_OR56A3P_OR56A6,0
19213,33931,OR56A4,0
19214,33931,OR56A5_OR56A5P,0
19215,33931,OR56B1_OR56B1P,0
19216,33931,OR56B4,0
19217,33931,OR5A1_OR5A1P,0
19218,33931,OR5A2,0
19219,33931,OR5AC2,0
19220,33931,OR5AK2,0
19221,33931,OR5AN1,0
19222,33931,OR5AP2,0
19223,33931,OR5AR1,0
19224,33931,OR5AS1,0
19225,33931,OR5AU1,0
19226,33931,OR5B12_OR5B12P_OR5B16,0
19227,33931,OR5B17_OR5B20P,0
19228,33931,OR5B2,0
19229,33931,OR5B21,0
19230,33931,OR5B3_OR5B13,0
19231,33931,OR5C1_OR5C2P,0
19232,33931,OR5D13,0
19233,33931,OR5D14,0
19234,33931,OR5D16,0
19235,33931,OR5D18,0
19236,33931,OR5F1,0
19237,33931,OR5H1,0
19238,33931,OR5H14,0
19239,33931,OR5H2,0
19240,33931,OR5H6,0
19241,33931,OR5I1,0
19242,33931,OR5J2,0
19243,33931,OR5K1,0
19244,33931,OR5K2,0
19245,33931,OR5K3,0
19246,33931,OR5K4,0
19247,33931,OR5L1,0
19248,33931,OR5M1,0
19249,33931,OR5M10,0
19250,33931,OR5M11,0
19251,33931,OR5M3,1
19252,33931,OR5M3,1
19253,33931,OR5M3,1
19254,33931,OR5M8,0
19255,33931,OR5M9,0
19256,33931,OR5P2,0
19257,33931,OR5P3,0
19258,33931,OR5T1_OR5T1P,0
19259,33931,OR5T2,0
19260,33931,OR5T3,0
19261,33931,OR5V1,0
19262,33931,OR5W2_OR5W2P_OR5W3P,0
19263,33931,OR6A2_OR6A1_OR6A2P,0
19264,33931,OR6B1,0
19265,33931,OR6B2_OR6B2P,0
19266,33931,OR6B3_OR6B3P,0
19267,33931,OR6C1,0
19268,33931,OR6C2,0
19269,33931,OR6C3,0
19270,33931,OR6C4,0
19271,33931,OR6C6,0
19272,33931,OR6C65,0
19273,33931,OR6C68,0
19274,33931,OR6C70,0
19275,33931,OR6C74,0
19276,33931,OR6C75,0
19277,33931,OR6C76,0
19278,33931,OR6F1,0
19279,33931,OR6J1_OR6J2,0
19280,33931,OR6K2,0
19281,33931,OR6K3,0
19282,33931,OR6K6,0
19283,33931,OR6M1,0
19284,33931,OR6N1,0
19285,33931,OR6N2,0
19286,33931,OR6P1,0
19287,33931,OR6Q1,0
19288,33931,OR6S1,0
19289,33931,OR6T1,0
19290,33931,OR6V1,0
19291,33931,OR6X1,0
19292,33931,OR6Y1_OR6Y2,0
19293,33931,OR7A10,0
19294,33931,OR7A17,0
19295,33931,OR7A5,0
19296,33931,OR7C1_OR7C4,0
19297,33931,OR7D2,0
19298,33931,OR7D4_OR7D4P,0
19299,33931,OR7E24_OR7E24P,0
19300,33931,OR7G2,0
19301,33931,OR7G3,0
19302,33931,OR8A1,0
19303,33931,OR8B12,0
19304,33931,OR8B2,0
19305,33931,OR8B3,0
19306,33931,OR8B4_OR8B4P,0
19307,33931,OR8B8,0
19308,33931,OR8D1_OR8D3,0
19309,33931,OR8D2,0
19310,33931,OR8D4,0
19311,33931,OR8G1_OR8G1P,0
19312,33931,OR8G5_OR8G5P_OR8G6,0
19313,33931,OR8H1,0
19314,33931,OR8H2,0
19315,33931,OR8H3,0
19316,33931,OR8I2,0
19317,33931,OR8J1,0
19318,33931,OR8J3,0
19319,33931,OR8K1,0
19320,33931,OR8K3,0
19321,33931,OR8K5,0
19322,33931,OR8S1,0
19323,33931,OR8U1,0
19324,33931,OR8U3_OR5R1_OR5R1P,0
19325,33931,OR8U8,0
19326,33931,OR8U9,0
19327,33931,OR9A2,0
19328,33931,OR9A4,0
19329,33931,OR9G4,0
19330,33931,OR9G9,0
19331,33931,OR9I1,0
19332,33931,OR9K2,0
19333,33931,OR9Q1,0
19334,33931,OR9Q2_OR9Q2P,0
19335,34286,OR1A1,0
19336,34286,OR2M3_OR2M3P_OR2M6,0
19337,34286,OR2W1,0
19338,34286,OR5K1,0
19339,34286,OR5M3,0
19340,34286,OR8D1_OR8D3,0
19341,41270,OR11A1_OR11A2,0
19342,41270,OR5A1_OR5A1P,0
19343,41270,OR5A2,1
19344,41270,OR5AN1,1
19345,41270,OR5AN1,1
19346,47167,OR11A1_OR11A2,1
19347,47167,OR5A1_OR5A1P,0
19348,47167,OR5A2,1
19349,47167,OR5AN1,0
19350,47649,OR1A1,0
19351,47649,OR2M3_OR2M3P_OR2M6,0
19352,47649,OR2W1,0
19353,47649,OR5K1,0
19354,47649,OR5M3,0
19355,47649,OR8D1_OR8D3,0
19356,60979,OR1D2,1
19357,60983,OR10S1,0
19358,60983,OR1A1,0
19359,60983,OR2A1,0
19360,60983,OR2A7,0
19361,60983,OR2L13_OR2L14,0
19362,60983,OR2T4,0
19363,60983,OR2W1,0
19364,60983,OR2W3_OR2W3P_OR2W8P,0
19365,60983,OR51B5,0
19366,61005,OR1D2,1
19367,61014,OR10A2_OR10A2P,0
19368,61014,OR10A3,0
19369,61014,OR10A4_OR10A4P,0
19370,61014,OR10A5_OR10A1,0
19371,61014,OR10A6,0
19372,61014,OR10A7,0
19373,61014,OR10AD1_OR10AD1P,0
19374,61014,OR10AG1,0
19375,61014,OR10C1_OR10C2,0
19376,61014,OR10D3,0
19377,61014,OR10G3,0
19378,61014,OR10G4,1
19379,61014,OR10G6_OR10G6P,0
19380,61014,OR10G7,0
19381,61014,OR10G8,0
19382,61014,OR10G9_OR10G10P,0
19383,61014,OR10H1,0
19384,61014,OR10H2,0
19385,61014,OR10H3,0
19386,61014,OR10H4,0
19387,61014,OR10H5,0
19388,61014,OR10J1,1
19389,61014,OR10J3_OR10J3P,0
19390,61014,OR10J5,0
19391,61014,OR10K1,0
19392,61014,OR10K2,0
19393,61014,OR10P1_OR10P1P_OR10P2P_OR10P3P,0
19394,61014,OR10Q1,0
19395,61014,OR10R2,0
19396,61014,OR10T2,0
19397,61014,OR10V1,0
19398,61014,OR10W1_OR10W1P,0
19399,61014,OR10X1_OR10X1P,0
19400,61014,OR10Z1,0
19401,61014,OR11A1_OR11A2,0
19402,61014,OR11G2,0
19403,61014,OR11H1,0
19404,61014,OR11H12,0
19405,61014,OR11H2_OR11H2P,0
19406,61014,OR11H4,0
19407,61014,OR11H6,0
19408,61014,OR11L1,0
19409,61014,OR12D2,0
19410,61014,OR12D3,0
19411,61014,OR13A1,0
19412,61014,OR13C2,1
19413,61014,OR13C3,0
19414,61014,OR13C4,0
19415,61014,OR13C5,0
19416,61014,OR13C8,0
19417,61014,OR13C9,0
19418,61014,OR13D1,0
19419,61014,OR13F1,0
19420,61014,OR13G1,0
19421,61014,OR13H1,0
19422,61014,OR13J1,0
19423,61014,OR14A2_OR5AX1_OR5AX1P,0
19424,61014,OR14C36_OR5BF1,0
19425,61014,OR14I1_OR5BU1_OR5BU1P,0
19426,61014,OR14J1_OR5U1,0
19427,61014,OR14K1_OR5AY1,0
19428,61014,OR14L1_OR14L1P_OR5AV1P,0
19429,61014,OR1A1,0
19430,61014,OR1A2,0
19431,61014,OR1C1,0
19432,61014,OR1D2,0
19433,61014,OR1D5,1
19434,61014,OR1E1_OR1E5_OR1E6_OR1E9P,0
19435,61014,OR1E2_OR1E4,0
19436,61014,OR1F1,0
19437,61014,OR1F12P_OR1F12,0
19438,61014,OR1G1_OR1G2,0
19439,61014,OR1I1,0
19440,61014,OR1J1,0
19441,61014,OR1J2_OR1J3_OR1J5,0
19442,61014,OR1J4,0
19443,61014,OR1K1,0
19444,61014,OR1L1_OR1L2,0
19445,61014,OR1L3,0
19446,61014,OR1L4_OR1L5,0
19447,61014,OR1L6_OR1L7,0
19448,61014,OR1L8,0
19449,61014,OR1M1,0
19450,61014,OR1N1_OR1N3,0
19451,61014,OR1N2,0
19452,61014,OR1Q1_OR1Q2_OR1Q3,0
19453,61014,OR1S1,0
19454,61014,OR1S2,1
19455,61014,OR2A1,1
19456,61014,OR2A12_OR2A12P,0
19457,61014,OR2A14,0
19458,61014,OR2A14_OR2A14P_OR2A6,0
19459,61014,OR2A25_OR2A25P_OR2A27,0
19460,61014,OR2A2_OR2A17P_OR2A2P,0
19461,61014,OR2A4_OR2A10,1
19462,61014,OR2A5_OR2A26_OR2A8,0
19463,61014,OR2A7,0
19464,61014,OR2AE1_OR2AE2,0
19465,61014,OR2AG1_OR2AG3,0
19466,61014,OR2AG2_OR2AG2P,0
19467,61014,OR2AJ1_OR2AJ1P,0
19468,61014,OR2AK2_OR2AK1P,0
19469,61014,OR2AP1_OR2AP1P,0
19470,61014,OR2AT4,0
19471,61014,OR2B11,0
19472,61014,OR2B2_OR2B9,0
19473,61014,OR2B3_OR2B3P,0
19474,61014,OR2B6,0
19475,61014,OR2B8P_OR2B8,0
19476,61014,OR2C1,0
19477,61014,OR2C3_OR2C4_OR2C5P,0
19478,61014,OR2D2_OR2D1,1
19479,61014,OR2D3,0
19480,61014,OR2F1_OR2F3_OR2F3P_OR2F4_OR2F5,0
19481,61014,OR2F2,0
19482,61014,OR2G2,0
19483,61014,OR2G3,0
19484,61014,OR2G6,0
19485,61014,OR2H1_OR2H6_OR2H8,0
19486,61014,OR2H2_OR2H3,0
19487,61014,OR2J1_OR2J1P,0
19488,61014,OR2J2,0
19489,61014,OR2J3,1
19490,61014,OR2J3,1
19491,61014,OR2K2_OR2AR1P,0
19492,61014,OR2L13_OR2L14,0
19493,61014,OR2L2_OR2L12_OR2L4P,0
19494,61014,OR2L3,0
19495,61014,OR2L5_OR2L11,0
19496,61014,OR2L8,0
19497,61014,OR2M2,0
19498,61014,OR2M3_OR2M3P_OR2M6,0
19499,61014,OR2M4,0
19500,61014,OR2M5,0
19501,61014,OR2M7,1
19502,61014,OR2S2,0
19503,61014,OR2T1,0
19504,61014,OR2T10,0
19505,61014,OR2T11,0
19506,61014,OR2T29,0
19507,61014,OR2T2_OR2T2P,0
19508,61014,OR2T3,0
19509,61014,OR2T33,1
19510,61014,OR2T34,0
19511,61014,OR2T35,1
19512,61014,OR2T4,0
19513,61014,OR2T5,0
19514,61014,OR2T6_OR2T6P_OR2T9,0
19515,61014,OR2T8_OR2T8P,0
19516,61014,OR2V1,1
19517,61014,OR2V2_OR2V3,0
19518,61014,OR2W1,0
19519,61014,OR2W3_OR2W3P_OR2W8P,0
19520,61014,OR2W5P_OR2W5,0
19521,61014,OR2Y1,0
19522,61014,OR2Z1_OR2Z2,0
19523,61014,OR3A1,0
19524,61014,OR3A2,0
19525,61014,OR3A3_OR3A6_OR3A7_OR3A8P,0
19526,61014,OR3A4P_OR3A4_OR3A5P,0
19527,61014,OR4A15,0
19528,61014,OR4A16,0
19529,61014,OR4A47,0
19530,61014,OR4A4P,0
19531,61014,OR4A5,1
19532,61014,OR4B1,0
19533,61014,OR4C11_OR4C11P,0
19534,61014,OR4C12,0
19535,61014,OR4C15,0
19536,61014,OR4C16,0
19537,61014,OR4C3,0
19538,61014,OR4C46,0
19539,61014,OR4C5,0
19540,61014,OR4C6,0
19541,61014,OR4D10_OR4D10P,1
19542,61014,OR4D1_OR4D3,0
19543,61014,OR4D2,0
19544,61014,OR4D5,0
19545,61014,OR4D6,0
19546,61014,OR4D9,0
19547,61014,OR4E2,0
19548,61014,OR4F14,0
19549,61014,OR4F15,0
19550,61014,OR4F17_OR4F11P_OR4F18_OR4F19,1
19551,61014,OR4F21_OR4F21P,0
19552,61014,OR4F3,0
19553,61014,OR4F4,0
19554,61014,OR4F6_OR4F12,0
19555,61014,OR4K1,0
19556,61014,OR4K13,0
19557,61014,OR4K15,0
19558,61014,OR4K17,0
19559,61014,OR4K2,0
19560,61014,OR4K3_OR4K3P,0
19561,61014,OR4K5,0
19562,61014,OR4L1_OR4L2P,0
19563,61014,OR4M1,1
19564,61014,OR4M2B,0
19565,61014,OR4N2,0
19566,61014,OR4N4,0
19567,61014,OR4P4_OR4P3P,0
19568,61014,OR4Q3_OR4Q4,0
19569,61014,OR4S1,0
19570,61014,OR4S2_OR4S2P,0
19571,61014,OR4X1,1
19572,61014,OR4X2,0
19573,61014,OR51A2,0
19574,61014,OR51A4,0
19575,61014,OR51B2_OR51B1P,1
19576,61014,OR51B4,0
19577,61014,OR51B5,0
19578,61014,OR51B6,1
19579,61014,OR51D1,0
19580,61014,OR51E1_OR51E1P_OR52A3P,1
19581,61014,OR51E2,0
19582,61014,OR51F1_OR51F1P,0
19583,61014,OR51F2,0
19584,61014,OR51G1_OR51G3P,1
19585,61014,OR51G2,0
19586,61014,OR51H1_OR51H1P,0
19587,61014,OR51I1,0
19588,61014,OR51I2,0
19589,61014,OR51J1_OR51J1P_OR51J2,0
19590,61014,OR51L1,0
19591,61014,OR51M1,1
19592,61014,OR51Q1,0
19593,61014,OR51S1,0
19594,61014,OR51T1,0
19595,61014,OR51V1_OR51A12,1
19596,61014,OR52A1,0
19597,61014,OR52A4P_OR52A4,1
19598,61014,OR52A5,1
19599,61014,OR52B2,0
19600,61014,OR52B4,0
19601,61014,OR52B6,0
19602,61014,OR52D1,0
19603,61014,OR52E2,0
19604,61014,OR52E4,0
19605,61014,OR52E5,0
19606,61014,OR52E6,0
19607,61014,OR52E8,0
19608,61014,OR52H1,0
19609,61014,OR52I2,0
19610,61014,OR52J3,0
19611,61014,OR52K1,0
19612,61014,OR52K2,0
19613,61014,OR52L1,0
19614,61014,OR52L2P_OR52L2,0
19615,61014,OR52M1_OR52M1P,0
19616,61014,OR52N1,0
19617,61014,OR52N2,1
19618,61014,OR52N4,0
19619,61014,OR52N5,1
19620,61014,OR52P1_OR52P1P,0
19621,61014,OR52R1,1
19622,61014,OR52W1_OR52W1P,0
19623,61014,OR56A1,0
19624,61014,OR56A3_OR56A3P_OR56A6,0
19625,61014,OR56A4,1
19626,61014,OR56A5_OR56A5P,1
19627,61014,OR56B1_OR56B1P,0
19628,61014,OR56B4,0
19629,61014,OR5A1_OR5A1P,0
19630,61014,OR5A2,1
19631,61014,OR5AC2,0
19632,61014,OR5AK2,0
19633,61014,OR5AK3P_OR5AK3,0
19634,61014,OR5AL1_OR5AL1P,0
19635,61014,OR5AN1,1
19636,61014,OR5AN1,1
19637,61014,OR5AN1,1
19638,61014,OR5AP2,0
19639,61014,OR5AR1,0
19640,61014,OR5AS1,0
19641,61014,OR5AU1,0
19642,61014,OR5B12_OR5B12P_OR5B16,0
19643,61014,OR5B17_OR5B20P,0
19644,61014,OR5B2,0
19645,61014,OR5B21,0
19646,61014,OR5B3_OR5B13,0
19647,61014,OR5C1_OR5C2P,0
19648,61014,OR5D13,0
19649,61014,OR5D14,0
19650,61014,OR5D16,0
19651,61014,OR5D18,0
19652,61014,OR5F1,0
19653,61014,OR5H1,0
19654,61014,OR5H14,0
19655,61014,OR5H2,0
19656,61014,OR5H6,0
19657,61014,OR5I1,0
19658,61014,OR5J2,0
19659,61014,OR5K1,0
19660,61014,OR5K2,0
19661,61014,OR5K3,0
19662,61014,OR5K4,0
19663,61014,OR5L1,0
19664,61014,OR5M1,0
19665,61014,OR5M10,0
19666,61014,OR5M11,0
19667,61014,OR5M8,0
19668,61014,OR5M9,0
19669,61014,OR5P2,0
19670,61014,OR5P3,0
19671,61014,OR5T1_OR5T1P,0
19672,61014,OR5T2,0
19673,61014,OR5T3,0
19674,61014,OR5V1,0
19675,61014,OR5W2_OR5W2P_OR5W3P,0
19676,61014,OR6A2_OR6A1_OR6A2P,0
19677,61014,OR6B1,0
19678,61014,OR6B2_OR6B2P,0
19679,61014,OR6B3_OR6B3P,0
19680,61014,OR6C1,0
19681,61014,OR6C2,0
19682,61014,OR6C3,0
19683,61014,OR6C4,0
19684,61014,OR6C6,0
19685,61014,OR6C65,0
19686,61014,OR6C68,1
19687,61014,OR6C70,0
19688,61014,OR6C74,0
19689,61014,OR6C75,0
19690,61014,OR6C76,0
19691,61014,OR6F1,0
19692,61014,OR6J1_OR6J2,0
19693,61014,OR6K2,0
19694,61014,OR6K3,0
19695,61014,OR6K6,0
19696,61014,OR6M1,0
19697,61014,OR6N1,0
19698,61014,OR6N2,0
19699,61014,OR6P1,0
19700,61014,OR6Q1,0
19701,61014,OR6S1,0
19702,61014,OR6T1,0
19703,61014,OR6V1,0
19704,61014,OR6X1,0
19705,61014,OR6Y1_OR6Y2,0
19706,61014,OR7A10,0
19707,61014,OR7A17,0
19708,61014,OR7A5,0
19709,61014,OR7C1_OR7C4,0
19710,61014,OR7D2,0
19711,61014,OR7D4_OR7D4P,0
19712,61014,OR7E24_OR7E24P,0
19713,61014,OR7G2,0
19714,61014,OR7G3,0
19715,61014,OR8A1,0
19716,61014,OR8B12,0
19717,61014,OR8B2,0
19718,61014,OR8B3,0
19719,61014,OR8B4_OR8B4P,0
19720,61014,OR8B8,0
19721,61014,OR8D1_OR8D3,0
19722,61014,OR8D2,0
19723,61014,OR8D4,0
19724,61014,OR8G1_OR8G1P,0
19725,61014,OR8G5_OR8G5P_OR8G6,0
19726,61014,OR8H1,0
19727,61014,OR8H2,0
19728,61014,OR8H3,0
19729,61014,OR8I2,0
19730,61014,OR8J1,0
19731,61014,OR8J3,0
19732,61014,OR8K1,0
19733,61014,OR8K3,0
19734,61014,OR8K5,0
19735,61014,OR8S1,0
19736,61014,OR8U1,0
19737,61014,OR8U3_OR5R1_OR5R1P,0
19738,61014,OR8U8,0
19739,61014,OR8U9,0
19740,61014,OR9A2,0
19741,61014,OR9A4,0
19742,61014,OR9G4,0
19743,61014,OR9G9,0
19744,61014,OR9I1,0
19745,61014,OR9K2,0
19746,61014,OR9Q1,0
19747,61014,OR9Q2,0
19748,61014,OR9Q2_OR9Q2P,0
19749,61031,OR3A1,0
19750,61052,OR10A6,1
19751,61052,OR10A6,1
19752,61052,OR10A6,1
19753,61054,OR3A1,0
19754,61199,OR10A2_OR10A2P,0
19755,61199,OR10A3,0
19756,61199,OR10A4_OR10A4P,0
19757,61199,OR10A5_OR10A1,0
19758,61199,OR10A6,0
19759,61199,OR10A7,0
19760,61199,OR10AD1_OR10AD1P,0
19761,61199,OR10AG1,0
19762,61199,OR10C1_OR10C2,0
19763,61199,OR10D3,0
19764,61199,OR10G3,0
19765,61199,OR10G4,0
19766,61199,OR10G6_OR10G6P,0
19767,61199,OR10G7,0
19768,61199,OR10G8,0
19769,61199,OR10G9_OR10G10P,0
19770,61199,OR10H1,0
19771,61199,OR10H2,0
19772,61199,OR10H3,0
19773,61199,OR10H4,0
19774,61199,OR10H5,0
19775,61199,OR10J1,0
19776,61199,OR10J3_OR10J3P,0
19777,61199,OR10J5,0
19778,61199,OR10K1,0
19779,61199,OR10P1_OR10P1P_OR10P2P_OR10P3P,0
19780,61199,OR10Q1,0
19781,61199,OR10R2,0
19782,61199,OR10S1,0
19783,61199,OR10T2,0
19784,61199,OR10V1,0
19785,61199,OR10W1_OR10W1P,0
19786,61199,OR10X1_OR10X1P,0
19787,61199,OR10Z1,0
19788,61199,OR11A1_OR11A2,0
19789,61199,OR11G2,0
19790,61199,OR11H1,0
19791,61199,OR11H12,0
19792,61199,OR11H2_OR11H2P,0
19793,61199,OR11H4,0
19794,61199,OR11H6,0
19795,61199,OR11L1,0
19796,61199,OR12D2,0
19797,61199,OR12D3,0
19798,61199,OR13A1,0
19799,61199,OR13C2,0
19800,61199,OR13C3,0
19801,61199,OR13C4,0
19802,61199,OR13C5,0
19803,61199,OR13C8,0
19804,61199,OR13C9,0
19805,61199,OR13D1,0
19806,61199,OR13F1,0
19807,61199,OR13G1,0
19808,61199,OR13H1,0
19809,61199,OR13J1,0
19810,61199,OR14A2_OR5AX1_OR5AX1P,0
19811,61199,OR14C36_OR5BF1,0
19812,61199,OR14I1_OR5BU1_OR5BU1P,0
19813,61199,OR14J1_OR5U1,0
19814,61199,OR14K1_OR5AY1,0
19815,61199,OR1A1,0
19816,61199,OR1A2,0
19817,61199,OR1C1,0
19818,61199,OR1D2,0
19819,61199,OR1D5,0
19820,61199,OR1E1_OR1E5_OR1E6_OR1E9P,0
19821,61199,OR1E2_OR1E4,0
19822,61199,OR1F1,0
19823,61199,OR1F12P_OR1F12,0
19824,61199,OR1G1_OR1G2,0
19825,61199,OR1I1,0
19826,61199,OR1J1,0
19827,61199,OR1J2_OR1J3_OR1J5,0
19828,61199,OR1J4,0
19829,61199,OR1K1,0
19830,61199,OR1L1_OR1L2,0
19831,61199,OR1L3,0
19832,61199,OR1L4_OR1L5,0
19833,61199,OR1L6_OR1L7,0
19834,61199,OR1L8,0
19835,61199,OR1M1,0
19836,61199,OR1N1_OR1N3,0
19837,61199,OR1N2,0
19838,61199,OR1Q1_OR1Q2_OR1Q3,0
19839,61199,OR1S1,0
19840,61199,OR1S2,0
19841,61199,OR2A1,0
19842,61199,OR2A12_OR2A12P,0
19843,61199,OR2A14_OR2A14P_OR2A6,0
19844,61199,OR2A25_OR2A25P_OR2A27,0
19845,61199,OR2A2_OR2A17P_OR2A2P,0
19846,61199,OR2A4_OR2A10,0
19847,61199,OR2A5_OR2A26_OR2A8,0
19848,61199,OR2A7,0
19849,61199,OR2AE1_OR2AE2,0
19850,61199,OR2AG1_OR2AG3,0
19851,61199,OR2AG2_OR2AG2P,0
19852,61199,OR2AJ1_OR2AJ1P,0
19853,61199,OR2AK2_OR2AK1P,0
19854,61199,OR2AP1_OR2AP1P,0
19855,61199,OR2AT4,0
19856,61199,OR2B11,0
19857,61199,OR2B2_OR2B9,0
19858,61199,OR2B3_OR2B3P,0
19859,61199,OR2B6,0
19860,61199,OR2C1,0
19861,61199,OR2C3_OR2C4_OR2C5P,0
19862,61199,OR2D2_OR2D1,0
19863,61199,OR2D3,0
19864,61199,OR2F1_OR2F3_OR2F3P_OR2F4_OR2F5,0
19865,61199,OR2F2,0
19866,61199,OR2G2,0
19867,61199,OR2G3,0
19868,61199,OR2G6,0
19869,61199,OR2H1_OR2H6_OR2H8,0
19870,61199,OR2H2_OR2H3,0
19871,61199,OR2J1_OR2J1P,0
19872,61199,OR2J2,0
19873,61199,OR2J3,0
19874,61199,OR2K2_OR2AR1P,0
19875,61199,OR2L13_OR2L14,0
19876,61199,OR2L2_OR2L12_OR2L4P,0
19877,61199,OR2L3,0
19878,61199,OR2L5_OR2L11,0
19879,61199,OR2L8,0
19880,61199,OR2M2,0
19881,61199,OR2M3_OR2M3P_OR2M6,0
19882,61199,OR2M4,0
19883,61199,OR2M7,0
19884,61199,OR2S2,0
19885,61199,OR2T1,0
19886,61199,OR2T10,0
19887,61199,OR2T11,0
19888,61199,OR2T29,0
19889,61199,OR2T2_OR2T2P,0
19890,61199,OR2T3,0
19891,61199,OR2T33,0
19892,61199,OR2T34,0
19893,61199,OR2T35,0
19894,61199,OR2T4,0
19895,61199,OR2T5,0
19896,61199,OR2T6_OR2T6P_OR2T9,0
19897,61199,OR2T8_OR2T8P,0
19898,61199,OR2V1,0
19899,61199,OR2V2_OR2V3,0
19900,61199,OR2W1,0
19901,61199,OR2W3_OR2W3P_OR2W8P,0
19902,61199,OR2W5P_OR2W5,0
19903,61199,OR2Y1,0
19904,61199,OR2Z1_OR2Z2,0
19905,61199,OR3A1,0
19906,61199,OR3A2,0
19907,61199,OR3A3_OR3A6_OR3A7_OR3A8P,0
19908,61199,OR4A15,0
19909,61199,OR4A16,0
19910,61199,OR4A47,0
19911,61199,OR4A5,0
19912,61199,OR4B1,0
19913,61199,OR4C11_OR4C11P,0
19914,61199,OR4C12,0
19915,61199,OR4C15,0
19916,61199,OR4C16,0
19917,61199,OR4C3,0
19918,61199,OR4C46,0
19919,61199,OR4C5,0
19920,61199,OR4C6,0
19921,61199,OR4D10_OR4D10P,0
19922,61199,OR4D1_OR4D3,0
19923,61199,OR4D2,0
19924,61199,OR4D5,0
19925,61199,OR4D6,0
19926,61199,OR4D9,0
19927,61199,OR4E2,0
19928,61199,OR4F15,0
19929,61199,OR4F17_OR4F11P_OR4F18_OR4F19,0
19930,61199,OR4F21_OR4F21P,0
19931,61199,OR4F3,0
19932,61199,OR4F4,0
19933,61199,OR4F6_OR4F12,0
19934,61199,OR4K1,0
19935,61199,OR4K13,0
19936,61199,OR4K15,0
19937,61199,OR4K17,0
19938,61199,OR4K2,0
19939,61199,OR4K5,0
19940,61199,OR4L1_OR4L2P,0
19941,61199,OR4M1,0
19942,61199,OR4N2,0
19943,61199,OR4N4,0
19944,61199,OR4P4_OR4P3P,0
19945,61199,OR4Q3_OR4Q4,0
19946,61199,OR4S1,0
19947,61199,OR4S2_OR4S2P,0
19948,61199,OR4X1,0
19949,61199,OR4X2,0
19950,61199,OR51A2,0
19951,61199,OR51A4,0
19952,61199,OR51A7,0
19953,61199,OR51B2_OR51B1P,0
19954,61199,OR51B4,0
19955,61199,OR51B5,0
19956,61199,OR51B6,0
19957,61199,OR51D1,0
19958,61199,OR51E1_OR51E1P_OR52A3P,0
19959,61199,OR51E2,0
19960,61199,OR51F1_OR51F1P,0
19961,61199,OR51F2,0
19962,61199,OR51G1_OR51G3P,0
19963,61199,OR51G2,0
19964,61199,OR51I1,0
19965,61199,OR51I2,0
19966,61199,OR51J1_OR51J1P_OR51J2,0
19967,61199,OR51L1,0
19968,61199,OR51M1,0
19969,61199,OR51Q1,0
19970,61199,OR51S1,0
19971,61199,OR51T1,0
19972,61199,OR51V1_OR51A12,0
19973,61199,OR52A1,0
19974,61199,OR52A5,0
19975,61199,OR52B2,0
19976,61199,OR52B4,0
19977,61199,OR52B6,0
19978,61199,OR52D1,0
19979,61199,OR52E2,0
19980,61199,OR52E4,0
19981,61199,OR52E5,0
19982,61199,OR52E6,0
19983,61199,OR52E8,0
19984,61199,OR52H1,0
19985,61199,OR52I1,0
19986,61199,OR52I2,0
19987,61199,OR52J3,0
19988,61199,OR52K1,0
19989,61199,OR52K2,0
19990,61199,OR52L1,0
19991,61199,OR52M1_OR52M1P,0
19992,61199,OR52N1,0
19993,61199,OR52N2,0
19994,61199,OR52N4,0
19995,61199,OR52N5,0
19996,61199,OR52R1,0
19997,61199,OR52W1_OR52W1P,0
19998,61199,OR56A1,0
19999,61199,OR56A3_OR56A3P_OR56A6,0
20000,61199,OR56A4,0
20001,61199,OR56A5_OR56A5P,0
20002,61199,OR56B1_OR56B1P,0
20003,61199,OR56B4,0
20004,61199,OR5A1_OR5A1P,0
20005,61199,OR5A2,0
20006,61199,OR5AC2,0
20007,61199,OR5AK2,0
20008,61199,OR5AN1,0
20009,61199,OR5AP2,0
20010,61199,OR5AR1,0
20011,61199,OR5AS1,0
20012,61199,OR5AU1,0
20013,61199,OR5B12_OR5B12P_OR5B16,0
20014,61199,OR5B17_OR5B20P,0
20015,61199,OR5B2,0
20016,61199,OR5B21,0
20017,61199,OR5B3_OR5B13,0
20018,61199,OR5C1_OR5C2P,0
20019,61199,OR5D13,0
20020,61199,OR5D14,0
20021,61199,OR5D16,0
20022,61199,OR5D18,0
20023,61199,OR5F1,0
20024,61199,OR5H1,0
20025,61199,OR5H14,0
20026,61199,OR5H2,0
20027,61199,OR5H6,0
20028,61199,OR5I1,0
20029,61199,OR5J2,0
20030,61199,OR5K1,0
20031,61199,OR5K2,0
20032,61199,OR5K3,0
20033,61199,OR5K4,0
20034,61199,OR5L1,0
20035,61199,OR5M1,0
20036,61199,OR5M10,0
20037,61199,OR5M11,0
20038,61199,OR5M3,0
20039,61199,OR5M8,0
20040,61199,OR5M9,0
20041,61199,OR5P2,0
20042,61199,OR5P3,0
20043,61199,OR5T1_OR5T1P,0
20044,61199,OR5T2,0
20045,61199,OR5T3,0
20046,61199,OR5V1,0
20047,61199,OR5W2_OR5W2P_OR5W3P,0
20048,61199,OR6A2_OR6A1_OR6A2P,0
20049,61199,OR6B1,0
20050,61199,OR6B2_OR6B2P,0
20051,61199,OR6B3_OR6B3P,0
20052,61199,OR6C1,0
20053,61199,OR6C2,0
20054,61199,OR6C3,0
20055,61199,OR6C4,0
20056,61199,OR6C6,0
20057,61199,OR6C65,0
20058,61199,OR6C68,0
20059,61199,OR6C70,0
20060,61199,OR6C74,0
20061,61199,OR6C75,0
20062,61199,OR6C76,0
20063,61199,OR6F1,0
20064,61199,OR6J1_OR6J2,0
20065,61199,OR6K2,0
20066,61199,OR6K3,0
20067,61199,OR6K6,0
20068,61199,OR6M1,0
20069,61199,OR6N1,0
20070,61199,OR6N2,0
20071,61199,OR6P1,0
20072,61199,OR6Q1,0
20073,61199,OR6S1,0
20074,61199,OR6T1,0
20075,61199,OR6V1,0
20076,61199,OR6X1,0
20077,61199,OR6Y1_OR6Y2,0
20078,61199,OR7A10,0
20079,61199,OR7A17,0
20080,61199,OR7A5,0
20081,61199,OR7C1_OR7C4,0
20082,61199,OR7D2,0
20083,61199,OR7D4_OR7D4P,0
20084,61199,OR7E24_OR7E24P,0
20085,61199,OR7G2,0
20086,61199,OR7G3,0
20087,61199,OR8A1,0
20088,61199,OR8B12,0
20089,61199,OR8B2,0
20090,61199,OR8B3,0
20091,61199,OR8B4_OR8B4P,0
20092,61199,OR8B8,0
20093,61199,OR8D1_OR8D3,1
20094,61199,OR8D1_OR8D3,1
20095,61199,OR8D1_OR8D3,1
20096,61199,OR8D2,0
20097,61199,OR8D4,0
20098,61199,OR8G1_OR8G1P,0
20099,61199,OR8G5_OR8G5P_OR8G6,0
20100,61199,OR8H1,0
20101,61199,OR8H2,0
20102,61199,OR8H3,0
20103,61199,OR8I2,0
20104,61199,OR8J1,0
20105,61199,OR8J3,0
20106,61199,OR8K1,0
20107,61199,OR8K3,0
20108,61199,OR8K5,0
20109,61199,OR8S1,0
20110,61199,OR8U1,0
20111,61199,OR8U3_OR5R1_OR5R1P,0
20112,61199,OR8U8,0
20113,61199,OR8U9,0
20114,61199,OR9A2,0
20115,61199,OR9A4,0
20116,61199,OR9G4,0
20117,61199,OR9G9,0
20118,61199,OR9I1,0
20119,61199,OR9K2,0
20120,61199,OR9Q1,0
20121,61199,OR9Q2_OR9Q2P,0
20122,61204,OR1D2,1
20123,61204,OR1D2,1
20124,61235,OR1G1_OR1G2,1
20125,61235,OR52D1,1
20126,61303,OR5AN1,0
20127,61325,OR1A1,0
20128,61325,OR2M3_OR2M3P_OR2M6,0
20129,61325,OR2W1,0
20130,61325,OR5K1,1
20131,61325,OR5M3,0
20132,61325,OR8D1_OR8D3,0
20133,61346,OR1A1,1
20134,61346,OR1A2,1
20135,61346,OR2M3_OR2M3P_OR2M6,0
20136,61346,OR2W1,1
20137,61346,OR2W1,1
20138,61346,OR2W1,1
20139,61346,OR5K1,0
20140,61346,OR5M3,0
20141,61346,OR8D1_OR8D3,0
20142,61401,OR1D2,1
20143,61585,OR11A1_OR11A2,0
20144,61585,OR5A1_OR5A1P,0
20145,61585,OR5A2,1
20146,61585,OR5AN1,1
20147,61592,OR1A1,0
20148,61592,OR2M3_OR2M3P_OR2M6,0
20149,61592,OR2W1,1
20150,61592,OR2W1,1
20151,61592,OR2W1,1
20152,61592,OR5K1,0
20153,61592,OR5M3,0
20154,61592,OR8D1_OR8D3,0
20155,61659,OR2W1,1
20156,61659,OR2W1,1
20157,61659,OR2W1,1
20158,61834,OR1D2,1
20159,61840,OR1A1,0
20160,61840,OR2M3_OR2M3P_OR2M6,0
20161,61840,OR2W1,0
20162,61840,OR51E1_OR51E1P_OR52A3P,0
20163,61840,OR51E2,0
20164,61840,OR51I2,0
20165,61840,OR51L1,0
20166,61840,OR52A5,1
20167,61840,OR52B2,0
20168,61840,OR52D1,0
20169,61840,OR52E8,0
20170,61840,OR52L1,0
20171,61840,OR56A5_OR56A5P,0
20172,61840,OR5K1,0
20173,61840,OR5M3,0
20174,61840,OR8D1_OR8D3,0
20175,61918,OR5K1,1
20176,61918,OR5K2,0
20177,61918,OR5K3,0
20178,61918,OR5K4,0
20179,62089,OR1A1,0
20180,62089,OR2M3_OR2M3P_OR2M6,0
20181,62089,OR2W1,0
20182,62089,OR5K1,0
20183,62089,OR5M3,0
20184,62089,OR8D1_OR8D3,0
20185,62098,OR1G1_OR1G2,1
20186,62098,OR52D1,0
20187,62131,OR2W1,1
20188,62131,OR2W1,1
20189,62131,OR2W1,1
20190,62237,OR1A1,0
20191,62237,OR2M3_OR2M3P_OR2M6,0
20192,62237,OR2W1,0
20193,62237,OR5K1,0
20194,62237,OR5M3,0
20195,62237,OR8D1_OR8D3,0
20196,62329,OR10A2_OR10A2P,0
20197,62329,OR10A4_OR10A4P,0
20198,62329,OR10A5_OR10A1,0
20199,62329,OR10A6,0
20200,62329,OR10A7,0
20201,62329,OR10AD1_OR10AD1P,0
20202,62329,OR10AG1,0
20203,62329,OR10C1_OR10C2,0
20204,62329,OR10G3,0
20205,62329,OR10G4,0
20206,62329,OR10G6_OR10G6P,0
20207,62329,OR10G7,0
20208,62329,OR10G8,0
20209,62329,OR10G9_OR10G10P,0
20210,62329,OR10H1,0
20211,62329,OR10H2,0
20212,62329,OR10H3,0
20213,62329,OR10H4,0
20214,62329,OR10H5,0
20215,62329,OR10J3_OR10J3P,0
20216,62329,OR10J5,0
20217,62329,OR10K1,0
20218,62329,OR10K2,0
20219,62329,OR10P1_OR10P1P_OR10P2P_OR10P3P,0
20220,62329,OR10Q1,0
20221,62329,OR10R2,0
20222,62329,OR10S1,0
20223,62329,OR10T2,0
20224,62329,OR10V1,0
20225,62329,OR10W1_OR10W1P,0
20226,62329,OR10X1_OR10X1P,0
20227,62329,OR10Z1,0
20228,62329,OR11A1_OR11A2,1
20229,62329,OR11G2,0
20230,62329,OR11H1,0
20231,62329,OR11H12,0
20232,62329,OR11H2_OR11H2P,0
20233,62329,OR11H4,0
20234,62329,OR11H6,0
20235,62329,OR11L1,0
20236,62329,OR12D2,0
20237,62329,OR12D3,0
20238,62329,OR13A1,0
20239,62329,OR13C2,0
20240,62329,OR13C3,0
20241,62329,OR13C4,0
20242,62329,OR13C5,0
20243,62329,OR13C8,0
20244,62329,OR13C9,0
20245,62329,OR13D1,0
20246,62329,OR13F1,0
20247,62329,OR13G1,0
20248,62329,OR13H1,0
20249,62329,OR13J1,0
20250,62329,OR14A2_OR5AX1_OR5AX1P,0
20251,62329,OR14C36_OR5BF1,0
20252,62329,OR14I1_OR5BU1_OR5BU1P,0
20253,62329,OR14J1_OR5U1,0
20254,62329,OR14K1_OR5AY1,0
20255,62329,OR1A1,1
20256,62329,OR1A2,0
20257,62329,OR1C1,0
20258,62329,OR1D5,0
20259,62329,OR1E2_OR1E4,0
20260,62329,OR1F1,0
20261,62329,OR1F12P_OR1F12,0
20262,62329,OR1G1_OR1G2,0
20263,62329,OR1I1,0
20264,62329,OR1J1,0
20265,62329,OR1K1,0
20266,62329,OR1L1_OR1L2,0
20267,62329,OR1L3,0
20268,62329,OR1L4_OR1L5,0
20269,62329,OR1L6_OR1L7,0
20270,62329,OR1L8,0
20271,62329,OR1M1,0
20272,62329,OR1N1_OR1N3,0
20273,62329,OR1N2,0
20274,62329,OR1Q1_OR1Q2_OR1Q3,0
20275,62329,OR1S1,0
20276,62329,OR1S2,0
20277,62329,OR2A1,0
20278,62329,OR2A12_OR2A12P,0
20279,62329,OR2A14_OR2A14P_OR2A6,0
20280,62329,OR2A25_OR2A25P_OR2A27,0
20281,62329,OR2A2_OR2A17P_OR2A2P,0
20282,62329,OR2A4_OR2A10,0
20283,62329,OR2A5_OR2A26_OR2A8,0
20284,62329,OR2A7,0
20285,62329,OR2AE1_OR2AE2,0
20286,62329,OR2AG1_OR2AG3,0
20287,62329,OR2AG2_OR2AG2P,0
20288,62329,OR2AJ1_OR2AJ1P,0
20289,62329,OR2AK2_OR2AK1P,0
20290,62329,OR2AP1_OR2AP1P,0
20291,62329,OR2AT4,0
20292,62329,OR2B11,0
20293,62329,OR2B2_OR2B9,0
20294,62329,OR2B6,0
20295,62329,OR2C1,0
20296,62329,OR2C3_OR2C4_OR2C5P,0
20297,62329,OR2D2_OR2D1,0
20298,62329,OR2D3,0
20299,62329,OR2F1_OR2F3_OR2F3P_OR2F4_OR2F5,0
20300,62329,OR2F2,0
20301,62329,OR2G2,0
20302,62329,OR2G3,0
20303,62329,OR2G6,0
20304,62329,OR2H1_OR2H6_OR2H8,0
20305,62329,OR2H2_OR2H3,0
20306,62329,OR2J1_OR2J1P,0
20307,62329,OR2J2,0
20308,62329,OR2J3,1
20309,62329,OR2K2_OR2AR1P,0
20310,62329,OR2L13_OR2L14,0
20311,62329,OR2L3,0
20312,62329,OR2L5_OR2L11,0
20313,62329,OR2L8,0
20314,62329,OR2M2,0
20315,62329,OR2M3_OR2M3P_OR2M6,0
20316,62329,OR2M7,0
20317,62329,OR2S2,0
20318,62329,OR2T1,0
20319,62329,OR2T10,0
20320,62329,OR2T11,0
20321,62329,OR2T29,0
20322,62329,OR2T2_OR2T2P,0
20323,62329,OR2T3,0
20324,62329,OR2T33,0
20325,62329,OR2T34,0
20326,62329,OR2T35,0
20327,62329,OR2T4,0
20328,62329,OR2T5,0
20329,62329,OR2T6_OR2T6P_OR2T9,0
20330,62329,OR2T8_OR2T8P,0
20331,62329,OR2V1,0
20332,62329,OR2V2_OR2V3,0
20333,62329,OR2W1,0
20334,62329,OR2W3_OR2W3P_OR2W8P,0
20335,62329,OR2Y1,0
20336,62329,OR2Z1_OR2Z2,0
20337,62329,OR3A1,0
20338,62329,OR3A2,0
20339,62329,OR3A3_OR3A6_OR3A7_OR3A8P,0
20340,62329,OR4A15,0
20341,62329,OR4A16,0
20342,62329,OR4A47,0
20343,62329,OR4A5,0
20344,62329,OR4B1,0
20345,62329,OR4C11_OR4C11P,0
20346,62329,OR4C12,0
20347,62329,OR4C15,0
20348,62329,OR4C16,0
20349,62329,OR4C3,0
20350,62329,OR4C46,0
20351,62329,OR4C5,0
20352,62329,OR4C6,0
20353,62329,OR4D10_OR4D10P,0
20354,62329,OR4D1_OR4D3,0
20355,62329,OR4D2,0
20356,62329,OR4D5,0
20357,62329,OR4D6,0
20358,62329,OR4D9,0
20359,62329,OR4E2,0
20360,62329,OR4F15,0
20361,62329,OR4F17_OR4F11P_OR4F18_OR4F19,0
20362,62329,OR4F21_OR4F21P,0
20363,62329,OR4F3,0
20364,62329,OR4F4,0
20365,62329,OR4F6_OR4F12,0
20366,62329,OR4K1,0
20367,62329,OR4K13,0
20368,62329,OR4K15,0
20369,62329,OR4K17,0
20370,62329,OR4K2,0
20371,62329,OR4K3_OR4K3P,0
20372,62329,OR4K5,0
20373,62329,OR4L1_OR4L2P,0
20374,62329,OR4M1,0
20375,62329,OR4M2B,0
20376,62329,OR4N2,0
20377,62329,OR4N4,0
20378,62329,OR4P4_OR4P3P,0
20379,62329,OR4Q3_OR4Q4,0
20380,62329,OR4S1,0
20381,62329,OR4S2_OR4S2P,0
20382,62329,OR4X1,0
20383,62329,OR4X2,0
20384,62329,OR51A2,0
20385,62329,OR51A4,0
20386,62329,OR51A7,0
20387,62329,OR51B2_OR51B1P,0
20388,62329,OR51B4,0
20389,62329,OR51B5,0
20390,62329,OR51B6,0
20391,62329,OR51D1,0
20392,62329,OR51E2,0
20393,62329,OR51F1_OR51F1P,0
20394,62329,OR51F2,0
20395,62329,OR51G1_OR51G3P,0
20396,62329,OR51G2,0
20397,62329,OR51H1_OR51H1P,0
20398,62329,OR51I1,0
20399,62329,OR51I2,0
20400,62329,OR51J1_OR51J1P_OR51J2,0
20401,62329,OR51L1,0
20402,62329,OR51M1,0
20403,62329,OR51Q1,0
20404,62329,OR51S1,0
20405,62329,OR51T1,0
20406,62329,OR51V1_OR51A12,0
20407,62329,OR52A1,0
20408,62329,OR52A4P_OR52A4,0
20409,62329,OR52A5,0
20410,62329,OR52B2,0
20411,62329,OR52B4,0
20412,62329,OR52B6,0
20413,62329,OR52D1,0
20414,62329,OR52E2,0
20415,62329,OR52E4,0
20416,62329,OR52E5,0
20417,62329,OR52E6,0
20418,62329,OR52E8,0
20419,62329,OR52H1,0
20420,62329,OR52I1,0
20421,62329,OR52I2,0
20422,62329,OR52J3,0
20423,62329,OR52K1,0
20424,62329,OR52K2,0
20425,62329,OR52L1,0
20426,62329,OR52M1_OR52M1P,0
20427,62329,OR52N1,0
20428,62329,OR52N2,0
20429,62329,OR52N4,0
20430,62329,OR52N5,0
20431,62329,OR52R1,0
20432,62329,OR52W1_OR52W1P,0
20433,62329,OR56A1,0
20434,62329,OR56A3_OR56A3P_OR56A6,0
20435,62329,OR56A4,0
20436,62329,OR56A5_OR56A5P,0
20437,62329,OR56B1_OR56B1P,0
20438,62329,OR56B4,0
20439,62329,OR5A1_OR5A1P,0
20440,62329,OR5A2,1
20441,62329,OR5AC2,0
20442,62329,OR5AK2,0
20443,62329,OR5AL1_OR5AL1P,0
20444,62329,OR5AN1,1
20445,62329,OR5AN1,1
20446,62329,OR5AN1,1
20447,62329,OR5AN1,1
20448,62329,OR5AN1,1
20449,62329,OR5AN1,1
20450,62329,OR5AP2,0
20451,62329,OR5AR1,0
20452,62329,OR5AS1,0
20453,62329,OR5AU1,0
20454,62329,OR5B12_OR5B12P_OR5B16,0
20455,62329,OR5B17_OR5B20P,0
20456,62329,OR5B2,0
20457,62329,OR5B21,0
20458,62329,OR5B3_OR5B13,0
20459,62329,OR5C1_OR5C2P,0
20460,62329,OR5D13,0
20461,62329,OR5D14,0
20462,62329,OR5D16,0
20463,62329,OR5D18,0
20464,62329,OR5F1,0
20465,62329,OR5H14,0
20466,62329,OR5H2,0
20467,62329,OR5H6,0
20468,62329,OR5I1,0
20469,62329,OR5J2,0
20470,62329,OR5K2,0
20471,62329,OR5K3,0
20472,62329,OR5K4,0
20473,62329,OR5L1,0
20474,62329,OR5M1,0
20475,62329,OR5M10,0
20476,62329,OR5M11,0
20477,62329,OR5M3,0
20478,62329,OR5M8,0
20479,62329,OR5M9,0
20480,62329,OR5P2,0
20481,62329,OR5P3,0
20482,62329,OR5T1_OR5T1P,0
20483,62329,OR5T2,0
20484,62329,OR5T3,0
20485,62329,OR5V1,0
20486,62329,OR5W2_OR5W2P_OR5W3P,0
20487,62329,OR6A2_OR6A1_OR6A2P,0
20488,62329,OR6B1,0
20489,62329,OR6B2_OR6B2P,0
20490,62329,OR6B3_OR6B3P,0
20491,62329,OR6C1,0
20492,62329,OR6C2,0
20493,62329,OR6C3,0
20494,62329,OR6C4,0
20495,62329,OR6C6,0
20496,62329,OR6C65,0
20497,62329,OR6C68,0
20498,62329,OR6C70,0
20499,62329,OR6C74,0
20500,62329,OR6C75,0
20501,62329,OR6C76,0
20502,62329,OR6F1,0
20503,62329,OR6J1_OR6J2,0
20504,62329,OR6K2,0
20505,62329,OR6K3,0
20506,62329,OR6K6,0
20507,62329,OR6M1,0
20508,62329,OR6N1,0
20509,62329,OR6N2,0
20510,62329,OR6P1,0
20511,62329,OR6Q1,0
20512,62329,OR6S1,0
20513,62329,OR6T1,0
20514,62329,OR6V1,0
20515,62329,OR6X1,0
20516,62329,OR6Y1_OR6Y2,0
20517,62329,OR7A10,0
20518,62329,OR7A17,0
20519,62329,OR7A5,0
20520,62329,OR7C1_OR7C4,0
20521,62329,OR7D2,0
20522,62329,OR7D4_OR7D4P,0
20523,62329,OR7E24_OR7E24P,0
20524,62329,OR7G2,0
20525,62329,OR7G3,0
20526,62329,OR8A1,0
20527,62329,OR8B12,0
20528,62329,OR8B2,0
20529,62329,OR8B3,0
20530,62329,OR8B4_OR8B4P,0
20531,62329,OR8B8,0
20532,62329,OR8D1_OR8D3,0
20533,62329,OR8D2,0
20534,62329,OR8D4,0
20535,62329,OR8G1_OR8G1P,0
20536,62329,OR8G5_OR8G5P_OR8G6,0
20537,62329,OR8H1,0
20538,62329,OR8H2,0
20539,62329,OR8H3,0
20540,62329,OR8I2,0
20541,62329,OR8J1,0
20542,62329,OR8J3,0
20543,62329,OR8K1,0
20544,62329,OR8K3,0
20545,62329,OR8K5,0
20546,62329,OR8S1,0
20547,62329,OR8U1,0
20548,62329,OR8U3_OR5R1_OR5R1P,0
20549,62329,OR8U8,0
20550,62329,OR8U9,0
20551,62329,OR9A2,0
20552,62329,OR9A4,0
20553,62329,OR9G4,0
20554,62329,OR9G9,0
20555,62329,OR9I1,0
20556,62329,OR9K2,0
20557,62329,OR9Q1,0
20558,62329,OR9Q2_OR9Q2P,0
20559,62378,OR10J5,0
20560,62378,OR1A1,1
20561,62378,OR2C1,0
20562,62378,OR2J2,0
20563,62378,OR2M7,0
20564,62378,OR2W1,1
20565,62378,OR3A1,1
20566,62378,OR51E1_OR51E1P_OR52A3P,0
20567,62378,OR51E2,0
20568,62378,OR51L1,0
20569,62378,OR5P3,0
20570,62385,OR1A1,0
20571,62385,OR2M3_OR2M3P_OR2M6,0
20572,62385,OR2W1,1
20573,62385,OR2W1,1
20574,62385,OR2W1,1
20575,62385,OR2W1,1
20576,62385,OR5K1,0
20577,62385,OR5M3,0
20578,62385,OR8D1_OR8D3,0
20579,62444,OR1G1_OR1G2,1
20580,62444,OR52D1,1
20581,62453,OR1A1,0
20582,62453,OR2M3_OR2M3P_OR2M6,0
20583,62453,OR2W1,1
20584,62453,OR2W1,1
20585,62453,OR2W1,1
20586,62453,OR5K1,0
20587,62453,OR5M3,0
20588,62453,OR8D1_OR8D3,0
20589,62465,OR1A1,0
20590,62465,OR2M3_OR2M3P_OR2M6,0
20591,62465,OR2W1,0
20592,62539,OR10J5,0
20593,62539,OR1A1,0
20594,62539,OR2C1,0
20595,62539,OR2J2,0
20596,62539,OR2M7,0
20597,62539,OR2W1,1
20598,62539,OR51E1_OR51E1P_OR52A3P,0
20599,62539,OR51E2,0
20600,62539,OR51L1,0
20601,62539,OR5P3,0
20602,62775,OR1A1,0
20603,62775,OR2M3_OR2M3P_OR2M6,0
20604,62775,OR2W1,0
20605,62835,OR10A2_OR10A2P,0
20606,62835,OR10A3,0
20607,62835,OR10A4_OR10A4P,0
20608,62835,OR10A5_OR10A1,0
20609,62835,OR10A6,0
20610,62835,OR10A7,0
20611,62835,OR10AD1_OR10AD1P,0
20612,62835,OR10AG1,0
20613,62835,OR10C1_OR10C2,0
20614,62835,OR10D3,0
20615,62835,OR10G3,0
20616,62835,OR10G4,0
20617,62835,OR10G6_OR10G6P,0
20618,62835,OR10G7,0
20619,62835,OR10G8,0
20620,62835,OR10G9_OR10G10P,0
20621,62835,OR10H1,0
20622,62835,OR10H2,0
20623,62835,OR10H3,0
20624,62835,OR10H4,0
20625,62835,OR10H5,0
20626,62835,OR10J1,0
20627,62835,OR10J3_OR10J3P,0
20628,62835,OR10J5,0
20629,62835,OR10K1,0
20630,62835,OR10P1_OR10P1P_OR10P2P_OR10P3P,0
20631,62835,OR10Q1,0
20632,62835,OR10R2,0
20633,62835,OR10S1,0
20634,62835,OR10T2,0
20635,62835,OR10V1,0
20636,62835,OR10W1_OR10W1P,0
20637,62835,OR10X1_OR10X1P,0
20638,62835,OR10Z1,0
20639,62835,OR11A1_OR11A2,0
20640,62835,OR11G2,0
20641,62835,OR11H1,0
20642,62835,OR11H12,0
20643,62835,OR11H2_OR11H2P,0
20644,62835,OR11H4,0
20645,62835,OR11H6,0
20646,62835,OR11L1,0
20647,62835,OR12D2,0
20648,62835,OR12D3,0
20649,62835,OR13A1,0
20650,62835,OR13C2,0
20651,62835,OR13C3,0
20652,62835,OR13C4,0
20653,62835,OR13C5,0
20654,62835,OR13C8,0
20655,62835,OR13C9,0
20656,62835,OR13D1,0
20657,62835,OR13F1,0
20658,62835,OR13G1,0
20659,62835,OR13H1,0
20660,62835,OR13J1,0
20661,62835,OR14A2_OR5AX1_OR5AX1P,0
20662,62835,OR14C36_OR5BF1,0
20663,62835,OR14I1_OR5BU1_OR5BU1P,0
20664,62835,OR14J1_OR5U1,0
20665,62835,OR14K1_OR5AY1,0
20666,62835,OR1A1,0
20667,62835,OR1A2,0
20668,62835,OR1C1,0
20669,62835,OR1D2,0
20670,62835,OR1D5,0
20671,62835,OR1E1_OR1E5_OR1E6_OR1E9P,0
20672,62835,OR1E2_OR1E4,0
20673,62835,OR1F1,0
20674,62835,OR1F12P_OR1F12,0
20675,62835,OR1G1_OR1G2,0
20676,62835,OR1I1,0
20677,62835,OR1J1,0
20678,62835,OR1J2_OR1J3_OR1J5,0
20679,62835,OR1J4,0
20680,62835,OR1K1,0
20681,62835,OR1L1_OR1L2,0
20682,62835,OR1L3,0
20683,62835,OR1L4_OR1L5,0
20684,62835,OR1L6_OR1L7,0
20685,62835,OR1L8,0
20686,62835,OR1M1,0
20687,62835,OR1N1_OR1N3,0
20688,62835,OR1N2,0
20689,62835,OR1Q1_OR1Q2_OR1Q3,0
20690,62835,OR1S1,0
20691,62835,OR1S2,0
20692,62835,OR2A1,0
20693,62835,OR2A12_OR2A12P,0
20694,62835,OR2A14_OR2A14P_OR2A6,0
20695,62835,OR2A25_OR2A25P_OR2A27,0
20696,62835,OR2A2_OR2A17P_OR2A2P,0
20697,62835,OR2A4_OR2A10,0
20698,62835,OR2A5_OR2A26_OR2A8,0
20699,62835,OR2A7,0
20700,62835,OR2AE1_OR2AE2,0
20701,62835,OR2AG1_OR2AG3,0
20702,62835,OR2AG2_OR2AG2P,0
20703,62835,OR2AJ1_OR2AJ1P,0
20704,62835,OR2AK2_OR2AK1P,0
20705,62835,OR2AP1_OR2AP1P,0
20706,62835,OR2AT4,0
20707,62835,OR2B11,0
20708,62835,OR2B2_OR2B9,0
20709,62835,OR2B3_OR2B3P,0
20710,62835,OR2B6,0
20711,62835,OR2C1,0
20712,62835,OR2C3_OR2C4_OR2C5P,0
20713,62835,OR2D2_OR2D1,0
20714,62835,OR2D3,0
20715,62835,OR2F1_OR2F3_OR2F3P_OR2F4_OR2F5,0
20716,62835,OR2F2,0
20717,62835,OR2G2,0
20718,62835,OR2G3,0
20719,62835,OR2G6,0
20720,62835,OR2H1_OR2H6_OR2H8,0
20721,62835,OR2H2_OR2H3,0
20722,62835,OR2J1_OR2J1P,0
20723,62835,OR2J2,0
20724,62835,OR2J3,0
20725,62835,OR2K2_OR2AR1P,0
20726,62835,OR2L13_OR2L14,0
20727,62835,OR2L2_OR2L12_OR2L4P,0
20728,62835,OR2L3,0
20729,62835,OR2L5_OR2L11,0
20730,62835,OR2L8,0
20731,62835,OR2M2,0
20732,62835,OR2M3_OR2M3P_OR2M6,0
20733,62835,OR2M4,0
20734,62835,OR2M7,0
20735,62835,OR2S2,0
20736,62835,OR2T1,0
20737,62835,OR2T10,0
20738,62835,OR2T11,0
20739,62835,OR2T29,0
20740,62835,OR2T2_OR2T2P,0
20741,62835,OR2T3,0
20742,62835,OR2T33,0
20743,62835,OR2T34,0
20744,62835,OR2T35,0
20745,62835,OR2T4,0
20746,62835,OR2T5,0
20747,62835,OR2T6_OR2T6P_OR2T9,0
20748,62835,OR2T8_OR2T8P,0
20749,62835,OR2V1,0
20750,62835,OR2V2_OR2V3,0
20751,62835,OR2W1,0
20752,62835,OR2W3_OR2W3P_OR2W8P,0
20753,62835,OR2W5P_OR2W5,0
20754,62835,OR2Y1,0
20755,62835,OR2Z1_OR2Z2,0
20756,62835,OR3A1,0
20757,62835,OR3A2,0
20758,62835,OR3A3_OR3A6_OR3A7_OR3A8P,0
20759,62835,OR4A15,0
20760,62835,OR4A16,0
20761,62835,OR4A47,0
20762,62835,OR4A5,0
20763,62835,OR4B1,0
20764,62835,OR4C11_OR4C11P,0
20765,62835,OR4C12,0
20766,62835,OR4C15,0
20767,62835,OR4C16,0
20768,62835,OR4C3,0
20769,62835,OR4C46,0
20770,62835,OR4C5,0
20771,62835,OR4C6,0
20772,62835,OR4D10_OR4D10P,0
20773,62835,OR4D1_OR4D3,0
20774,62835,OR4D2,0
20775,62835,OR4D5,0
20776,62835,OR4D6,0
20777,62835,OR4D9,0
20778,62835,OR4E2,0
20779,62835,OR4F15,0
20780,62835,OR4F17_OR4F11P_OR4F18_OR4F19,0
20781,62835,OR4F21_OR4F21P,0
20782,62835,OR4F3,0
20783,62835,OR4F4,0
20784,62835,OR4F6_OR4F12,0
20785,62835,OR4K1,0
20786,62835,OR4K13,0
20787,62835,OR4K15,0
20788,62835,OR4K17,0
20789,62835,OR4K2,0
20790,62835,OR4K5,0
20791,62835,OR4L1_OR4L2P,0
20792,62835,OR4M1,0
20793,62835,OR4N2,0
20794,62835,OR4N4,0
20795,62835,OR4P4_OR4P3P,0
20796,62835,OR4Q3_OR4Q4,0
20797,62835,OR4S1,0
20798,62835,OR4S2_OR4S2P,0
20799,62835,OR4X1,0
20800,62835,OR4X2,0
20801,62835,OR51A2,0
20802,62835,OR51A4,0
20803,62835,OR51A7,0
20804,62835,OR51B2_OR51B1P,0
20805,62835,OR51B4,0
20806,62835,OR51B5,0
20807,62835,OR51B6,0
20808,62835,OR51D1,0
20809,62835,OR51E1_OR51E1P_OR52A3P,0
20810,62835,OR51E2,0
20811,62835,OR51F1_OR51F1P,0
20812,62835,OR51F2,0
20813,62835,OR51G1_OR51G3P,0
20814,62835,OR51G2,0
20815,62835,OR51I1,0
20816,62835,OR51I2,0
20817,62835,OR51J1_OR51J1P_OR51J2,0
20818,62835,OR51L1,0
20819,62835,OR51M1,0
20820,62835,OR51Q1,0
20821,62835,OR51S1,0
20822,62835,OR51T1,0
20823,62835,OR51V1_OR51A12,0
20824,62835,OR52A1,0
20825,62835,OR52A5,0
20826,62835,OR52B2,0
20827,62835,OR52B4,0
20828,62835,OR52B6,0
20829,62835,OR52D1,0
20830,62835,OR52E2,0
20831,62835,OR52E4,0
20832,62835,OR52E5,0
20833,62835,OR52E6,0
20834,62835,OR52E8,0
20835,62835,OR52H1,0
20836,62835,OR52I1,0
20837,62835,OR52I2,0
20838,62835,OR52J3,0
20839,62835,OR52K1,0
20840,62835,OR52K2,0
20841,62835,OR52L1,0
20842,62835,OR52M1_OR52M1P,0
20843,62835,OR52N1,0
20844,62835,OR52N2,0
20845,62835,OR52N4,0
20846,62835,OR52N5,0
20847,62835,OR52R1,0
20848,62835,OR52W1_OR52W1P,0
20849,62835,OR56A1,0
20850,62835,OR56A3_OR56A3P_OR56A6,0
20851,62835,OR56A4,0
20852,62835,OR56A5_OR56A5P,0
20853,62835,OR56B1_OR56B1P,0
20854,62835,OR56B4,0
20855,62835,OR5A1_OR5A1P,0
20856,62835,OR5A2,0
20857,62835,OR5AC2,0
20858,62835,OR5AK2,0
20859,62835,OR5AN1,0
20860,62835,OR5AP2,0
20861,62835,OR5AR1,0
20862,62835,OR5AS1,0
20863,62835,OR5AU1,0
20864,62835,OR5B12_OR5B12P_OR5B16,0
20865,62835,OR5B17_OR5B20P,0
20866,62835,OR5B2,0
20867,62835,OR5B21,0
20868,62835,OR5B3_OR5B13,0
20869,62835,OR5C1_OR5C2P,0
20870,62835,OR5D13,0
20871,62835,OR5D14,0
20872,62835,OR5D16,0
20873,62835,OR5D18,0
20874,62835,OR5F1,0
20875,62835,OR5H1,0
20876,62835,OR5H14,0
20877,62835,OR5H2,0
20878,62835,OR5H6,0
20879,62835,OR5I1,0
20880,62835,OR5J2,0
20881,62835,OR5K1,0
20882,62835,OR5K2,0
20883,62835,OR5K3,0
20884,62835,OR5K4,0
20885,62835,OR5L1,0
20886,62835,OR5M1,0
20887,62835,OR5M10,0
20888,62835,OR5M11,0
20889,62835,OR5M3,0
20890,62835,OR5M8,0
20891,62835,OR5M9,0
20892,62835,OR5P2,0
20893,62835,OR5P3,0
20894,62835,OR5T1_OR5T1P,0
20895,62835,OR5T2,0
20896,62835,OR5T3,0
20897,62835,OR5V1,0
20898,62835,OR5W2_OR5W2P_OR5W3P,0
20899,62835,OR6A2_OR6A1_OR6A2P,0
20900,62835,OR6B1,0
20901,62835,OR6B2_OR6B2P,0
20902,62835,OR6B3_OR6B3P,0
20903,62835,OR6C1,0
20904,62835,OR6C2,0
20905,62835,OR6C3,0
20906,62835,OR6C4,0
20907,62835,OR6C6,0
20908,62835,OR6C65,0
20909,62835,OR6C68,0
20910,62835,OR6C70,0
20911,62835,OR6C74,0
20912,62835,OR6C75,0
20913,62835,OR6C76,0
20914,62835,OR6F1,0
20915,62835,OR6J1_OR6J2,0
20916,62835,OR6K2,0
20917,62835,OR6K3,0
20918,62835,OR6K6,0
20919,62835,OR6M1,0
20920,62835,OR6N1,0
20921,62835,OR6N2,0
20922,62835,OR6P1,0
20923,62835,OR6Q1,0
20924,62835,OR6S1,0
20925,62835,OR6T1,0
20926,62835,OR6V1,0
20927,62835,OR6X1,0
20928,62835,OR6Y1_OR6Y2,0
20929,62835,OR7A10,0
20930,62835,OR7A17,0
20931,62835,OR7A5,0
20932,62835,OR7C1_OR7C4,0
20933,62835,OR7D2,0
20934,62835,OR7D4_OR7D4P,0
20935,62835,OR7E24_OR7E24P,0
20936,62835,OR7G2,0
20937,62835,OR7G3,0
20938,62835,OR8A1,0
20939,62835,OR8B12,0
20940,62835,OR8B2,0
20941,62835,OR8B3,0
20942,62835,OR8B4_OR8B4P,0
20943,62835,OR8B8,0
20944,62835,OR8D1_OR8D3,1
20945,62835,OR8D1_OR8D3,1
20946,62835,OR8D1_OR8D3,1
20947,62835,OR8D1_OR8D3,1
20948,62835,OR8D1_OR8D3,1
20949,62835,OR8D1_OR8D3,1
20950,62835,OR8D2,0
20951,62835,OR8D4,0
20952,62835,OR8G1_OR8G1P,0
20953,62835,OR8G5_OR8G5P_OR8G6,0
20954,62835,OR8H1,0
20955,62835,OR8H2,0
20956,62835,OR8H3,0
20957,62835,OR8I2,0
20958,62835,OR8J1,0
20959,62835,OR8J3,0
20960,62835,OR8K1,0
20961,62835,OR8K3,0
20962,62835,OR8K5,0
20963,62835,OR8S1,0
20964,62835,OR8U1,0
20965,62835,OR8U3_OR5R1_OR5R1P,0
20966,62835,OR8U8,0
20967,62835,OR8U9,0
20968,62835,OR9A2,0
20969,62835,OR9A4,0
20970,62835,OR9G4,0
20971,62835,OR9G9,0
20972,62835,OR9I1,0
20973,62835,OR9K2,0
20974,62835,OR9Q1,0
20975,62835,OR9Q2_OR9Q2P,0
20976,62900,OR1A1,0
20977,62900,OR2M3_OR2M3P_OR2M6,0
20978,62900,OR2W1,1
20979,62900,OR2W1,1
20980,62902,OR1G1_OR1G2,1
20981,62902,OR1G1_OR1G2,1
20982,62902,OR1G1_OR1G2,1
20983,62902,OR1L3,0
20984,62902,OR2B3_OR2B3P,0
20985,62902,OR2G2,0
20986,62902,OR2M4,0
20987,62902,OR2T10,0
20988,62902,OR2T34,0
20989,62902,OR5AC2,1
20990,62902,OR5AC2,1
20991,62902,OR5AC2,1
20992,62902,OR5AC2,1
20993,62902,OR5AC2,1
20994,62902,OR5B17_OR5B20P,0
20995,64805,OR1A1,1
20996,64805,OR1A2,1
20997,64805,OR1D2,0
20998,64805,OR1G1_OR1G2,0
20999,64805,OR3A1,1
21000,64805,OR3A1,1
21001,64805,OR3A1,1
21002,64805,OR3A1,1
21003,64805,OR3A1,1
21004,64805,OR3A1,1
21005,64805,OR3A1,1
21006,64805,OR3A1,1
21007,64805,OR52D1,1
21008,64813,OR1D2,1
21009,64813,OR3A1,1
21010,64813,OR3A1,1
21011,64832,OR10A2_OR10A2P,0
21012,64832,OR10A3,0
21013,64832,OR10A4_OR10A4P,0
21014,64832,OR10A5_OR10A1,1
21015,64832,OR10A6,0
21016,64832,OR10A7,0
21017,64832,OR10AD1_OR10AD1P,0
21018,64832,OR10AG1,0
21019,64832,OR10C1_OR10C2,0
21020,64832,OR10D3,0
21021,64832,OR10G3,0
21022,64832,OR10G4,0
21023,64832,OR10G6_OR10G6P,0
21024,64832,OR10G7,0
21025,64832,OR10G8,0
21026,64832,OR10G9_OR10G10P,0
21027,64832,OR10H1,0
21028,64832,OR10H2,0
21029,64832,OR10H3,0
21030,64832,OR10H4,0
21031,64832,OR10H5,0
21032,64832,OR10J1,0
21033,64832,OR10J3_OR10J3P,0
21034,64832,OR10J5,0
21035,64832,OR10K1,0
21036,64832,OR10K2,0
21037,64832,OR10P1_OR10P1P_OR10P2P_OR10P3P,0
21038,64832,OR10Q1,0
21039,64832,OR10R2,0
21040,64832,OR10T2,0
21041,64832,OR10V1,0
21042,64832,OR10W1_OR10W1P,0
21043,64832,OR10X1_OR10X1P,0
21044,64832,OR10Z1,0
21045,64832,OR11A1_OR11A2,0
21046,64832,OR11G2,0
21047,64832,OR11H1,1
21048,64832,OR11H12,0
21049,64832,OR11H2_OR11H2P,0
21050,64832,OR11H4,0
21051,64832,OR11H6,0
21052,64832,OR11L1,0
21053,64832,OR12D2,0
21054,64832,OR12D3,0
21055,64832,OR13A1,0
21056,64832,OR13C2,0
21057,64832,OR13C3,0
21058,64832,OR13C4,0
21059,64832,OR13C5,0
21060,64832,OR13C8,0
21061,64832,OR13C9,0
21062,64832,OR13D1,0
21063,64832,OR13F1,0
21064,64832,OR13G1,0
21065,64832,OR13H1,0
21066,64832,OR13J1,0
21067,64832,OR14A2_OR5AX1_OR5AX1P,0
21068,64832,OR14C36_OR5BF1,0
21069,64832,OR14I1_OR5BU1_OR5BU1P,0
21070,64832,OR14J1_OR5U1,0
21071,64832,OR14K1_OR5AY1,0
21072,64832,OR14L1_OR14L1P_OR5AV1P,0
21073,64832,OR1A1,0
21074,64832,OR1A2,0
21075,64832,OR1C1,0
21076,64832,OR1D2,1
21077,64832,OR1D5,0
21078,64832,OR1E1_OR1E5_OR1E6_OR1E9P,0
21079,64832,OR1E2_OR1E4,0
21080,64832,OR1F1,0
21081,64832,OR1F12P_OR1F12,0
21082,64832,OR1G1_OR1G2,0
21083,64832,OR1I1,0
21084,64832,OR1J1,0
21085,64832,OR1J2_OR1J3_OR1J5,0
21086,64832,OR1J4,0
21087,64832,OR1K1,0
21088,64832,OR1L1_OR1L2,0
21089,64832,OR1L3,0
21090,64832,OR1L4_OR1L5,0
21091,64832,OR1L6_OR1L7,0
21092,64832,OR1L8,0
21093,64832,OR1M1,0
21094,64832,OR1N1_OR1N3,0
21095,64832,OR1N2,0
21096,64832,OR1Q1_OR1Q2_OR1Q3,0
21097,64832,OR1S1,0
21098,64832,OR1S2,0
21099,64832,OR2A1,0
21100,64832,OR2A12_OR2A12P,0
21101,64832,OR2A14,0
21102,64832,OR2A14_OR2A14P_OR2A6,0
21103,64832,OR2A25_OR2A25P_OR2A27,0
21104,64832,OR2A2_OR2A17P_OR2A2P,0
21105,64832,OR2A4_OR2A10,0
21106,64832,OR2A5_OR2A26_OR2A8,0
21107,64832,OR2A7,0
21108,64832,OR2AE1_OR2AE2,0
21109,64832,OR2AG1_OR2AG3,0
21110,64832,OR2AG2_OR2AG2P,0
21111,64832,OR2AJ1_OR2AJ1P,0
21112,64832,OR2AK2_OR2AK1P,0
21113,64832,OR2AP1_OR2AP1P,0
21114,64832,OR2AT4,0
21115,64832,OR2B11,0
21116,64832,OR2B2_OR2B9,0
21117,64832,OR2B3_OR2B3P,0
21118,64832,OR2B6,0
21119,64832,OR2B8P_OR2B8,0
21120,64832,OR2C1,0
21121,64832,OR2C3_OR2C4_OR2C5P,0
21122,64832,OR2D2_OR2D1,1
21123,64832,OR2D3,0
21124,64832,OR2F1_OR2F3_OR2F3P_OR2F4_OR2F5,0
21125,64832,OR2F2,0
21126,64832,OR2G2,0
21127,64832,OR2G3,0
21128,64832,OR2G6,0
21129,64832,OR2H1_OR2H6_OR2H8,0
21130,64832,OR2H2_OR2H3,0
21131,64832,OR2J1_OR2J1P,0
21132,64832,OR2J2,0
21133,64832,OR2J3,0
21134,64832,OR2K2_OR2AR1P,0
21135,64832,OR2L13_OR2L14,0
21136,64832,OR2L2_OR2L12_OR2L4P,0
21137,64832,OR2L3,0
21138,64832,OR2L5_OR2L11,0
21139,64832,OR2L8,0
21140,64832,OR2M2,0
21141,64832,OR2M3_OR2M3P_OR2M6,0
21142,64832,OR2M4,0
21143,64832,OR2M5,0
21144,64832,OR2M7,0
21145,64832,OR2S2,0
21146,64832,OR2T1,0
21147,64832,OR2T10,0
21148,64832,OR2T11,0
21149,64832,OR2T29,0
21150,64832,OR2T2_OR2T2P,0
21151,64832,OR2T3,0
21152,64832,OR2T33,0
21153,64832,OR2T34,0
21154,64832,OR2T35,0
21155,64832,OR2T4,0
21156,64832,OR2T5,0
21157,64832,OR2T6_OR2T6P_OR2T9,0
21158,64832,OR2T8_OR2T8P,0
21159,64832,OR2V1,0
21160,64832,OR2V2_OR2V3,0
21161,64832,OR2W1,0
21162,64832,OR2W3_OR2W3P_OR2W8P,0
21163,64832,OR2W5P_OR2W5,0
21164,64832,OR2Y1,0
21165,64832,OR2Z1_OR2Z2,0
21166,64832,OR3A1,0
21167,64832,OR3A2,0
21168,64832,OR3A3_OR3A6_OR3A7_OR3A8P,0
21169,64832,OR3A4P_OR3A4_OR3A5P,0
21170,64832,OR4A15,0
21171,64832,OR4A16,0
21172,64832,OR4A47,0
21173,64832,OR4A4P,0
21174,64832,OR4A5,0
21175,64832,OR4B1,0
21176,64832,OR4C11_OR4C11P,0
21177,64832,OR4C12,0
21178,64832,OR4C15,0
21179,64832,OR4C16,0
21180,64832,OR4C3,0
21181,64832,OR4C46,0
21182,64832,OR4C5,0
21183,64832,OR4C6,0
21184,64832,OR4D10_OR4D10P,0
21185,64832,OR4D1_OR4D3,0
21186,64832,OR4D2,0
21187,64832,OR4D5,0
21188,64832,OR4D6,0
21189,64832,OR4D9,0
21190,64832,OR4E2,0
21191,64832,OR4F14,0
21192,64832,OR4F15,0
21193,64832,OR4F17_OR4F11P_OR4F18_OR4F19,1
21194,64832,OR4F21_OR4F21P,0
21195,64832,OR4F3,0
21196,64832,OR4F4,1
21197,64832,OR4F6_OR4F12,0
21198,64832,OR4K1,0
21199,64832,OR4K13,0
21200,64832,OR4K15,0
21201,64832,OR4K17,0
21202,64832,OR4K2,0
21203,64832,OR4K3_OR4K3P,0
21204,64832,OR4K5,0
21205,64832,OR4L1_OR4L2P,0
21206,64832,OR4M1,0
21207,64832,OR4M2B,0
21208,64832,OR4N2,0
21209,64832,OR4N4,0
21210,64832,OR4P4_OR4P3P,0
21211,64832,OR4Q3_OR4Q4,0
21212,64832,OR4S1,0
21213,64832,OR4S2_OR4S2P,0
21214,64832,OR4X1,0
21215,64832,OR4X2,0
21216,64832,OR51A2,0
21217,64832,OR51A4,0
21218,64832,OR51B2_OR51B1P,0
21219,64832,OR51B4,0
21220,64832,OR51B5,0
21221,64832,OR51B6,1
21222,64832,OR51D1,0
21223,64832,OR51E1_OR51E1P_OR52A3P,0
21224,64832,OR51E2,0
21225,64832,OR51F1_OR51F1P,0
21226,64832,OR51F2,0
21227,64832,OR51G1_OR51G3P,0
21228,64832,OR51G2,0
21229,64832,OR51H1_OR51H1P,0
21230,64832,OR51I1,1
21231,64832,OR51I2,0
21232,64832,OR51J1_OR51J1P_OR51J2,0
21233,64832,OR51L1,0
21234,64832,OR51M1,0
21235,64832,OR51Q1,0
21236,64832,OR51S1,0
21237,64832,OR51T1,0
21238,64832,OR51V1_OR51A12,1
21239,64832,OR52A1,0
21240,64832,OR52A4P_OR52A4,0
21241,64832,OR52A5,0
21242,64832,OR52B2,0
21243,64832,OR52B4,0
21244,64832,OR52B6,0
21245,64832,OR52D1,0
21246,64832,OR52E2,0
21247,64832,OR52E4,0
21248,64832,OR52E5,0
21249,64832,OR52E6,0
21250,64832,OR52E8,0
21251,64832,OR52H1,0
21252,64832,OR52I2,0
21253,64832,OR52J3,0
21254,64832,OR52K1,0
21255,64832,OR52K2,0
21256,64832,OR52L1,0
21257,64832,OR52L2P_OR52L2,0
21258,64832,OR52M1_OR52M1P,0
21259,64832,OR52N1,0
21260,64832,OR52N2,0
21261,64832,OR52N4,0
21262,64832,OR52N5,1
21263,64832,OR52P1_OR52P1P,0
21264,64832,OR52R1,0
21265,64832,OR52W1_OR52W1P,0
21266,64832,OR56A1,0
21267,64832,OR56A3_OR56A3P_OR56A6,0
21268,64832,OR56A4,0
21269,64832,OR56A5_OR56A5P,0
21270,64832,OR56B1_OR56B1P,0
21271,64832,OR56B4,0
21272,64832,OR5A1_OR5A1P,0
21273,64832,OR5A2,0
21274,64832,OR5AC2,0
21275,64832,OR5AK2,0
21276,64832,OR5AK3P_OR5AK3,0
21277,64832,OR5AL1_OR5AL1P,0
21278,64832,OR5AN1,0
21279,64832,OR5AP2,0
21280,64832,OR5AR1,0
21281,64832,OR5AS1,0
21282,64832,OR5AU1,0
21283,64832,OR5B12_OR5B12P_OR5B16,0
21284,64832,OR5B17_OR5B20P,0
21285,64832,OR5B2,0
21286,64832,OR5B21,0
21287,64832,OR5B3_OR5B13,0
21288,64832,OR5C1_OR5C2P,0
21289,64832,OR5D13,0
21290,64832,OR5D14,0
21291,64832,OR5D16,0
21292,64832,OR5D18,0
21293,64832,OR5F1,0
21294,64832,OR5H1,0
21295,64832,OR5H14,0
21296,64832,OR5H2,0
21297,64832,OR5H6,0
21298,64832,OR5I1,0
21299,64832,OR5J2,0
21300,64832,OR5K1,0
21301,64832,OR5K2,0
21302,64832,OR5K3,0
21303,64832,OR5K4,0
21304,64832,OR5L1,0
21305,64832,OR5M1,0
21306,64832,OR5M10,0
21307,64832,OR5M11,0
21308,64832,OR5M8,0
21309,64832,OR5M9,0
21310,64832,OR5P2,0
21311,64832,OR5P3,0
21312,64832,OR5T1_OR5T1P,0
21313,64832,OR5T2,0
21314,64832,OR5T3,0
21315,64832,OR5V1,0
21316,64832,OR5W2_OR5W2P_OR5W3P,0
21317,64832,OR6A2_OR6A1_OR6A2P,0
21318,64832,OR6B1,0
21319,64832,OR6B2_OR6B2P,0
21320,64832,OR6B3_OR6B3P,0
21321,64832,OR6C1,0
21322,64832,OR6C2,0
21323,64832,OR6C3,0
21324,64832,OR6C4,0
21325,64832,OR6C6,0
21326,64832,OR6C65,0
21327,64832,OR6C68,0
21328,64832,OR6C70,0
21329,64832,OR6C74,0
21330,64832,OR6C75,0
21331,64832,OR6C76,0
21332,64832,OR6F1,0
21333,64832,OR6J1_OR6J2,0
21334,64832,OR6K2,0
21335,64832,OR6K3,0
21336,64832,OR6K6,0
21337,64832,OR6M1,0
21338,64832,OR6N1,0
21339,64832,OR6N2,0
21340,64832,OR6P1,0
21341,64832,OR6Q1,0
21342,64832,OR6S1,0
21343,64832,OR6T1,0
21344,64832,OR6V1,0
21345,64832,OR6X1,0
21346,64832,OR6Y1_OR6Y2,0
21347,64832,OR7A10,0
21348,64832,OR7A17,0
21349,64832,OR7A5,0
21350,64832,OR7C1_OR7C4,0
21351,64832,OR7D2,0
21352,64832,OR7D4_OR7D4P,0
21353,64832,OR7E24_OR7E24P,0
21354,64832,OR7G2,0
21355,64832,OR7G3,0
21356,64832,OR8A1,0
21357,64832,OR8B12,0
21358,64832,OR8B2,0
21359,64832,OR8B3,0
21360,64832,OR8B4_OR8B4P,0
21361,64832,OR8B8,0
21362,64832,OR8D1_OR8D3,0
21363,64832,OR8D2,0
21364,64832,OR8D4,0
21365,64832,OR8G1_OR8G1P,0
21366,64832,OR8G5_OR8G5P_OR8G6,0
21367,64832,OR8H1,0
21368,64832,OR8H2,0
21369,64832,OR8H3,0
21370,64832,OR8I2,0
21371,64832,OR8J1,0
21372,64832,OR8J3,0
21373,64832,OR8K1,0
21374,64832,OR8K3,0
21375,64832,OR8K5,0
21376,64832,OR8S1,0
21377,64832,OR8U1,0
21378,64832,OR8U3_OR5R1_OR5R1P,0
21379,64832,OR8U8,0
21380,64832,OR8U9,0
21381,64832,OR9A2,0
21382,64832,OR9A4,0
21383,64832,OR9G4,0
21384,64832,OR9G9,0
21385,64832,OR9I1,0
21386,64832,OR9K2,0
21387,64832,OR9Q1,0
21388,64832,OR9Q2,0
21389,64832,OR9Q2_OR9Q2P,0
21390,65154,OR51E2,1
21391,66282,OR1A1,0
21392,66282,OR2M3_OR2M3P_OR2M6,0
21393,66282,OR2W1,0
21394,66282,OR5K1,0
21395,66282,OR5M3,0
21396,66282,OR8D1_OR8D3,0
21397,67005,OR11A1_OR11A2,0
21398,67005,OR5A1_OR5A1P,0
21399,67005,OR5A2,1
21400,67005,OR5AN1,0
21401,67350,OR5AN1,1
21402,67525,OR5AN1,0
21403,68110,OR10J5,0
21404,68110,OR11H12,0
21405,68110,OR1A1,1
21406,68110,OR2C1,0
21407,68110,OR2J2,0
21408,68110,OR2M7,0
21409,68110,OR2W1,1
21410,68110,OR51E1_OR51E1P_OR52A3P,0
21411,68110,OR51E2,0
21412,68110,OR51L1,0
21413,68110,OR5P3,0
21414,68110,OR8B2,1
21415,68110,OR8K5,0
21416,68110,OR8U3_OR5R1_OR5R1P,1
21417,68382,OR10J5,0
21418,68382,OR1A1,0
21419,68382,OR2C1,0
21420,68382,OR2J2,0
21421,68382,OR2M7,0
21422,68382,OR2W1,0
21423,68382,OR51E1_OR51E1P_OR52A3P,0
21424,68382,OR51E2,0
21425,68382,OR51L1,0
21426,68382,OR5P3,0
21427,69949,OR1A1,0
21428,69949,OR2W1,0
21429,70275,OR1D2,1
21430,70914,OR51E2,1
21431,70935,OR51E2,1
21432,73918,OR5AN1,0
21433,74408,OR11A1_OR11A2,0
21434,74408,OR5A1_OR5A1P,0
21435,74408,OR5A2,1
21436,74408,OR5AN1,1
21437,75427,OR1A1,1
21438,75427,OR1A2,1
21439,76354,OR1A1,1
21440,76354,OR2W1,1
21441,77840,OR5K1,1
21442,77840,OR5K2,0
21443,77840,OR5K3,0
21444,77840,OR5K4,0
21445,78126,OR1A1,1
21446,78126,OR2M3_OR2M3P_OR2M6,0
21447,78126,OR2W1,1
21448,78126,OR2W1,1
21449,78126,OR2W1,1
21450,78126,OR5K1,0
21451,78126,OR5M3,0
21452,78126,OR8D1_OR8D3,0
21453,78949,OR51E1_OR51E1P_OR52A3P,1
21454,80314,OR1A1,1
21455,80314,OR2W1,1
21456,80408,OR1A1,0
21457,80408,OR2M3_OR2M3P_OR2M6,0
21458,80408,OR2W1,1
21459,80408,OR2W1,1
21460,80408,OR2W1,1
21461,80408,OR5K1,0
21462,80408,OR5M3,0
21463,80408,OR8D1_OR8D3,0
21464,80865,OR1G1_OR1G2,0
21465,80865,OR1L3,0
21466,80865,OR2B3_OR2B3P,0
21467,80865,OR2G2,0
21468,80865,OR2M4,1
21469,80865,OR2M4,1
21470,80865,OR2M4,1
21471,80865,OR2M4,1
21472,80865,OR2M4,1
21473,80865,OR2T10,0
21474,80865,OR2T34,1
21475,80865,OR2T34,1
21476,80865,OR2T34,1
21477,80865,OR5AC2,1
21478,80865,OR5AC2,1
21479,80865,OR5AC2,1
21480,80865,OR5B17_OR5B20P,0
21481,82227,OR1A1,0
21482,82227,OR2M3_OR2M3P_OR2M6,0
21483,82227,OR2W1,0
21484,82229,OR10A2_OR10A2P,0
21485,82229,OR10A3,0
21486,82229,OR10A4_OR10A4P,0
21487,82229,OR10A5_OR10A1,0
21488,82229,OR10A6,0
21489,82229,OR10A7,0
21490,82229,OR10AD1_OR10AD1P,0
21491,82229,OR10AG1,0
21492,82229,OR10C1_OR10C2,0
21493,82229,OR10D3,0
21494,82229,OR10G3,0
21495,82229,OR10G4,0
21496,82229,OR10G6_OR10G6P,0
21497,82229,OR10G7,1
21498,82229,OR10G8,0
21499,82229,OR10G9_OR10G10P,0
21500,82229,OR10H1,0
21501,82229,OR10H2,0
21502,82229,OR10H3,0
21503,82229,OR10H4,0
21504,82229,OR10H5,0
21505,82229,OR10J1,0
21506,82229,OR10J3_OR10J3P,0
21507,82229,OR10J5,0
21508,82229,OR10K1,0
21509,82229,OR10K2,0
21510,82229,OR10P1_OR10P1P_OR10P2P_OR10P3P,0
21511,82229,OR10Q1,0
21512,82229,OR10R2,0
21513,82229,OR10T2,0
21514,82229,OR10V1,0
21515,82229,OR10W1_OR10W1P,0
21516,82229,OR10X1_OR10X1P,0
21517,82229,OR10Z1,0
21518,82229,OR11A1_OR11A2,0
21519,82229,OR11G2,0
21520,82229,OR11H1,0
21521,82229,OR11H12,0
21522,82229,OR11H2_OR11H2P,0
21523,82229,OR11H4,0
21524,82229,OR11H6,0
21525,82229,OR11L1,0
21526,82229,OR12D2,0
21527,82229,OR12D3,0
21528,82229,OR13A1,0
21529,82229,OR13C2,0
21530,82229,OR13C3,0
21531,82229,OR13C4,0
21532,82229,OR13C5,0
21533,82229,OR13C8,0
21534,82229,OR13C9,0
21535,82229,OR13D1,0
21536,82229,OR13F1,0
21537,82229,OR13G1,0
21538,82229,OR13H1,0
21539,82229,OR13J1,0
21540,82229,OR14A2_OR5AX1_OR5AX1P,0
21541,82229,OR14C36_OR5BF1,0
21542,82229,OR14I1_OR5BU1_OR5BU1P,0
21543,82229,OR14J1_OR5U1,0
21544,82229,OR14K1_OR5AY1,0
21545,82229,OR14L1_OR14L1P_OR5AV1P,0
21546,82229,OR1A1,0
21547,82229,OR1A2,0
21548,82229,OR1C1,0
21549,82229,OR1D2,0
21550,82229,OR1D5,0
21551,82229,OR1E1_OR1E5_OR1E6_OR1E9P,0
21552,82229,OR1E2_OR1E4,0
21553,82229,OR1F1,0
21554,82229,OR1F12P_OR1F12,0
21555,82229,OR1G1_OR1G2,0
21556,82229,OR1I1,0
21557,82229,OR1J1,0
21558,82229,OR1J2_OR1J3_OR1J5,0
21559,82229,OR1J4,0
21560,82229,OR1K1,0
21561,82229,OR1L1_OR1L2,0
21562,82229,OR1L3,0
21563,82229,OR1L4_OR1L5,0
21564,82229,OR1L6_OR1L7,0
21565,82229,OR1L8,0
21566,82229,OR1M1,0
21567,82229,OR1N1_OR1N3,0
21568,82229,OR1N2,0
21569,82229,OR1Q1_OR1Q2_OR1Q3,0
21570,82229,OR1S1,0
21571,82229,OR1S2,0
21572,82229,OR2A1,0
21573,82229,OR2A12_OR2A12P,0
21574,82229,OR2A14,0
21575,82229,OR2A14_OR2A14P_OR2A6,0
21576,82229,OR2A25_OR2A25P_OR2A27,0
21577,82229,OR2A2_OR2A17P_OR2A2P,0
21578,82229,OR2A4_OR2A10,0
21579,82229,OR2A5_OR2A26_OR2A8,0
21580,82229,OR2A7,0
21581,82229,OR2AE1_OR2AE2,0
21582,82229,OR2AG1_OR2AG3,0
21583,82229,OR2AG2_OR2AG2P,0
21584,82229,OR2AJ1_OR2AJ1P,0
21585,82229,OR2AK2_OR2AK1P,0
21586,82229,OR2AP1_OR2AP1P,0
21587,82229,OR2AT4,0
21588,82229,OR2B11,0
21589,82229,OR2B2_OR2B9,0
21590,82229,OR2B3_OR2B3P,0
21591,82229,OR2B6,0
21592,82229,OR2B8P_OR2B8,0
21593,82229,OR2C1,0
21594,82229,OR2C3_OR2C4_OR2C5P,0
21595,82229,OR2D2_OR2D1,0
21596,82229,OR2D3,0
21597,82229,OR2F1_OR2F3_OR2F3P_OR2F4_OR2F5,0
21598,82229,OR2F2,0
21599,82229,OR2G2,0
21600,82229,OR2G3,0
21601,82229,OR2G6,0
21602,82229,OR2H1_OR2H6_OR2H8,0
21603,82229,OR2H2_OR2H3,0
21604,82229,OR2J1_OR2J1P,0
21605,82229,OR2J2,0
21606,82229,OR2J3,0
21607,82229,OR2K2_OR2AR1P,0
21608,82229,OR2L13_OR2L14,0
21609,82229,OR2L2_OR2L12_OR2L4P,0
21610,82229,OR2L3,0
21611,82229,OR2L5_OR2L11,0
21612,82229,OR2L8,0
21613,82229,OR2M2,0
21614,82229,OR2M3_OR2M3P_OR2M6,0
21615,82229,OR2M4,0
21616,82229,OR2M5,0
21617,82229,OR2M7,0
21618,82229,OR2S2,0
21619,82229,OR2T1,0
21620,82229,OR2T10,0
21621,82229,OR2T11,0
21622,82229,OR2T29,0
21623,82229,OR2T2_OR2T2P,0
21624,82229,OR2T3,0
21625,82229,OR2T33,0
21626,82229,OR2T34,0
21627,82229,OR2T35,0
21628,82229,OR2T4,0
21629,82229,OR2T5,0
21630,82229,OR2T6_OR2T6P_OR2T9,0
21631,82229,OR2T8_OR2T8P,0
21632,82229,OR2V1,0
21633,82229,OR2V2_OR2V3,0
21634,82229,OR2W1,0
21635,82229,OR2W3_OR2W3P_OR2W8P,0
21636,82229,OR2W5P_OR2W5,0
21637,82229,OR2Y1,0
21638,82229,OR2Z1_OR2Z2,0
21639,82229,OR3A1,0
21640,82229,OR3A2,0
21641,82229,OR3A3_OR3A6_OR3A7_OR3A8P,0
21642,82229,OR3A4P_OR3A4_OR3A5P,0
21643,82229,OR4A15,0
21644,82229,OR4A16,0
21645,82229,OR4A47,0
21646,82229,OR4A4P,0
21647,82229,OR4A5,0
21648,82229,OR4B1,0
21649,82229,OR4C11_OR4C11P,0
21650,82229,OR4C12,0
21651,82229,OR4C15,0
21652,82229,OR4C16,0
21653,82229,OR4C3,0
21654,82229,OR4C46,0
21655,82229,OR4C5,0
21656,82229,OR4C6,0
21657,82229,OR4D10_OR4D10P,0
21658,82229,OR4D1_OR4D3,0
21659,82229,OR4D2,0
21660,82229,OR4D5,1
21661,82229,OR4D6,0
21662,82229,OR4D9,0
21663,82229,OR4E2,0
21664,82229,OR4F14,0
21665,82229,OR4F15,0
21666,82229,OR4F17_OR4F11P_OR4F18_OR4F19,0
21667,82229,OR4F21_OR4F21P,0
21668,82229,OR4F3,0
21669,82229,OR4F4,0
21670,82229,OR4F6_OR4F12,0
21671,82229,OR4K1,0
21672,82229,OR4K13,0
21673,82229,OR4K15,0
21674,82229,OR4K17,0
21675,82229,OR4K2,0
21676,82229,OR4K3_OR4K3P,0
21677,82229,OR4K5,0
21678,82229,OR4L1_OR4L2P,0
21679,82229,OR4M1,0
21680,82229,OR4M2B,0
21681,82229,OR4N2,0
21682,82229,OR4N4,0
21683,82229,OR4P4_OR4P3P,0
21684,82229,OR4Q3_OR4Q4,0
21685,82229,OR4S1,0
21686,82229,OR4S2_OR4S2P,0
21687,82229,OR4X1,0
21688,82229,OR4X2,0
21689,82229,OR51A2,0
21690,82229,OR51A4,0
21691,82229,OR51B2_OR51B1P,0
21692,82229,OR51B4,0
21693,82229,OR51B5,0
21694,82229,OR51B6,0
21695,82229,OR51D1,0
21696,82229,OR51E1_OR51E1P_OR52A3P,0
21697,82229,OR51E2,0
21698,82229,OR51F1_OR51F1P,0
21699,82229,OR51F2,0
21700,82229,OR51G1_OR51G3P,0
21701,82229,OR51G2,0
21702,82229,OR51H1_OR51H1P,0
21703,82229,OR51I1,0
21704,82229,OR51I2,0
21705,82229,OR51J1_OR51J1P_OR51J2,0
21706,82229,OR51L1,0
21707,82229,OR51M1,1
21708,82229,OR51Q1,0
21709,82229,OR51S1,0
21710,82229,OR51T1,0
21711,82229,OR51V1_OR51A12,0
21712,82229,OR52A1,0
21713,82229,OR52A4P_OR52A4,0
21714,82229,OR52A5,0
21715,82229,OR52B2,0
21716,82229,OR52B4,0
21717,82229,OR52B6,0
21718,82229,OR52D1,0
21719,82229,OR52E2,0
21720,82229,OR52E4,1
21721,82229,OR52E5,1
21722,82229,OR52E6,0
21723,82229,OR52E8,0
21724,82229,OR52H1,0
21725,82229,OR52I2,0
21726,82229,OR52J3,0
21727,82229,OR52K1,0
21728,82229,OR52K2,0
21729,82229,OR52L1,0
21730,82229,OR52L2P_OR52L2,0
21731,82229,OR52M1_OR52M1P,0
21732,82229,OR52N1,0
21733,82229,OR52N2,0
21734,82229,OR52N4,1
21735,82229,OR52N5,0
21736,82229,OR52P1_OR52P1P,0
21737,82229,OR52R1,0
21738,82229,OR52W1_OR52W1P,0
21739,82229,OR56A1,0
21740,82229,OR56A3_OR56A3P_OR56A6,0
21741,82229,OR56A4,0
21742,82229,OR56A5_OR56A5P,0
21743,82229,OR56B1_OR56B1P,0
21744,82229,OR56B4,0
21745,82229,OR5A1_OR5A1P,0
21746,82229,OR5A2,0
21747,82229,OR5AC2,0
21748,82229,OR5AK2,0
21749,82229,OR5AK3P_OR5AK3,0
21750,82229,OR5AL1_OR5AL1P,0
21751,82229,OR5AN1,0
21752,82229,OR5AP2,0
21753,82229,OR5AR1,0
21754,82229,OR5AS1,0
21755,82229,OR5AU1,0
21756,82229,OR5B12_OR5B12P_OR5B16,0
21757,82229,OR5B17_OR5B20P,0
21758,82229,OR5B2,0
21759,82229,OR5B21,0
21760,82229,OR5B3_OR5B13,0
21761,82229,OR5C1_OR5C2P,0
21762,82229,OR5D13,0
21763,82229,OR5D14,0
21764,82229,OR5D16,0
21765,82229,OR5D18,0
21766,82229,OR5F1,0
21767,82229,OR5H1,0
21768,82229,OR5H14,0
21769,82229,OR5H2,0
21770,82229,OR5H6,0
21771,82229,OR5I1,0
21772,82229,OR5J2,0
21773,82229,OR5K1,0
21774,82229,OR5K2,0
21775,82229,OR5K3,0
21776,82229,OR5K4,0
21777,82229,OR5L1,0
21778,82229,OR5M1,0
21779,82229,OR5M10,0
21780,82229,OR5M11,0
21781,82229,OR5M8,0
21782,82229,OR5M9,0
21783,82229,OR5P2,0
21784,82229,OR5P3,0
21785,82229,OR5T1_OR5T1P,0
21786,82229,OR5T2,0
21787,82229,OR5T3,0
21788,82229,OR5V1,0
21789,82229,OR5W2_OR5W2P_OR5W3P,0
21790,82229,OR6A2_OR6A1_OR6A2P,0
21791,82229,OR6B1,0
21792,82229,OR6B2_OR6B2P,0
21793,82229,OR6B3_OR6B3P,0
21794,82229,OR6C1,0
21795,82229,OR6C2,0
21796,82229,OR6C3,0
21797,82229,OR6C4,0
21798,82229,OR6C6,0
21799,82229,OR6C65,0
21800,82229,OR6C68,0
21801,82229,OR6C70,0
21802,82229,OR6C74,0
21803,82229,OR6C75,0
21804,82229,OR6C76,0
21805,82229,OR6F1,0
21806,82229,OR6J1_OR6J2,0
21807,82229,OR6K2,0
21808,82229,OR6K3,0
21809,82229,OR6K6,0
21810,82229,OR6M1,0
21811,82229,OR6N1,0
21812,82229,OR6N2,0
21813,82229,OR6P1,0
21814,82229,OR6Q1,0
21815,82229,OR6S1,0
21816,82229,OR6T1,0
21817,82229,OR6V1,0
21818,82229,OR6X1,0
21819,82229,OR6Y1_OR6Y2,0
21820,82229,OR7A10,0
21821,82229,OR7A17,0
21822,82229,OR7A5,0
21823,82229,OR7C1_OR7C4,0
21824,82229,OR7D2,0
21825,82229,OR7D4_OR7D4P,0
21826,82229,OR7E24_OR7E24P,0
21827,82229,OR7G2,0
21828,82229,OR7G3,0
21829,82229,OR8A1,0
21830,82229,OR8B12,0
21831,82229,OR8B2,0
21832,82229,OR8B3,0
21833,82229,OR8B4_OR8B4P,0
21834,82229,OR8B8,0
21835,82229,OR8D1_OR8D3,0
21836,82229,OR8D2,0
21837,82229,OR8D4,0
21838,82229,OR8G1_OR8G1P,0
21839,82229,OR8G5_OR8G5P_OR8G6,0
21840,82229,OR8H1,0
21841,82229,OR8H2,0
21842,82229,OR8H3,0
21843,82229,OR8I2,0
21844,82229,OR8J1,0
21845,82229,OR8J3,0
21846,82229,OR8K1,0
21847,82229,OR8K3,0
21848,82229,OR8K5,0
21849,82229,OR8S1,0
21850,82229,OR8U1,0
21851,82229,OR8U3_OR5R1_OR5R1P,0
21852,82229,OR8U8,0
21853,82229,OR8U9,0
21854,82229,OR9A2,0
21855,82229,OR9A4,0
21856,82229,OR9G4,0
21857,82229,OR9G9,0
21858,82229,OR9I1,0
21859,82229,OR9K2,0
21860,82229,OR9Q1,0
21861,82229,OR9Q2,0
21862,82229,OR9Q2_OR9Q2P,0
21863,83203,OR1D2,1
21864,83268,OR1G1_OR1G2,0
21865,83268,OR1L3,0
21866,83268,OR2B3_OR2B3P,0
21867,83268,OR2G2,0
21868,83268,OR2M4,0
21869,83268,OR2T10,0
21870,83268,OR2T34,0
21871,83268,OR51B4,0
21872,83268,OR5AC2,0
21873,83268,OR5B17_OR5B20P,0
21874,84192,OR1A1,1
21875,84192,OR2W1,1
21876,84545,OR11A1_OR11A2,0
21877,84545,OR5A1_OR5A1P,0
21878,84545,OR5A2,1
21879,84545,OR5AN1,1
21880,85730,OR5M3,0
21881,85979,OR1D2,1
21882,85979,OR2A7,0
21883,85979,OR2T4,0
21884,85979,OR3A1,1
21885,85979,OR3A1,1
21886,86751,OR1D2,1
21887,86799,OR1G1_OR1G2,0
21888,86799,OR1L3,0
21889,86799,OR2B3_OR2B3P,0
21890,86799,OR2G2,0
21891,86799,OR2M4,0
21892,86799,OR2T10,0
21893,86799,OR2T34,0
21894,86799,OR5AC2,0
21895,86799,OR5B17_OR5B20P,0
21896,88290,OR1A1,0
21897,88290,OR2M3_OR2M3P_OR2M6,0
21898,88290,OR2W1,0
21899,89428,OR1D2,1
21900,89440,OR11A1_OR11A2,1
21901,89440,OR5A1_OR5A1P,0
21902,89440,OR5A2,1
21903,89440,OR5AN1,0
21904,90817,OR1D2,1
21905,91339,OR5AN1,0
21906,91497,OR10A2_OR10A2P,0
21907,91497,OR10A3,1
21908,91497,OR10A4_OR10A4P,1
21909,91497,OR10A5_OR10A1,1
21910,91497,OR10A6,1
21911,91497,OR10A7,1
21912,91497,OR10AD1_OR10AD1P,1
21913,91497,OR10AG1,1
21914,91497,OR10C1_OR10C2,1
21915,91497,OR10C1_OR10C2,1
21916,91497,OR10C1_OR10C2,1
21917,91497,OR10D3,1
21918,91497,OR10G3,1
21919,91497,OR10G4,0
21920,91497,OR10G6_OR10G6P,1
21921,91497,OR10G7,1
21922,91497,OR10G8,1
21923,91497,OR10G9_OR10G10P,1
21924,91497,OR10H1,1
21925,91497,OR10H2,1
21926,91497,OR10H3,1
21927,91497,OR10H4,1
21928,91497,OR10H5,1
21929,91497,OR10J1,1
21930,91497,OR10J3_OR10J3P,0
21931,91497,OR10J5,1
21932,91497,OR10J5,1
21933,91497,OR10K1,0
21934,91497,OR10K2,1
21935,91497,OR10P1_OR10P1P_OR10P2P_OR10P3P,1
21936,91497,OR10Q1,1
21937,91497,OR10R2,1
21938,91497,OR10R2,1
21939,91497,OR10S1,0
21940,91497,OR10T2,0
21941,91497,OR10V1,0
21942,91497,OR10W1_OR10W1P,1
21943,91497,OR10X1_OR10X1P,1
21944,91497,OR10X1_OR10X1P,1
21945,91497,OR10Z1,0
21946,91497,OR11A1_OR11A2,1
21947,91497,OR11G2,1
21948,91497,OR11H1,1
21949,91497,OR11H12,1
21950,91497,OR11H2_OR11H2P,1
21951,91497,OR11H4,1
21952,91497,OR11H4,1
21953,91497,OR11H6,1
21954,91497,OR11L1,1
21955,91497,OR12D2,1
21956,91497,OR12D2,1
21957,91497,OR12D3,1
21958,91497,OR13A1,1
21959,91497,OR13C2,0
21960,91497,OR13C3,1
21961,91497,OR13C3,1
21962,91497,OR13C4,1
21963,91497,OR13C5,1
21964,91497,OR13C8,0
21965,91497,OR13C9,1
21966,91497,OR13D1,1
21967,91497,OR13D1,1
21968,91497,OR13F1,1
21969,91497,OR13G1,0
21970,91497,OR13H1,1
21971,91497,OR13J1,0
21972,91497,OR14A2_OR5AX1_OR5AX1P,0
21973,91497,OR14C36_OR5BF1,1
21974,91497,OR14I1_OR5BU1_OR5BU1P,1
21975,91497,OR14J1_OR5U1,1
21976,91497,OR14J1_OR5U1,1
21977,91497,OR14K1_OR5AY1,1
21978,91497,OR14L1_OR14L1P_OR5AV1P,1
21979,91497,OR14L1_OR14L1P_OR5AV1P,1
21980,91497,OR1A1,1
21981,91497,OR1A1,1
21982,91497,OR1A1,1
21983,91497,OR1A2,0
21984,91497,OR1C1,1
21985,91497,OR1D2,1
21986,91497,OR1D2,1
21987,91497,OR1D5,1
21988,91497,OR1D5,1
21989,91497,OR1E1_OR1E5_OR1E6_OR1E9P,1
21990,91497,OR1E2_OR1E4,1
21991,91497,OR1E2_OR1E4,1
21992,91497,OR1F1,1
21993,91497,OR1F12P_OR1F12,1
21994,91497,OR1G1_OR1G2,1
21995,91497,OR1I1,1
21996,91497,OR1J1,1
21997,91497,OR1J1,1
21998,91497,OR1J1,1
21999,91497,OR1J2_OR1J3_OR1J5,1
22000,91497,OR1J4,1
22001,91497,OR1K1,1
22002,91497,OR1L1_OR1L2,1
22003,91497,OR1L3,1
22004,91497,OR1L4_OR1L5,1
22005,91497,OR1L6_OR1L7,1
22006,91497,OR1L6_OR1L7,1
22007,91497,OR1L8,0
22008,91497,OR1M1,0
22009,91497,OR1N1_OR1N3,1
22010,91497,OR1N2,1
22011,91497,OR1N2,1
22012,91497,OR1Q1_OR1Q2_OR1Q3,1
22013,91497,OR1S1,1
22014,91497,OR1S2,1
22015,91497,OR2A1,1
22016,91497,OR2A12_OR2A12P,1
22017,91497,OR2A14,1
22018,91497,OR2A14_OR2A14P_OR2A6,0
22019,91497,OR2A25_OR2A25P_OR2A27,1
22020,91497,OR2A2_OR2A17P_OR2A2P,1
22021,91497,OR2A2_OR2A17P_OR2A2P,1
22022,91497,OR2A4_OR2A10,1
22023,91497,OR2A5_OR2A26_OR2A8,1
22024,91497,OR2A7,1
22025,91497,OR2A7,1
22026,91497,OR2AE1_OR2AE2,1
22027,91497,OR2AG1_OR2AG3,1
22028,91497,OR2AG2_OR2AG2P,1
22029,91497,OR2AG2_OR2AG2P,1
22030,91497,OR2AJ1_OR2AJ1P,1
22031,91497,OR2AK2_OR2AK1P,1
22032,91497,OR2AP1_OR2AP1P,1
22033,91497,OR2AT4,1
22034,91497,OR2AT4,1
22035,91497,OR2B11,1
22036,91497,OR2B2_OR2B9,1
22037,91497,OR2B3_OR2B3P,1
22038,91497,OR2B6,1
22039,91497,OR2B8P_OR2B8,0
22040,91497,OR2C1,1
22041,91497,OR2C1,1
22042,91497,OR2C1,1
22043,91497,OR2C1,1
22044,91497,OR2C3_OR2C4_OR2C5P,1
22045,91497,OR2D2_OR2D1,0
22046,91497,OR2D3,1
22047,91497,OR2F1_OR2F3_OR2F3P_OR2F4_OR2F5,0
22048,91497,OR2F2,1
22049,91497,OR2G2,1
22050,91497,OR2G2,1
22051,91497,OR2G2,1
22052,91497,OR2G3,1
22053,91497,OR2G6,1
22054,91497,OR2H1_OR2H6_OR2H8,1
22055,91497,OR2H2_OR2H3,1
22056,91497,OR2J1_OR2J1P,1
22057,91497,OR2J2,1
22058,91497,OR2J2,1
22059,91497,OR2J2,1
22060,91497,OR2J3,0
22061,91497,OR2K2_OR2AR1P,1
22062,91497,OR2L13_OR2L14,1
22063,91497,OR2L2_OR2L12_OR2L4P,1
22064,91497,OR2L3,1
22065,91497,OR2L5_OR2L11,1
22066,91497,OR2L8,1
22067,91497,OR2M2,1
22068,91497,OR2M3_OR2M3P_OR2M6,0
22069,91497,OR2M4,0
22070,91497,OR2M5,1
22071,91497,OR2M7,1
22072,91497,OR2M7,1
22073,91497,OR2M7,1
22074,91497,OR2M7,1
22075,91497,OR2S2,1
22076,91497,OR2T1,1
22077,91497,OR2T10,1
22078,91497,OR2T11,0
22079,91497,OR2T29,1
22080,91497,OR2T2_OR2T2P,0
22081,91497,OR2T3,1
22082,91497,OR2T33,1
22083,91497,OR2T34,1
22084,91497,OR2T35,0
22085,91497,OR2T4,1
22086,91497,OR2T5,1
22087,91497,OR2T6_OR2T6P_OR2T9,1
22088,91497,OR2T8_OR2T8P,1
22089,91497,OR2T8_OR2T8P,1
22090,91497,OR2T8_OR2T8P,1
22091,91497,OR2V1,0
22092,91497,OR2V2_OR2V3,1
22093,91497,OR2W1,1
22094,91497,OR2W3_OR2W3P_OR2W8P,0
22095,91497,OR2W5P_OR2W5,1
22096,91497,OR2Y1,1
22097,91497,OR2Z1_OR2Z2,0
22098,91497,OR3A1,1
22099,91497,OR3A2,0
22100,91497,OR3A3_OR3A6_OR3A7_OR3A8P,1
22101,91497,OR3A4P_OR3A4_OR3A5P,0
22102,91497,OR4A15,0
22103,91497,OR4A16,1
22104,91497,OR4A47,1
22105,91497,OR4A4P,1
22106,91497,OR4A5,1
22107,91497,OR4B1,0
22108,91497,OR4C11_OR4C11P,1
22109,91497,OR4C12,1
22110,91497,OR4C15,1
22111,91497,OR4C16,0
22112,91497,OR4C3,1
22113,91497,OR4C3,1
22114,91497,OR4C46,1
22115,91497,OR4C5,1
22116,91497,OR4C6,1
22117,91497,OR4D10_OR4D10P,0
22118,91497,OR4D1_OR4D3,1
22119,91497,OR4D1_OR4D3,1
22120,91497,OR4D2,0
22121,91497,OR4D5,0
22122,91497,OR4D6,0
22123,91497,OR4D9,1
22124,91497,OR4E2,1
22125,91497,OR4F14,0
22126,91497,OR4F15,1
22127,91497,OR4F17_OR4F11P_OR4F18_OR4F19,1
22128,91497,OR4F17_OR4F11P_OR4F18_OR4F19,1
22129,91497,OR4F21_OR4F21P,1
22130,91497,OR4F3,1
22131,91497,OR4F4,1
22132,91497,OR4F6_OR4F12,1
22133,91497,OR4K1,1
22134,91497,OR4K13,1
22135,91497,OR4K15,0
22136,91497,OR4K17,1
22137,91497,OR4K2,1
22138,91497,OR4K3_OR4K3P,1
22139,91497,OR4K5,1
22140,91497,OR4L1_OR4L2P,0
22141,91497,OR4M1,0
22142,91497,OR4M2B,1
22143,91497,OR4N2,1
22144,91497,OR4N4,1
22145,91497,OR4P4_OR4P3P,1
22146,91497,OR4Q3_OR4Q4,1
22147,91497,OR4S1,1
22148,91497,OR4S2_OR4S2P,1
22149,91497,OR4X1,1
22150,91497,OR4X2,0
22151,91497,OR51A2,1
22152,91497,OR51A2,1
22153,91497,OR51A4,0
22154,91497,OR51A7,0
22155,91497,OR51B2_OR51B1P,0
22156,91497,OR51B4,0
22157,91497,OR51B5,0
22158,91497,OR51B6,1
22159,91497,OR51D1,0
22160,91497,OR51E1_OR51E1P_OR52A3P,1
22161,91497,OR51E2,0
22162,91497,OR51F1_OR51F1P,1
22163,91497,OR51F1_OR51F1P,1
22164,91497,OR51F2,1
22165,91497,OR51G1_OR51G3P,1
22166,91497,OR51G2,0
22167,91497,OR51H1_OR51H1P,0
22168,91497,OR51I1,1
22169,91497,OR51I2,0
22170,91497,OR51J1_OR51J1P_OR51J2,1
22171,91497,OR51J1_OR51J1P_OR51J2,1
22172,91497,OR51L1,1
22173,91497,OR51L1,1
22174,91497,OR51L1,1
22175,91497,OR51M1,0
22176,91497,OR51Q1,0
22177,91497,OR51S1,1
22178,91497,OR51T1,0
22179,91497,OR51V1_OR51A12,1
22180,91497,OR51V1_OR51A12,1
22181,91497,OR52A1,0
22182,91497,OR52A4P_OR52A4,0
22183,91497,OR52A5,1
22184,91497,OR52B2,1
22185,91497,OR52B4,1
22186,91497,OR52B6,1
22187,91497,OR52D1,0
22188,91497,OR52E2,1
22189,91497,OR52E4,0
22190,91497,OR52E5,0
22191,91497,OR52E6,0
22192,91497,OR52E8,0
22193,91497,OR52H1,1
22194,91497,OR52I1,0
22195,91497,OR52I2,1
22196,91497,OR52I2,1
22197,91497,OR52J3,1
22198,91497,OR52K1,0
22199,91497,OR52K2,1
22200,91497,OR52L1,1
22201,91497,OR52L2P_OR52L2,1
22202,91497,OR52M1_OR52M1P,0
22203,91497,OR52N1,0
22204,91497,OR52N2,1
22205,91497,OR52N2,1
22206,91497,OR52N4,0
22207,91497,OR52N5,0
22208,91497,OR52P1_OR52P1P,1
22209,91497,OR52R1,1
22210,91497,OR52W1_OR52W1P,0
22211,91497,OR56A1,1
22212,91497,OR56A3_OR56A3P_OR56A6,0
22213,91497,OR56A4,0
22214,91497,OR56A5_OR56A5P,1
22215,91497,OR56B1_OR56B1P,0
22216,91497,OR56B4,0
22217,91497,OR5A1_OR5A1P,1
22218,91497,OR5A2,1
22219,91497,OR5AC2,1
22220,91497,OR5AK2,1
22221,91497,OR5AK2,1
22222,91497,OR5AK3P_OR5AK3,1
22223,91497,OR5AL1_OR5AL1P,1
22224,91497,OR5AN1,1
22225,91497,OR5AP2,0
22226,91497,OR5AR1,1
22227,91497,OR5AS1,0
22228,91497,OR5AU1,1
22229,91497,OR5AU1,1
22230,91497,OR5B12_OR5B12P_OR5B16,0
22231,91497,OR5B17_OR5B20P,0
22232,91497,OR5B2,1
22233,91497,OR5B21,1
22234,91497,OR5B3_OR5B13,0
22235,91497,OR5C1_OR5C2P,1
22236,91497,OR5D13,0
22237,91497,OR5D14,0
22238,91497,OR5D16,1
22239,91497,OR5D18,0
22240,91497,OR5F1,1
22241,91497,OR5H1,1
22242,91497,OR5H1,1
22243,91497,OR5H14,1
22244,91497,OR5H2,1
22245,91497,OR5H2,1
22246,91497,OR5H6,1
22247,91497,OR5H6,1
22248,91497,OR5I1,0
22249,91497,OR5J2,0
22250,91497,OR5K1,0
22251,91497,OR5K2,1
22252,91497,OR5K3,1
22253,91497,OR5K4,1
22254,91497,OR5L1,1
22255,91497,OR5L1,1
22256,91497,OR5M1,1
22257,91497,OR5M10,0
22258,91497,OR5M11,0
22259,91497,OR5M3,0
22260,91497,OR5M8,1
22261,91497,OR5M9,1
22262,91497,OR5P2,1
22263,91497,OR5P3,0
22264,91497,OR5T1_OR5T1P,1
22265,91497,OR5T1_OR5T1P,1
22266,91497,OR5T2,1
22267,91497,OR5T2,1
22268,91497,OR5T3,1
22269,91497,OR5V1,0
22270,91497,OR5W2_OR5W2P_OR5W3P,1
22271,91497,OR6A2_OR6A1_OR6A2P,1
22272,91497,OR6B1,0
22273,91497,OR6B2_OR6B2P,1
22274,91497,OR6B3_OR6B3P,1
22275,91497,OR6C1,1
22276,91497,OR6C2,1
22277,91497,OR6C3,1
22278,91497,OR6C4,1
22279,91497,OR6C6,1
22280,91497,OR6C65,1
22281,91497,OR6C68,0
22282,91497,OR6C70,1
22283,91497,OR6C74,1
22284,91497,OR6C75,1
22285,91497,OR6C76,1
22286,91497,OR6F1,1
22287,91497,OR6J1_OR6J2,1
22288,91497,OR6J1_OR6J2,1
22289,91497,OR6K2,1
22290,91497,OR6K3,1
22291,91497,OR6K3,1
22292,91497,OR6K6,1
22293,91497,OR6K6,1
22294,91497,OR6M1,1
22295,91497,OR6N1,1
22296,91497,OR6N2,1
22297,91497,OR6P1,0
22298,91497,OR6Q1,0
22299,91497,OR6S1,1
22300,91497,OR6T1,0
22301,91497,OR6V1,1
22302,91497,OR6X1,0
22303,91497,OR6Y1_OR6Y2,1
22304,91497,OR7A10,1
22305,91497,OR7A17,1
22306,91497,OR7A5,1
22307,91497,OR7C1_OR7C4,1
22308,91497,OR7D2,1
22309,91497,OR7D4_OR7D4P,1
22310,91497,OR7E24_OR7E24P,1
22311,91497,OR7G2,1
22312,91497,OR7G3,1
22313,91497,OR8A1,1
22314,91497,OR8B12,1
22315,91497,OR8B2,0
22316,91497,OR8B3,0
22317,91497,OR8B4_OR8B4P,1
22318,91497,OR8B8,1
22319,91497,OR8D1_OR8D3,0
22320,91497,OR8D2,0
22321,91497,OR8D4,0
22322,91497,OR8G1_OR8G1P,1
22323,91497,OR8G5_OR8G5P_OR8G6,1
22324,91497,OR8H1,1
22325,91497,OR8H2,0
22326,91497,OR8H3,0
22327,91497,OR8I2,1
22328,91497,OR8J1,1
22329,91497,OR8J3,0
22330,91497,OR8K1,1
22331,91497,OR8K3,0
22332,91497,OR8K5,1
22333,91497,OR8S1,1
22334,91497,OR8U1,1
22335,91497,OR8U3_OR5R1_OR5R1P,0
22336,91497,OR8U8,1
22337,91497,OR8U9,1
22338,91497,OR9A2,1
22339,91497,OR9A4,1
22340,91497,OR9G4,1
22341,91497,OR9G9,0
22342,91497,OR9I1,0
22343,91497,OR9K2,1
22344,91497,OR9Q1,1
22345,91497,OR9Q1,1
22346,91497,OR9Q2,0
22347,91497,OR9Q2_OR9Q2P,1
22348,91497,OR9Q2_OR9Q2P,1
22349,91604,OR10A5_OR10A1,1
22350,91604,OR10G4,0
22351,91604,OR10G7,0
22352,91604,OR10J1,0
22353,91604,OR10J3_OR10J3P,0
22354,91604,OR10J5,1
22355,91604,OR10J5,1
22356,91604,OR10J5,1
22357,91604,OR10J5,1
22358,91604,OR10J5,1
22359,91604,OR10S1,0
22360,91604,OR11G2,0
22361,91604,OR11H1,0
22362,91604,OR13C2,0
22363,91604,OR13C4,0
22364,91604,OR1A1,1
22365,91604,OR1D5,0
22366,91604,OR1F12P_OR1F12,0
22367,91604,OR1G1_OR1G2,1
22368,91604,OR1J1,0
22369,91604,OR1S1,1
22370,91604,OR2A1,0
22371,91604,OR2A7,0
22372,91604,OR2C1,0
22373,91604,OR2C3_OR2C4_OR2C5P,0
22374,91604,OR2D2_OR2D1,0
22375,91604,OR2J2,0
22376,91604,OR2J3,0
22377,91604,OR2L13_OR2L14,0
22378,91604,OR2L5_OR2L11,1
22379,91604,OR2M7,0
22380,91604,OR2T2_OR2T2P,0
22381,91604,OR2T33,0
22382,91604,OR2T35,0
22383,91604,OR2T4,0
22384,91604,OR2T8_OR2T8P,0
22385,91604,OR2V1,0
22386,91604,OR2W1,1
22387,91604,OR2W3_OR2W3P_OR2W8P,0
22388,91604,OR3A3_OR3A6_OR3A7_OR3A8P,0
22389,91604,OR3A4P_OR3A4_OR3A5P,0
22390,91604,OR4A47,0
22391,91604,OR4A5,1
22392,91604,OR4A5,1
22393,91604,OR4C16,0
22394,91604,OR4D5,0
22395,91604,OR4F17_OR4F11P_OR4F18_OR4F19,1
22396,91604,OR4F21_OR4F21P,0
22397,91604,OR4F4,1
22398,91604,OR4K15,0
22399,91604,OR4M1,0
22400,91604,OR51A2,0
22401,91604,OR51B2_OR51B1P,0
22402,91604,OR51B4,0
22403,91604,OR51B5,0
22404,91604,OR51B6,1
22405,91604,OR51E1_OR51E1P_OR52A3P,0
22406,91604,OR51E2,0
22407,91604,OR51I1,1
22408,91604,OR51J1_OR51J1P_OR51J2,0
22409,91604,OR51L1,0
22410,91604,OR51M1,0
22411,91604,OR51S1,0
22412,91604,OR51V1_OR51A12,0
22413,91604,OR52A4P_OR52A4,0
22414,91604,OR52A5,0
22415,91604,OR52D1,0
22416,91604,OR52E4,0
22417,91604,OR52E5,0
22418,91604,OR52H1,0
22419,91604,OR52N2,0
22420,91604,OR52N4,0
22421,91604,OR52N5,1
22422,91604,OR52R1,0
22423,91604,OR52W1_OR52W1P,0
22424,91604,OR56A4,0
22425,91604,OR56A5_OR56A5P,0
22426,91604,OR5B12_OR5B12P_OR5B16,0
22427,91604,OR5J2,0
22428,91604,OR5K4,0
22429,91604,OR5L1,0
22430,91604,OR5M10,0
22431,91604,OR5M11,0
22432,91604,OR5M9,0
22433,91604,OR5P3,0
22434,91604,OR6C68,0
22435,91604,OR6J1_OR6J2,0
22436,91604,OR6P1,0
22437,91604,OR6V1,0
22438,91604,OR6X1,0
22439,91604,OR8B12,0
22440,91604,OR8B2,0
22441,91604,OR8B3,0
22442,91604,OR9Q1,0
22443,91696,OR11A1_OR11A2,1
22444,91696,OR5A1_OR5A1P,0
22445,91696,OR5A2,1
22446,91696,OR5AN1,0
22447,92258,OR51E2,0
22448,92292,OR11A1_OR11A2,1
22449,92292,OR5A1_OR5A1P,0
22450,92292,OR5A2,1
22451,92292,OR5AN1,0
22452,92751,OR51E2,0
22453,92979,OR10A2_OR10A2P,0
22454,92979,OR10A3,0
22455,92979,OR10A4_OR10A4P,0
22456,92979,OR10A5_OR10A1,0
22457,92979,OR10A6,1
22458,92979,OR10A7,0
22459,92979,OR10AD1_OR10AD1P,0
22460,92979,OR10AG1,0
22461,92979,OR10C1_OR10C2,0
22462,92979,OR10D3,0
22463,92979,OR10G3,0
22464,92979,OR10G4,1
22465,92979,OR10G6_OR10G6P,0
22466,92979,OR10G7,1
22467,92979,OR10G8,0
22468,92979,OR10G9_OR10G10P,0
22469,92979,OR10H1,0
22470,92979,OR10H2,0
22471,92979,OR10H3,0
22472,92979,OR10H4,0
22473,92979,OR10H5,0
22474,92979,OR10J1,0
22475,92979,OR10J3_OR10J3P,0
22476,92979,OR10J5,0
22477,92979,OR10K1,0
22478,92979,OR10K2,0
22479,92979,OR10P1_OR10P1P_OR10P2P_OR10P3P,0
22480,92979,OR10Q1,0
22481,92979,OR10R2,0
22482,92979,OR10T2,0
22483,92979,OR10V1,0
22484,92979,OR10W1_OR10W1P,0
22485,92979,OR10X1_OR10X1P,0
22486,92979,OR10Z1,0
22487,92979,OR11A1_OR11A2,1
22488,92979,OR11G2,0
22489,92979,OR11H1,0
22490,92979,OR11H12,0
22491,92979,OR11H2_OR11H2P,0
22492,92979,OR11H4,0
22493,92979,OR11H6,0
22494,92979,OR11L1,0
22495,92979,OR12D2,1
22496,92979,OR12D3,0
22497,92979,OR13A1,0
22498,92979,OR13C2,0
22499,92979,OR13C3,0
22500,92979,OR13C4,0
22501,92979,OR13C5,0
22502,92979,OR13C8,0
22503,92979,OR13C9,0
22504,92979,OR13D1,0
22505,92979,OR13F1,0
22506,92979,OR13G1,0
22507,92979,OR13H1,0
22508,92979,OR13J1,0
22509,92979,OR14A2_OR5AX1_OR5AX1P,0
22510,92979,OR14C36_OR5BF1,0
22511,92979,OR14I1_OR5BU1_OR5BU1P,0
22512,92979,OR14J1_OR5U1,0
22513,92979,OR14K1_OR5AY1,0
22514,92979,OR14L1_OR14L1P_OR5AV1P,0
22515,92979,OR1A1,0
22516,92979,OR1A2,0
22517,92979,OR1C1,0
22518,92979,OR1D2,0
22519,92979,OR1D5,0
22520,92979,OR1E1_OR1E5_OR1E6_OR1E9P,0
22521,92979,OR1E2_OR1E4,0
22522,92979,OR1F1,0
22523,92979,OR1F12P_OR1F12,0
22524,92979,OR1G1_OR1G2,0
22525,92979,OR1I1,0
22526,92979,OR1J1,0
22527,92979,OR1J2_OR1J3_OR1J5,0
22528,92979,OR1J4,0
22529,92979,OR1K1,0
22530,92979,OR1L1_OR1L2,0
22531,92979,OR1L3,0
22532,92979,OR1L4_OR1L5,0
22533,92979,OR1L6_OR1L7,0
22534,92979,OR1L8,1
22535,92979,OR1M1,0
22536,92979,OR1N1_OR1N3,0
22537,92979,OR1N2,0
22538,92979,OR1Q1_OR1Q2_OR1Q3,0
22539,92979,OR1S1,0
22540,92979,OR1S2,0
22541,92979,OR2A1,0
22542,92979,OR2A12_OR2A12P,1
22543,92979,OR2A14,0
22544,92979,OR2A14_OR2A14P_OR2A6,1
22545,92979,OR2A25_OR2A25P_OR2A27,0
22546,92979,OR2A2_OR2A17P_OR2A2P,0
22547,92979,OR2A4_OR2A10,0
22548,92979,OR2A5_OR2A26_OR2A8,0
22549,92979,OR2A7,0
22550,92979,OR2AE1_OR2AE2,0
22551,92979,OR2AG1_OR2AG3,0
22552,92979,OR2AG2_OR2AG2P,0
22553,92979,OR2AJ1_OR2AJ1P,0
22554,92979,OR2AK2_OR2AK1P,0
22555,92979,OR2AP1_OR2AP1P,0
22556,92979,OR2AT4,0
22557,92979,OR2B11,0
22558,92979,OR2B2_OR2B9,0
22559,92979,OR2B3_OR2B3P,0
22560,92979,OR2B6,0
22561,92979,OR2B8P_OR2B8,0
22562,92979,OR2C1,0
22563,92979,OR2C3_OR2C4_OR2C5P,0
22564,92979,OR2D2_OR2D1,0
22565,92979,OR2D3,0
22566,92979,OR2F1_OR2F3_OR2F3P_OR2F4_OR2F5,1
22567,92979,OR2F2,1
22568,92979,OR2G2,0
22569,92979,OR2G3,0
22570,92979,OR2G6,0
22571,92979,OR2H1_OR2H6_OR2H8,0
22572,92979,OR2H2_OR2H3,1
22573,92979,OR2J1_OR2J1P,0
22574,92979,OR2J2,0
22575,92979,OR2J3,0
22576,92979,OR2K2_OR2AR1P,0
22577,92979,OR2L13_OR2L14,0
22578,92979,OR2L2_OR2L12_OR2L4P,0
22579,92979,OR2L3,0
22580,92979,OR2L5_OR2L11,0
22581,92979,OR2L8,0
22582,92979,OR2M2,0
22583,92979,OR2M3_OR2M3P_OR2M6,0
22584,92979,OR2M4,0
22585,92979,OR2M5,0
22586,92979,OR2M7,0
22587,92979,OR2S2,0
22588,92979,OR2T1,0
22589,92979,OR2T10,0
22590,92979,OR2T11,0
22591,92979,OR2T29,0
22592,92979,OR2T2_OR2T2P,0
22593,92979,OR2T3,0
22594,92979,OR2T33,0
22595,92979,OR2T34,0
22596,92979,OR2T35,1
22597,92979,OR2T4,0
22598,92979,OR2T5,0
22599,92979,OR2T6_OR2T6P_OR2T9,0
22600,92979,OR2T8_OR2T8P,0
22601,92979,OR2V1,0
22602,92979,OR2V2_OR2V3,0
22603,92979,OR2W1,0
22604,92979,OR2W3_OR2W3P_OR2W8P,0
22605,92979,OR2W5P_OR2W5,0
22606,92979,OR2Y1,1
22607,92979,OR2Z1_OR2Z2,0
22608,92979,OR3A1,0
22609,92979,OR3A2,1
22610,92979,OR3A3_OR3A6_OR3A7_OR3A8P,0
22611,92979,OR3A4P_OR3A4_OR3A5P,0
22612,92979,OR4A15,0
22613,92979,OR4A16,0
22614,92979,OR4A47,0
22615,92979,OR4A4P,0
22616,92979,OR4A5,0
22617,92979,OR4B1,0
22618,92979,OR4C11_OR4C11P,0
22619,92979,OR4C12,0
22620,92979,OR4C15,0
22621,92979,OR4C16,0
22622,92979,OR4C3,0
22623,92979,OR4C46,0
22624,92979,OR4C5,0
22625,92979,OR4C6,0
22626,92979,OR4D10_OR4D10P,0
22627,92979,OR4D1_OR4D3,0
22628,92979,OR4D2,0
22629,92979,OR4D5,0
22630,92979,OR4D6,0
22631,92979,OR4D9,0
22632,92979,OR4E2,0
22633,92979,OR4F14,0
22634,92979,OR4F15,0
22635,92979,OR4F17_OR4F11P_OR4F18_OR4F19,0
22636,92979,OR4F21_OR4F21P,0
22637,92979,OR4F3,0
22638,92979,OR4F4,0
22639,92979,OR4F6_OR4F12,0
22640,92979,OR4K1,0
22641,92979,OR4K13,0
22642,92979,OR4K15,0
22643,92979,OR4K17,0
22644,92979,OR4K2,0
22645,92979,OR4K3_OR4K3P,0
22646,92979,OR4K5,0
22647,92979,OR4L1_OR4L2P,0
22648,92979,OR4M1,0
22649,92979,OR4M2B,0
22650,92979,OR4N2,0
22651,92979,OR4N4,0
22652,92979,OR4P4_OR4P3P,0
22653,92979,OR4Q3_OR4Q4,0
22654,92979,OR4S1,0
22655,92979,OR4S2_OR4S2P,0
22656,92979,OR4X1,0
22657,92979,OR4X2,0
22658,92979,OR51A2,0
22659,92979,OR51A4,0
22660,92979,OR51B2_OR51B1P,0
22661,92979,OR51B4,0
22662,92979,OR51B5,0
22663,92979,OR51B6,0
22664,92979,OR51D1,0
22665,92979,OR51E1_OR51E1P_OR52A3P,0
22666,92979,OR51E2,0
22667,92979,OR51F1_OR51F1P,0
22668,92979,OR51F2,0
22669,92979,OR51G1_OR51G3P,0
22670,92979,OR51G2,0
22671,92979,OR51H1_OR51H1P,0
22672,92979,OR51I1,0
22673,92979,OR51I2,0
22674,92979,OR51J1_OR51J1P_OR51J2,0
22675,92979,OR51L1,1
22676,92979,OR51M1,0
22677,92979,OR51Q1,0
22678,92979,OR51S1,0
22679,92979,OR51T1,0
22680,92979,OR51V1_OR51A12,0
22681,92979,OR52A1,0
22682,92979,OR52A4P_OR52A4,0
22683,92979,OR52A5,0
22684,92979,OR52B2,0
22685,92979,OR52B4,0
22686,92979,OR52B6,0
22687,92979,OR52D1,0
22688,92979,OR52E2,0
22689,92979,OR52E4,1
22690,92979,OR52E5,1
22691,92979,OR52E6,0
22692,92979,OR52E8,0
22693,92979,OR52H1,0
22694,92979,OR52I2,0
22695,92979,OR52J3,0
22696,92979,OR52K1,0
22697,92979,OR52K2,0
22698,92979,OR52L1,0
22699,92979,OR52L2P_OR52L2,0
22700,92979,OR52M1_OR52M1P,0
22701,92979,OR52N1,0
22702,92979,OR52N2,0
22703,92979,OR52N4,1
22704,92979,OR52N5,0
22705,92979,OR52P1_OR52P1P,0
22706,92979,OR52R1,0
22707,92979,OR52W1_OR52W1P,0
22708,92979,OR56A1,0
22709,92979,OR56A3_OR56A3P_OR56A6,0
22710,92979,OR56A4,0
22711,92979,OR56A5_OR56A5P,0
22712,92979,OR56B1_OR56B1P,0
22713,92979,OR56B4,0
22714,92979,OR5A1_OR5A1P,0
22715,92979,OR5A2,0
22716,92979,OR5AC2,0
22717,92979,OR5AK2,0
22718,92979,OR5AK3P_OR5AK3,0
22719,92979,OR5AL1_OR5AL1P,0
22720,92979,OR5AN1,0
22721,92979,OR5AP2,0
22722,92979,OR5AR1,0
22723,92979,OR5AS1,0
22724,92979,OR5AU1,0
22725,92979,OR5B12_OR5B12P_OR5B16,0
22726,92979,OR5B17_OR5B20P,0
22727,92979,OR5B2,0
22728,92979,OR5B21,0
22729,92979,OR5B3_OR5B13,0
22730,92979,OR5C1_OR5C2P,0
22731,92979,OR5D13,0
22732,92979,OR5D14,0
22733,92979,OR5D16,0
22734,92979,OR5D18,0
22735,92979,OR5F1,0
22736,92979,OR5H1,0
22737,92979,OR5H14,0
22738,92979,OR5H2,0
22739,92979,OR5H6,0
22740,92979,OR5I1,0
22741,92979,OR5J2,0
22742,92979,OR5K1,1
22743,92979,OR5K2,0
22744,92979,OR5K3,0
22745,92979,OR5K4,0
22746,92979,OR5L1,0
22747,92979,OR5M1,0
22748,92979,OR5M10,1
22749,92979,OR5M11,0
22750,92979,OR5M8,0
22751,92979,OR5M9,0
22752,92979,OR5P2,0
22753,92979,OR5P3,0
22754,92979,OR5T1_OR5T1P,0
22755,92979,OR5T2,0
22756,92979,OR5T3,0
22757,92979,OR5V1,1
22758,92979,OR5W2_OR5W2P_OR5W3P,0
22759,92979,OR6A2_OR6A1_OR6A2P,0
22760,92979,OR6B1,0
22761,92979,OR6B2_OR6B2P,0
22762,92979,OR6B3_OR6B3P,0
22763,92979,OR6C1,0
22764,92979,OR6C2,0
22765,92979,OR6C3,0
22766,92979,OR6C4,0
22767,92979,OR6C6,0
22768,92979,OR6C65,0
22769,92979,OR6C68,0
22770,92979,OR6C70,0
22771,92979,OR6C74,0
22772,92979,OR6C75,0
22773,92979,OR6C76,0
22774,92979,OR6F1,0
22775,92979,OR6J1_OR6J2,0
22776,92979,OR6K2,0
22777,92979,OR6K3,0
22778,92979,OR6K6,0
22779,92979,OR6M1,0
22780,92979,OR6N1,0
22781,92979,OR6N2,0
22782,92979,OR6P1,0
22783,92979,OR6Q1,0
22784,92979,OR6S1,0
22785,92979,OR6T1,0
22786,92979,OR6V1,0
22787,92979,OR6X1,0
22788,92979,OR6Y1_OR6Y2,0
22789,92979,OR7A10,0
22790,92979,OR7A17,0
22791,92979,OR7A5,0
22792,92979,OR7C1_OR7C4,1
22793,92979,OR7C1_OR7C4,1
22794,92979,OR7C1_OR7C4,1
22795,92979,OR7D2,0
22796,92979,OR7D4_OR7D4P,1
22797,92979,OR7D4_OR7D4P,1
22798,92979,OR7D4_OR7D4P,1
22799,92979,OR7D4_OR7D4P,1
22800,92979,OR7D4_OR7D4P,1
22801,92979,OR7E24_OR7E24P,0
22802,92979,OR7G2,0
22803,92979,OR7G3,0
22804,92979,OR8A1,0
22805,92979,OR8B12,0
22806,92979,OR8B2,0
22807,92979,OR8B3,0
22808,92979,OR8B4_OR8B4P,0
22809,92979,OR8B8,0
22810,92979,OR8D1_OR8D3,0
22811,92979,OR8D2,0
22812,92979,OR8D4,0
22813,92979,OR8G1_OR8G1P,0
22814,92979,OR8G5_OR8G5P_OR8G6,0
22815,92979,OR8H1,0
22816,92979,OR8H2,0
22817,92979,OR8H3,0
22818,92979,OR8I2,0
22819,92979,OR8J1,0
22820,92979,OR8J3,0
22821,92979,OR8K1,0
22822,92979,OR8K3,0
22823,92979,OR8K5,0
22824,92979,OR8S1,0
22825,92979,OR8U1,0
22826,92979,OR8U3_OR5R1_OR5R1P,0
22827,92979,OR8U8,0
22828,92979,OR8U9,0
22829,92979,OR9A2,0
22830,92979,OR9A4,0
22831,92979,OR9G4,0
22832,92979,OR9G9,0
22833,92979,OR9I1,0
22834,92979,OR9K2,0
22835,92979,OR9Q1,0
22836,92979,OR9Q2,0
22837,92979,OR9Q2_OR9Q2P,0
22838,93199,OR1D2,1
22839,94243,OR1D2,0
22840,95315,OR51E1_OR51E1P_OR52A3P,1
22841,95315,OR51E2,0
22842,95315,OR51I2,1
22843,95315,OR51L1,0
22844,95315,OR52A5,0
22845,95315,OR52B2,0
22846,95315,OR52D1,0
22847,95315,OR52E8,0
22848,95315,OR52L1,0
22849,95315,OR56A5_OR56A5P,0
22850,95593,OR3A1,1
22851,95593,OR3A1,1
22852,95594,OR3A1,1
22853,95594,OR3A1,1
22854,97707,OR1D2,1
22855,99868,OR1D2,1
22856,101977,OR1A1,1
22857,101977,OR1A2,1
22858,102861,OR1G1_OR1G2,1
22859,102861,OR1L3,0
22860,102861,OR2B3_OR2B3P,0
22861,102861,OR2G2,0
22862,102861,OR2M4,0
22863,102861,OR2T10,0
22864,102861,OR2T34,0
22865,102861,OR52D1,0
22866,102861,OR5AC2,0
22867,102861,OR5B17_OR5B20P,0
22868,105513,OR1D2,1
22869,105513,OR1G1_OR1G2,1
22870,105513,OR1G1_OR1G2,1
22871,105513,OR1G1_OR1G2,1
22872,105513,OR1G1_OR1G2,1
22873,105513,OR1L3,0
22874,105513,OR2B3_OR2B3P,0
22875,105513,OR2G2,0
22876,105513,OR2M4,0
22877,105513,OR2T10,0
22878,105513,OR2T34,1
22879,105513,OR2T34,1
22880,105513,OR2T34,1
22881,105513,OR2T34,1
22882,105513,OR2T34,1
22883,105513,OR5AC2,0
22884,105513,OR5B17_OR5B20P,1
22885,105513,OR5B17_OR5B20P,1
22886,105513,OR5B17_OR5B20P,1
22887,105513,OR5B17_OR5B20P,1
22888,105516,OR1D2,1
22889,106442,OR1D2,1
22890,106729,OR1G1_OR1G2,0
22891,106729,OR1L3,0
22892,106729,OR2B3_OR2B3P,0
22893,106729,OR2G2,0
22894,106729,OR2M4,0
22895,106729,OR2T10,0
22896,106729,OR2T34,0
22897,106729,OR5AC2,0
22898,106729,OR5B17_OR5B20P,0
22899,106997,OR10A2_OR10A2P,0
22900,106997,OR10A3,0
22901,106997,OR10A4_OR10A4P,0
22902,106997,OR10A5_OR10A1,0
22903,106997,OR10A6,0
22904,106997,OR10A7,0
22905,106997,OR10AD1_OR10AD1P,0
22906,106997,OR10AG1,0
22907,106997,OR10C1_OR10C2,0
22908,106997,OR10D3,0
22909,106997,OR10G3,0
22910,106997,OR10G4,0
22911,106997,OR10G6_OR10G6P,0
22912,106997,OR10G7,1
22913,106997,OR10G8,0
22914,106997,OR10G9_OR10G10P,0
22915,106997,OR10H1,0
22916,106997,OR10H2,0
22917,106997,OR10H3,0
22918,106997,OR10H4,0
22919,106997,OR10H5,0
22920,106997,OR10J1,0
22921,106997,OR10J3_OR10J3P,0
22922,106997,OR10J5,0
22923,106997,OR10K1,0
22924,106997,OR10K2,0
22925,106997,OR10P1_OR10P1P_OR10P2P_OR10P3P,0
22926,106997,OR10Q1,0
22927,106997,OR10R2,0
22928,106997,OR10T2,0
22929,106997,OR10V1,0
22930,106997,OR10W1_OR10W1P,0
22931,106997,OR10X1_OR10X1P,0
22932,106997,OR10Z1,0
22933,106997,OR11A1_OR11A2,1
22934,106997,OR11G2,0
22935,106997,OR11H1,1
22936,106997,OR11H12,0
22937,106997,OR11H2_OR11H2P,0
22938,106997,OR11H4,0
22939,106997,OR11H6,0
22940,106997,OR11L1,0
22941,106997,OR12D2,0
22942,106997,OR12D3,0
22943,106997,OR13A1,0
22944,106997,OR13C2,0
22945,106997,OR13C3,0
22946,106997,OR13C4,0
22947,106997,OR13C5,0
22948,106997,OR13C8,0
22949,106997,OR13C9,0
22950,106997,OR13D1,0
22951,106997,OR13F1,0
22952,106997,OR13G1,0
22953,106997,OR13H1,0
22954,106997,OR13J1,0
22955,106997,OR14A2_OR5AX1_OR5AX1P,0
22956,106997,OR14C36_OR5BF1,0
22957,106997,OR14I1_OR5BU1_OR5BU1P,0
22958,106997,OR14J1_OR5U1,0
22959,106997,OR14K1_OR5AY1,0
22960,106997,OR14L1_OR14L1P_OR5AV1P,0
22961,106997,OR1A1,1
22962,106997,OR1A2,0
22963,106997,OR1C1,0
22964,106997,OR1D2,0
22965,106997,OR1D5,0
22966,106997,OR1E1_OR1E5_OR1E6_OR1E9P,0
22967,106997,OR1E2_OR1E4,0
22968,106997,OR1F1,0
22969,106997,OR1F12P_OR1F12,0
22970,106997,OR1G1_OR1G2,0
22971,106997,OR1I1,0
22972,106997,OR1J1,0
22973,106997,OR1J2_OR1J3_OR1J5,0
22974,106997,OR1J4,0
22975,106997,OR1K1,0
22976,106997,OR1L1_OR1L2,0
22977,106997,OR1L3,0
22978,106997,OR1L4_OR1L5,0
22979,106997,OR1L6_OR1L7,0
22980,106997,OR1L8,0
22981,106997,OR1M1,0
22982,106997,OR1N1_OR1N3,0
22983,106997,OR1N2,0
22984,106997,OR1Q1_OR1Q2_OR1Q3,0
22985,106997,OR1S1,0
22986,106997,OR1S2,0
22987,106997,OR2A1,0
22988,106997,OR2A12_OR2A12P,0
22989,106997,OR2A14,0
22990,106997,OR2A14_OR2A14P_OR2A6,0
22991,106997,OR2A25_OR2A25P_OR2A27,0
22992,106997,OR2A2_OR2A17P_OR2A2P,0
22993,106997,OR2A4_OR2A10,0
22994,106997,OR2A5_OR2A26_OR2A8,0
22995,106997,OR2A7,0
22996,106997,OR2AE1_OR2AE2,0
22997,106997,OR2AG1_OR2AG3,0
22998,106997,OR2AG2_OR2AG2P,0
22999,106997,OR2AJ1_OR2AJ1P,0
23000,106997,OR2AK2_OR2AK1P,0
23001,106997,OR2AP1_OR2AP1P,0
23002,106997,OR2AT4,0
23003,106997,OR2B11,0
23004,106997,OR2B2_OR2B9,0
23005,106997,OR2B3_OR2B3P,0
23006,106997,OR2B6,0
23007,106997,OR2B8P_OR2B8,0
23008,106997,OR2C1,0
23009,106997,OR2C3_OR2C4_OR2C5P,0
23010,106997,OR2D2_OR2D1,0
23011,106997,OR2D3,0
23012,106997,OR2F1_OR2F3_OR2F3P_OR2F4_OR2F5,0
23013,106997,OR2F2,0
23014,106997,OR2G2,0
23015,106997,OR2G3,0
23016,106997,OR2G6,0
23017,106997,OR2H1_OR2H6_OR2H8,0
23018,106997,OR2H2_OR2H3,0
23019,106997,OR2J1_OR2J1P,0
23020,106997,OR2J2,0
23021,106997,OR2J3,0
23022,106997,OR2K2_OR2AR1P,0
23023,106997,OR2L13_OR2L14,0
23024,106997,OR2L2_OR2L12_OR2L4P,0
23025,106997,OR2L3,0
23026,106997,OR2L5_OR2L11,0
23027,106997,OR2L8,0
23028,106997,OR2M2,0
23029,106997,OR2M3_OR2M3P_OR2M6,1
23030,106997,OR2M4,0
23031,106997,OR2M5,0
23032,106997,OR2M7,0
23033,106997,OR2S2,0
23034,106997,OR2T1,0
23035,106997,OR2T10,0
23036,106997,OR2T11,0
23037,106997,OR2T29,0
23038,106997,OR2T2_OR2T2P,0
23039,106997,OR2T3,1
23040,106997,OR2T33,0
23041,106997,OR2T34,0
23042,106997,OR2T35,0
23043,106997,OR2T4,0
23044,106997,OR2T5,0
23045,106997,OR2T6_OR2T6P_OR2T9,0
23046,106997,OR2T8_OR2T8P,0
23047,106997,OR2V1,0
23048,106997,OR2V2_OR2V3,0
23049,106997,OR2W1,1
23050,106997,OR2W3_OR2W3P_OR2W8P,0
23051,106997,OR2W5P_OR2W5,0
23052,106997,OR2Y1,0
23053,106997,OR2Z1_OR2Z2,0
23054,106997,OR3A1,0
23055,106997,OR3A2,0
23056,106997,OR3A3_OR3A6_OR3A7_OR3A8P,0
23057,106997,OR3A4P_OR3A4_OR3A5P,0
23058,106997,OR4A15,0
23059,106997,OR4A16,0
23060,106997,OR4A47,0
23061,106997,OR4A4P,0
23062,106997,OR4A5,0
23063,106997,OR4B1,0
23064,106997,OR4C11_OR4C11P,0
23065,106997,OR4C12,0
23066,106997,OR4C15,0
23067,106997,OR4C16,0
23068,106997,OR4C3,0
23069,106997,OR4C46,0
23070,106997,OR4C5,0
23071,106997,OR4C6,0
23072,106997,OR4D10_OR4D10P,0
23073,106997,OR4D1_OR4D3,0
23074,106997,OR4D2,0
23075,106997,OR4D5,0
23076,106997,OR4D6,0
23077,106997,OR4D9,0
23078,106997,OR4E2,0
23079,106997,OR4F14,0
23080,106997,OR4F15,0
23081,106997,OR4F17_OR4F11P_OR4F18_OR4F19,0
23082,106997,OR4F21_OR4F21P,0
23083,106997,OR4F3,0
23084,106997,OR4F4,1
23085,106997,OR4F6_OR4F12,0
23086,106997,OR4K1,0
23087,106997,OR4K13,0
23088,106997,OR4K15,0
23089,106997,OR4K17,0
23090,106997,OR4K2,0
23091,106997,OR4K3_OR4K3P,0
23092,106997,OR4K5,0
23093,106997,OR4L1_OR4L2P,0
23094,106997,OR4M1,0
23095,106997,OR4M2B,0
23096,106997,OR4N2,0
23097,106997,OR4N4,0
23098,106997,OR4P4_OR4P3P,0
23099,106997,OR4Q3_OR4Q4,0
23100,106997,OR4S1,0
23101,106997,OR4S2_OR4S2P,0
23102,106997,OR4X1,0
23103,106997,OR4X2,0
23104,106997,OR51A2,0
23105,106997,OR51A4,0
23106,106997,OR51B2_OR51B1P,0
23107,106997,OR51B4,0
23108,106997,OR51B5,0
23109,106997,OR51B6,0
23110,106997,OR51D1,0
23111,106997,OR51E1_OR51E1P_OR52A3P,1
23112,106997,OR51E2,0
23113,106997,OR51F1_OR51F1P,0
23114,106997,OR51F2,0
23115,106997,OR51G1_OR51G3P,0
23116,106997,OR51G2,0
23117,106997,OR51H1_OR51H1P,0
23118,106997,OR51I1,0
23119,106997,OR51I2,0
23120,106997,OR51J1_OR51J1P_OR51J2,0
23121,106997,OR51L1,0
23122,106997,OR51M1,0
23123,106997,OR51Q1,0
23124,106997,OR51S1,0
23125,106997,OR51T1,0
23126,106997,OR51V1_OR51A12,0
23127,106997,OR52A1,0
23128,106997,OR52A4P_OR52A4,0
23129,106997,OR52A5,0
23130,106997,OR52B2,0
23131,106997,OR52B4,0
23132,106997,OR52B6,0
23133,106997,OR52D1,0
23134,106997,OR52E2,0
23135,106997,OR52E4,0
23136,106997,OR52E5,0
23137,106997,OR52E6,0
23138,106997,OR52E8,0
23139,106997,OR52H1,0
23140,106997,OR52I2,0
23141,106997,OR52J3,0
23142,106997,OR52K1,0
23143,106997,OR52K2,0
23144,106997,OR52L1,0
23145,106997,OR52L2P_OR52L2,0
23146,106997,OR52M1_OR52M1P,0
23147,106997,OR52N1,0
23148,106997,OR52N2,0
23149,106997,OR52N4,0
23150,106997,OR52N5,0
23151,106997,OR52P1_OR52P1P,0
23152,106997,OR52R1,0
23153,106997,OR52W1_OR52W1P,0
23154,106997,OR56A1,0
23155,106997,OR56A3_OR56A3P_OR56A6,0
23156,106997,OR56A4,0
23157,106997,OR56A5_OR56A5P,0
23158,106997,OR56B1_OR56B1P,0
23159,106997,OR56B4,0
23160,106997,OR5A1_OR5A1P,0
23161,106997,OR5A2,0
23162,106997,OR5AC2,0
23163,106997,OR5AK2,0
23164,106997,OR5AK3P_OR5AK3,0
23165,106997,OR5AL1_OR5AL1P,0
23166,106997,OR5AN1,0
23167,106997,OR5AP2,0
23168,106997,OR5AR1,0
23169,106997,OR5AS1,0
23170,106997,OR5AU1,0
23171,106997,OR5B12_OR5B12P_OR5B16,0
23172,106997,OR5B17_OR5B20P,0
23173,106997,OR5B2,0
23174,106997,OR5B21,0
23175,106997,OR5B3_OR5B13,0
23176,106997,OR5C1_OR5C2P,0
23177,106997,OR5D13,0
23178,106997,OR5D14,0
23179,106997,OR5D16,0
23180,106997,OR5D18,0
23181,106997,OR5F1,0
23182,106997,OR5H1,0
23183,106997,OR5H14,0
23184,106997,OR5H2,0
23185,106997,OR5H6,0
23186,106997,OR5I1,0
23187,106997,OR5J2,0
23188,106997,OR5K1,0
23189,106997,OR5K2,0
23190,106997,OR5K3,0
23191,106997,OR5K4,0
23192,106997,OR5L1,0
23193,106997,OR5M1,0
23194,106997,OR5M10,0
23195,106997,OR5M11,0
23196,106997,OR5M8,0
23197,106997,OR5M9,0
23198,106997,OR5P2,0
23199,106997,OR5P3,0
23200,106997,OR5T1_OR5T1P,0
23201,106997,OR5T2,0
23202,106997,OR5T3,0
23203,106997,OR5V1,0
23204,106997,OR5W2_OR5W2P_OR5W3P,0
23205,106997,OR6A2_OR6A1_OR6A2P,0
23206,106997,OR6B1,0
23207,106997,OR6B2_OR6B2P,0
23208,106997,OR6B3_OR6B3P,0
23209,106997,OR6C1,1
23210,106997,OR6C2,0
23211,106997,OR6C3,0
23212,106997,OR6C4,0
23213,106997,OR6C6,0
23214,106997,OR6C65,0
23215,106997,OR6C68,0
23216,106997,OR6C70,0
23217,106997,OR6C74,0
23218,106997,OR6C75,0
23219,106997,OR6C76,0
23220,106997,OR6F1,0
23221,106997,OR6J1_OR6J2,0
23222,106997,OR6K2,0
23223,106997,OR6K3,0
23224,106997,OR6K6,0
23225,106997,OR6M1,0
23226,106997,OR6N1,0
23227,106997,OR6N2,0
23228,106997,OR6P1,0
23229,106997,OR6Q1,0
23230,106997,OR6S1,0
23231,106997,OR6T1,0
23232,106997,OR6V1,0
23233,106997,OR6X1,0
23234,106997,OR6Y1_OR6Y2,0
23235,106997,OR7A10,0
23236,106997,OR7A17,0
23237,106997,OR7A5,0
23238,106997,OR7C1_OR7C4,0
23239,106997,OR7D2,0
23240,106997,OR7D4_OR7D4P,0
23241,106997,OR7E24_OR7E24P,0
23242,106997,OR7G2,0
23243,106997,OR7G3,0
23244,106997,OR8A1,0
23245,106997,OR8B12,0
23246,106997,OR8B2,0
23247,106997,OR8B3,0
23248,106997,OR8B4_OR8B4P,0
23249,106997,OR8B8,0
23250,106997,OR8D1_OR8D3,0
23251,106997,OR8D2,0
23252,106997,OR8D4,0
23253,106997,OR8G1_OR8G1P,0
23254,106997,OR8G5_OR8G5P_OR8G6,0
23255,106997,OR8H1,0
23256,106997,OR8H2,0
23257,106997,OR8H3,0
23258,106997,OR8I2,0
23259,106997,OR8J1,0
23260,106997,OR8J3,0
23261,106997,OR8K1,0
23262,106997,OR8K3,0
23263,106997,OR8K5,0
23264,106997,OR8S1,0
23265,106997,OR8U1,0
23266,106997,OR8U3_OR5R1_OR5R1P,0
23267,106997,OR8U8,0
23268,106997,OR8U9,0
23269,106997,OR9A2,0
23270,106997,OR9A4,0
23271,106997,OR9G4,0
23272,106997,OR9G9,0
23273,106997,OR9I1,0
23274,106997,OR9K2,0
23275,106997,OR9Q1,0
23276,106997,OR9Q2,0
23277,106997,OR9Q2_OR9Q2P,0
23278,107327,OR5AN1,0
23279,108312,OR1D2,1
23280,108313,OR3A1,1
23281,108313,OR3A1,1
23282,110747,OR1D2,1
23283,110977,OR1D2,1
23284,111037,OR10A2_OR10A2P,0
23285,111037,OR10A3,0
23286,111037,OR10A4_OR10A4P,0
23287,111037,OR10A5_OR10A1,1
23288,111037,OR10A6,0
23289,111037,OR10A7,0
23290,111037,OR10AD1_OR10AD1P,0
23291,111037,OR10AG1,0
23292,111037,OR10C1_OR10C2,0
23293,111037,OR10D3,0
23294,111037,OR10G3,0
23295,111037,OR10G4,0
23296,111037,OR10G6_OR10G6P,0
23297,111037,OR10G7,0
23298,111037,OR10G8,0
23299,111037,OR10G9_OR10G10P,0
23300,111037,OR10H1,0
23301,111037,OR10H2,0
23302,111037,OR10H3,0
23303,111037,OR10H4,0
23304,111037,OR10H5,0
23305,111037,OR10J1,0
23306,111037,OR10J3_OR10J3P,0
23307,111037,OR10J5,0
23308,111037,OR10K1,0
23309,111037,OR10K2,0
23310,111037,OR10P1_OR10P1P_OR10P2P_OR10P3P,0
23311,111037,OR10Q1,0
23312,111037,OR10R2,0
23313,111037,OR10T2,0
23314,111037,OR10V1,0
23315,111037,OR10W1_OR10W1P,0
23316,111037,OR10X1_OR10X1P,0
23317,111037,OR10Z1,0
23318,111037,OR11A1_OR11A2,0
23319,111037,OR11G2,0
23320,111037,OR11H1,1
23321,111037,OR11H12,0
23322,111037,OR11H2_OR11H2P,0
23323,111037,OR11H4,0
23324,111037,OR11H6,0
23325,111037,OR11L1,0
23326,111037,OR12D2,0
23327,111037,OR12D3,0
23328,111037,OR13A1,0
23329,111037,OR13C2,0
23330,111037,OR13C3,0
23331,111037,OR13C4,0
23332,111037,OR13C5,0
23333,111037,OR13C8,0
23334,111037,OR13C9,0
23335,111037,OR13D1,0
23336,111037,OR13F1,0
23337,111037,OR13G1,0
23338,111037,OR13H1,0
23339,111037,OR13J1,0
23340,111037,OR14A2_OR5AX1_OR5AX1P,0
23341,111037,OR14C36_OR5BF1,0
23342,111037,OR14I1_OR5BU1_OR5BU1P,0
23343,111037,OR14J1_OR5U1,0
23344,111037,OR14K1_OR5AY1,0
23345,111037,OR14L1_OR14L1P_OR5AV1P,0
23346,111037,OR1A1,1
23347,111037,OR1A1,1
23348,111037,OR1A1,1
23349,111037,OR1A1,1
23350,111037,OR1A1,1
23351,111037,OR1A1,1
23352,111037,OR1A1,1
23353,111037,OR1A1,1
23354,111037,OR1A1,1
23355,111037,OR1A1,1
23356,111037,OR1A2,0
23357,111037,OR1C1,0
23358,111037,OR1D2,0
23359,111037,OR1D5,0
23360,111037,OR1E1_OR1E5_OR1E6_OR1E9P,0
23361,111037,OR1E2_OR1E4,0
23362,111037,OR1F1,0
23363,111037,OR1F12P_OR1F12,0
23364,111037,OR1G1_OR1G2,0
23365,111037,OR1I1,0
23366,111037,OR1J1,0
23367,111037,OR1J2_OR1J3_OR1J5,0
23368,111037,OR1J4,0
23369,111037,OR1K1,0
23370,111037,OR1L1_OR1L2,0
23371,111037,OR1L3,0
23372,111037,OR1L4_OR1L5,0
23373,111037,OR1L6_OR1L7,0
23374,111037,OR1L8,0
23375,111037,OR1M1,0
23376,111037,OR1N1_OR1N3,0
23377,111037,OR1N2,0
23378,111037,OR1Q1_OR1Q2_OR1Q3,0
23379,111037,OR1S1,0
23380,111037,OR1S2,0
23381,111037,OR2A1,0
23382,111037,OR2A12_OR2A12P,0
23383,111037,OR2A14,0
23384,111037,OR2A14_OR2A14P_OR2A6,0
23385,111037,OR2A25_OR2A25P_OR2A27,0
23386,111037,OR2A2_OR2A17P_OR2A2P,0
23387,111037,OR2A4_OR2A10,0
23388,111037,OR2A5_OR2A26_OR2A8,0
23389,111037,OR2A7,0
23390,111037,OR2AE1_OR2AE2,0
23391,111037,OR2AG1_OR2AG3,0
23392,111037,OR2AG2_OR2AG2P,0
23393,111037,OR2AJ1_OR2AJ1P,0
23394,111037,OR2AK2_OR2AK1P,0
23395,111037,OR2AP1_OR2AP1P,0
23396,111037,OR2AT4,0
23397,111037,OR2B11,0
23398,111037,OR2B2_OR2B9,0
23399,111037,OR2B3_OR2B3P,0
23400,111037,OR2B6,0
23401,111037,OR2B8P_OR2B8,0
23402,111037,OR2C1,0
23403,111037,OR2C3_OR2C4_OR2C5P,0
23404,111037,OR2D2_OR2D1,0
23405,111037,OR2D3,0
23406,111037,OR2F1_OR2F3_OR2F3P_OR2F4_OR2F5,0
23407,111037,OR2F2,0
23408,111037,OR2G2,0
23409,111037,OR2G3,0
23410,111037,OR2G6,0
23411,111037,OR2H1_OR2H6_OR2H8,0
23412,111037,OR2H2_OR2H3,0
23413,111037,OR2J1_OR2J1P,0
23414,111037,OR2J2,0
23415,111037,OR2J3,0
23416,111037,OR2K2_OR2AR1P,0
23417,111037,OR2L13_OR2L14,0
23418,111037,OR2L2_OR2L12_OR2L4P,0
23419,111037,OR2L3,0
23420,111037,OR2L5_OR2L11,0
23421,111037,OR2L8,0
23422,111037,OR2M2,0
23423,111037,OR2M3_OR2M3P_OR2M6,0
23424,111037,OR2M4,0
23425,111037,OR2M5,0
23426,111037,OR2M7,0
23427,111037,OR2S2,0
23428,111037,OR2T1,0
23429,111037,OR2T10,1
23430,111037,OR2T10,1
23431,111037,OR2T10,1
23432,111037,OR2T11,0
23433,111037,OR2T29,0
23434,111037,OR2T2_OR2T2P,0
23435,111037,OR2T3,0
23436,111037,OR2T33,0
23437,111037,OR2T34,0
23438,111037,OR2T35,0
23439,111037,OR2T4,0
23440,111037,OR2T5,0
23441,111037,OR2T6_OR2T6P_OR2T9,0
23442,111037,OR2T8_OR2T8P,0
23443,111037,OR2V1,0
23444,111037,OR2V2_OR2V3,0
23445,111037,OR2W1,0
23446,111037,OR2W3_OR2W3P_OR2W8P,0
23447,111037,OR2W5P_OR2W5,0
23448,111037,OR2Y1,0
23449,111037,OR2Z1_OR2Z2,0
23450,111037,OR3A1,0
23451,111037,OR3A2,0
23452,111037,OR3A3_OR3A6_OR3A7_OR3A8P,0
23453,111037,OR3A4P_OR3A4_OR3A5P,0
23454,111037,OR4A15,0
23455,111037,OR4A16,0
23456,111037,OR4A47,0
23457,111037,OR4A4P,0
23458,111037,OR4A5,0
23459,111037,OR4B1,0
23460,111037,OR4C11_OR4C11P,0
23461,111037,OR4C12,0
23462,111037,OR4C15,0
23463,111037,OR4C16,0
23464,111037,OR4C3,0
23465,111037,OR4C46,0
23466,111037,OR4C5,0
23467,111037,OR4C6,0
23468,111037,OR4D10_OR4D10P,0
23469,111037,OR4D1_OR4D3,0
23470,111037,OR4D2,0
23471,111037,OR4D5,0
23472,111037,OR4D6,0
23473,111037,OR4D9,0
23474,111037,OR4E2,0
23475,111037,OR4F14,0
23476,111037,OR4F15,0
23477,111037,OR4F17_OR4F11P_OR4F18_OR4F19,1
23478,111037,OR4F21_OR4F21P,0
23479,111037,OR4F3,0
23480,111037,OR4F4,1
23481,111037,OR4F6_OR4F12,0
23482,111037,OR4K1,0
23483,111037,OR4K13,0
23484,111037,OR4K15,1
23485,111037,OR4K17,0
23486,111037,OR4K2,0
23487,111037,OR4K3_OR4K3P,0
23488,111037,OR4K5,0
23489,111037,OR4L1_OR4L2P,0
23490,111037,OR4M1,0
23491,111037,OR4M2B,0
23492,111037,OR4N2,0
23493,111037,OR4N4,0
23494,111037,OR4P4_OR4P3P,0
23495,111037,OR4Q3_OR4Q4,0
23496,111037,OR4S1,0
23497,111037,OR4S2_OR4S2P,0
23498,111037,OR4X1,0
23499,111037,OR4X2,0
23500,111037,OR51A2,0
23501,111037,OR51A4,0
23502,111037,OR51B2_OR51B1P,0
23503,111037,OR51B4,0
23504,111037,OR51B5,0
23505,111037,OR51B6,1
23506,111037,OR51D1,0
23507,111037,OR51E1_OR51E1P_OR52A3P,0
23508,111037,OR51E2,0
23509,111037,OR51F1_OR51F1P,0
23510,111037,OR51F2,0
23511,111037,OR51G1_OR51G3P,0
23512,111037,OR51G2,0
23513,111037,OR51H1_OR51H1P,0
23514,111037,OR51I1,1
23515,111037,OR51I2,0
23516,111037,OR51J1_OR51J1P_OR51J2,0
23517,111037,OR51L1,0
23518,111037,OR51M1,0
23519,111037,OR51Q1,0
23520,111037,OR51S1,0
23521,111037,OR51T1,0
23522,111037,OR51V1_OR51A12,1
23523,111037,OR52A1,0
23524,111037,OR52A4P_OR52A4,0
23525,111037,OR52A5,0
23526,111037,OR52B2,0
23527,111037,OR52B4,0
23528,111037,OR52B6,0
23529,111037,OR52D1,0
23530,111037,OR52E2,0
23531,111037,OR52E4,0
23532,111037,OR52E5,0
23533,111037,OR52E6,0
23534,111037,OR52E8,0
23535,111037,OR52H1,0
23536,111037,OR52I2,0
23537,111037,OR52J3,0
23538,111037,OR52K1,0
23539,111037,OR52K2,0
23540,111037,OR52L1,0
23541,111037,OR52L2P_OR52L2,0
23542,111037,OR52M1_OR52M1P,0
23543,111037,OR52N1,0
23544,111037,OR52N2,0
23545,111037,OR52N4,0
23546,111037,OR52N5,1
23547,111037,OR52P1_OR52P1P,0
23548,111037,OR52R1,0
23549,111037,OR52W1_OR52W1P,0
23550,111037,OR56A1,0
23551,111037,OR56A3_OR56A3P_OR56A6,0
23552,111037,OR56A4,0
23553,111037,OR56A5_OR56A5P,0
23554,111037,OR56B1_OR56B1P,0
23555,111037,OR56B4,0
23556,111037,OR5A1_OR5A1P,0
23557,111037,OR5A2,0
23558,111037,OR5AC2,0
23559,111037,OR5AK2,0
23560,111037,OR5AK3P_OR5AK3,0
23561,111037,OR5AL1_OR5AL1P,0
23562,111037,OR5AN1,0
23563,111037,OR5AP2,0
23564,111037,OR5AR1,0
23565,111037,OR5AS1,0
23566,111037,OR5AU1,0
23567,111037,OR5B12_OR5B12P_OR5B16,0
23568,111037,OR5B17_OR5B20P,0
23569,111037,OR5B2,0
23570,111037,OR5B21,0
23571,111037,OR5B3_OR5B13,0
23572,111037,OR5C1_OR5C2P,0
23573,111037,OR5D13,0
23574,111037,OR5D14,0
23575,111037,OR5D16,0
23576,111037,OR5D18,0
23577,111037,OR5F1,0
23578,111037,OR5H1,0
23579,111037,OR5H14,0
23580,111037,OR5H2,0
23581,111037,OR5H6,0
23582,111037,OR5I1,0
23583,111037,OR5J2,0
23584,111037,OR5K1,0
23585,111037,OR5K2,0
23586,111037,OR5K3,0
23587,111037,OR5K4,0
23588,111037,OR5L1,0
23589,111037,OR5M1,0
23590,111037,OR5M10,0
23591,111037,OR5M11,0
23592,111037,OR5M8,0
23593,111037,OR5M9,0
23594,111037,OR5P2,0
23595,111037,OR5P3,0
23596,111037,OR5T1_OR5T1P,0
23597,111037,OR5T2,0
23598,111037,OR5T3,0
23599,111037,OR5V1,0
23600,111037,OR5W2_OR5W2P_OR5W3P,0
23601,111037,OR6A2_OR6A1_OR6A2P,0
23602,111037,OR6B1,0
23603,111037,OR6B2_OR6B2P,0
23604,111037,OR6B3_OR6B3P,0
23605,111037,OR6C1,0
23606,111037,OR6C2,0
23607,111037,OR6C3,0
23608,111037,OR6C4,0
23609,111037,OR6C6,0
23610,111037,OR6C65,0
23611,111037,OR6C68,0
23612,111037,OR6C70,0
23613,111037,OR6C74,0
23614,111037,OR6C75,0
23615,111037,OR6C76,0
23616,111037,OR6F1,0
23617,111037,OR6J1_OR6J2,1
23618,111037,OR6K2,0
23619,111037,OR6K3,0
23620,111037,OR6K6,0
23621,111037,OR6M1,0
23622,111037,OR6N1,0
23623,111037,OR6N2,0
23624,111037,OR6P1,0
23625,111037,OR6Q1,0
23626,111037,OR6S1,0
23627,111037,OR6T1,0
23628,111037,OR6V1,0
23629,111037,OR6X1,0
23630,111037,OR6Y1_OR6Y2,0
23631,111037,OR7A10,0
23632,111037,OR7A17,0
23633,111037,OR7A5,0
23634,111037,OR7C1_OR7C4,0
23635,111037,OR7D2,0
23636,111037,OR7D4_OR7D4P,0
23637,111037,OR7E24_OR7E24P,0
23638,111037,OR7G2,0
23639,111037,OR7G3,0
23640,111037,OR8A1,0
23641,111037,OR8B12,0
23642,111037,OR8B2,0
23643,111037,OR8B3,0
23644,111037,OR8B4_OR8B4P,0
23645,111037,OR8B8,0
23646,111037,OR8D1_OR8D3,0
23647,111037,OR8D2,0
23648,111037,OR8D4,0
23649,111037,OR8G1_OR8G1P,0
23650,111037,OR8G5_OR8G5P_OR8G6,0
23651,111037,OR8H1,0
23652,111037,OR8H2,0
23653,111037,OR8H3,0
23654,111037,OR8I2,0
23655,111037,OR8J1,0
23656,111037,OR8J3,0
23657,111037,OR8K1,0
23658,111037,OR8K3,0
23659,111037,OR8K5,0
23660,111037,OR8S1,0
23661,111037,OR8U1,0
23662,111037,OR8U3_OR5R1_OR5R1P,0
23663,111037,OR8U8,0
23664,111037,OR8U9,0
23665,111037,OR9A2,0
23666,111037,OR9A4,0
23667,111037,OR9G4,0
23668,111037,OR9G9,0
23669,111037,OR9I1,0
23670,111037,OR9K2,0
23671,111037,OR9Q1,0
23672,111037,OR9Q2,0
23673,111037,OR9Q2_OR9Q2P,0
23674,112457,OR2AG1_OR2AG3,0
23675,113514,OR1G1_OR1G2,0
23676,113514,OR1L3,0
23677,113514,OR2B3_OR2B3P,0
23678,113514,OR2G2,0
23679,113514,OR2M4,0
23680,113514,OR2T10,0
23681,113514,OR2T34,0
23682,113514,OR5AC2,0
23683,113514,OR5B17_OR5B20P,0
23684,114454,OR1D2,1
23685,117477,OR1A1,0
23686,117477,OR2M3_OR2M3P_OR2M6,0
23687,117477,OR2W1,1
23688,117477,OR5K1,0
23689,117477,OR5M3,0
23690,117477,OR8D1_OR8D3,0
23691,122356,OR51E2,0
23692,123689,OR51E2,0
23693,123831,OR51E2,0
23694,124072,OR51E2,1
23695,133098,OR51E2,1
23696,138644,OR1D2,1
23697,141850,OR2W1,1
23698,141850,OR2W1,1
23699,141850,OR2W1,1
23700,147604,OR5M3,0
23701,158410,OR11A1_OR11A2,0
23702,158410,OR5A1_OR5A1P,0
23703,158410,OR5A2,1
23704,158410,OR5AN1,0
23705,159055,OR10J5,0
23706,159055,OR1A1,0
23707,159055,OR2C1,0
23708,159055,OR2J2,0
23709,159055,OR2M7,0
23710,159055,OR2W1,0
23711,159055,OR51E1_OR51E1P_OR52A3P,0
23712,159055,OR51E2,0
23713,159055,OR51L1,0
23714,159055,OR5P3,0
23715,160663,OR51E2,0
23716,162000,OR1G1_OR1G2,1
23717,162000,OR1G1_OR1G2,1
23718,162000,OR1G1_OR1G2,1
23719,162000,OR1G1_OR1G2,1
23720,162000,OR1L3,0
23721,162000,OR2B3_OR2B3P,0
23722,162000,OR2G2,0
23723,162000,OR2M4,0
23724,162000,OR2T10,0
23725,162000,OR2T34,1
23726,162000,OR5AC2,0
23727,162000,OR5B17_OR5B20P,1
23728,162249,OR1D2,1
23729,162268,OR5AN1,1
23730,163529,OR1G1_OR1G2,0
23731,163529,OR1L3,0
23732,163529,OR2B3_OR2B3P,0
23733,163529,OR2G2,0
23734,163529,OR2M4,0
23735,163529,OR2T10,0
23736,163529,OR2T34,0
23737,163529,OR5AC2,0
23738,163529,OR5B17_OR5B20P,0
23739,164939,OR51E2,1
23740,165271,OR51E2,1
23741,165675,OR10A2_OR10A2P,0
23742,165675,OR10A3,0
23743,165675,OR10A4_OR10A4P,0
23744,165675,OR10A5_OR10A1,0
23745,165675,OR10A6,0
23746,165675,OR10A7,0
23747,165675,OR10AD1_OR10AD1P,0
23748,165675,OR10AG1,0
23749,165675,OR10C1_OR10C2,1
23750,165675,OR10D3,0
23751,165675,OR10G3,0
23752,165675,OR10G4,0
23753,165675,OR10G6_OR10G6P,0
23754,165675,OR10G7,0
23755,165675,OR10G8,0
23756,165675,OR10G9_OR10G10P,0
23757,165675,OR10H1,0
23758,165675,OR10H2,0
23759,165675,OR10H3,0
23760,165675,OR10H4,0
23761,165675,OR10H5,0
23762,165675,OR10J1,0
23763,165675,OR10J3_OR10J3P,0
23764,165675,OR10J5,0
23765,165675,OR10K1,0
23766,165675,OR10K2,0
23767,165675,OR10P1_OR10P1P_OR10P2P_OR10P3P,0
23768,165675,OR10Q1,0
23769,165675,OR10R2,0
23770,165675,OR10S1,0
23771,165675,OR10T2,0
23772,165675,OR10V1,0
23773,165675,OR10W1_OR10W1P,0
23774,165675,OR10X1_OR10X1P,0
23775,165675,OR10Z1,0
23776,165675,OR11A1_OR11A2,0
23777,165675,OR11G2,0
23778,165675,OR11H1,0
23779,165675,OR11H12,0
23780,165675,OR11H2_OR11H2P,0
23781,165675,OR11H4,0
23782,165675,OR11H6,0
23783,165675,OR11L1,0
23784,165675,OR12D2,0
23785,165675,OR12D3,0
23786,165675,OR13A1,0
23787,165675,OR13C2,0
23788,165675,OR13C3,0
23789,165675,OR13C4,0
23790,165675,OR13C5,0
23791,165675,OR13C8,0
23792,165675,OR13C9,0
23793,165675,OR13D1,0
23794,165675,OR13F1,0
23795,165675,OR13G1,0
23796,165675,OR13H1,0
23797,165675,OR13J1,0
23798,165675,OR14A2_OR5AX1_OR5AX1P,0
23799,165675,OR14C36_OR5BF1,0
23800,165675,OR14I1_OR5BU1_OR5BU1P,0
23801,165675,OR14J1_OR5U1,0
23802,165675,OR14K1_OR5AY1,0
23803,165675,OR14L1_OR14L1P_OR5AV1P,0
23804,165675,OR1A1,0
23805,165675,OR1A2,0
23806,165675,OR1C1,0
23807,165675,OR1D2,0
23808,165675,OR1D5,0
23809,165675,OR1E1_OR1E5_OR1E6_OR1E9P,0
23810,165675,OR1E2_OR1E4,0
23811,165675,OR1F1,0
23812,165675,OR1F12P_OR1F12,0
23813,165675,OR1G1_OR1G2,0
23814,165675,OR1I1,0
23815,165675,OR1J1,0
23816,165675,OR1J2_OR1J3_OR1J5,0
23817,165675,OR1J4,0
23818,165675,OR1K1,0
23819,165675,OR1L1_OR1L2,0
23820,165675,OR1L3,0
23821,165675,OR1L4_OR1L5,0
23822,165675,OR1L6_OR1L7,0
23823,165675,OR1L8,0
23824,165675,OR1M1,0
23825,165675,OR1N1_OR1N3,0
23826,165675,OR1N2,0
23827,165675,OR1Q1_OR1Q2_OR1Q3,0
23828,165675,OR1S1,0
23829,165675,OR1S2,0
23830,165675,OR2A1,0
23831,165675,OR2A12_OR2A12P,1
23832,165675,OR2A14,0
23833,165675,OR2A14_OR2A14P_OR2A6,0
23834,165675,OR2A25_OR2A25P_OR2A27,0
23835,165675,OR2A2_OR2A17P_OR2A2P,0
23836,165675,OR2A4_OR2A10,0
23837,165675,OR2A5_OR2A26_OR2A8,0
23838,165675,OR2A7,0
23839,165675,OR2AE1_OR2AE2,0
23840,165675,OR2AG1_OR2AG3,0
23841,165675,OR2AG2_OR2AG2P,0
23842,165675,OR2AJ1_OR2AJ1P,0
23843,165675,OR2AK2_OR2AK1P,0
23844,165675,OR2AP1_OR2AP1P,0
23845,165675,OR2AT4,0
23846,165675,OR2B11,0
23847,165675,OR2B2_OR2B9,0
23848,165675,OR2B3_OR2B3P,0
23849,165675,OR2B6,0
23850,165675,OR2B8P_OR2B8,0
23851,165675,OR2C1,1
23852,165675,OR2C1,1
23853,165675,OR2C3_OR2C4_OR2C5P,0
23854,165675,OR2D2_OR2D1,0
23855,165675,OR2D3,0
23856,165675,OR2F1_OR2F3_OR2F3P_OR2F4_OR2F5,0
23857,165675,OR2F2,0
23858,165675,OR2G2,0
23859,165675,OR2G3,0
23860,165675,OR2G6,0
23861,165675,OR2H1_OR2H6_OR2H8,0
23862,165675,OR2H2_OR2H3,0
23863,165675,OR2J1_OR2J1P,0
23864,165675,OR2J2,0
23865,165675,OR2J3,0
23866,165675,OR2K2_OR2AR1P,0
23867,165675,OR2L13_OR2L14,0
23868,165675,OR2L2_OR2L12_OR2L4P,0
23869,165675,OR2L3,0
23870,165675,OR2L5_OR2L11,0
23871,165675,OR2L8,0
23872,165675,OR2M2,0
23873,165675,OR2M3_OR2M3P_OR2M6,0
23874,165675,OR2M4,0
23875,165675,OR2M5,0
23876,165675,OR2M7,0
23877,165675,OR2S2,0
23878,165675,OR2T1,0
23879,165675,OR2T10,0
23880,165675,OR2T11,0
23881,165675,OR2T29,0
23882,165675,OR2T2_OR2T2P,0
23883,165675,OR2T3,0
23884,165675,OR2T33,0
23885,165675,OR2T34,0
23886,165675,OR2T35,0
23887,165675,OR2T4,0
23888,165675,OR2T5,0
23889,165675,OR2T6_OR2T6P_OR2T9,0
23890,165675,OR2T8_OR2T8P,0
23891,165675,OR2V1,0
23892,165675,OR2V2_OR2V3,0
23893,165675,OR2W1,1
23894,165675,OR2W3_OR2W3P_OR2W8P,0
23895,165675,OR2W5P_OR2W5,0
23896,165675,OR2Y1,0
23897,165675,OR2Z1_OR2Z2,0
23898,165675,OR3A1,0
23899,165675,OR3A2,0
23900,165675,OR3A3_OR3A6_OR3A7_OR3A8P,0
23901,165675,OR3A4P_OR3A4_OR3A5P,0
23902,165675,OR4A15,0
23903,165675,OR4A16,0
23904,165675,OR4A47,0
23905,165675,OR4A4P,0
23906,165675,OR4A5,0
23907,165675,OR4B1,0
23908,165675,OR4C11_OR4C11P,0
23909,165675,OR4C12,0
23910,165675,OR4C15,0
23911,165675,OR4C16,0
23912,165675,OR4C3,0
23913,165675,OR4C46,0
23914,165675,OR4C5,0
23915,165675,OR4C6,0
23916,165675,OR4D10_OR4D10P,0
23917,165675,OR4D1_OR4D3,0
23918,165675,OR4D2,0
23919,165675,OR4D5,0
23920,165675,OR4D6,0
23921,165675,OR4D9,0
23922,165675,OR4E2,0
23923,165675,OR4F14,0
23924,165675,OR4F15,0
23925,165675,OR4F17_OR4F11P_OR4F18_OR4F19,1
23926,165675,OR4F21_OR4F21P,0
23927,165675,OR4F3,0
23928,165675,OR4F4,1
23929,165675,OR4F6_OR4F12,0
23930,165675,OR4K1,0
23931,165675,OR4K13,0
23932,165675,OR4K15,1
23933,165675,OR4K17,0
23934,165675,OR4K2,0
23935,165675,OR4K3_OR4K3P,0
23936,165675,OR4K5,0
23937,165675,OR4L1_OR4L2P,0
23938,165675,OR4M1,0
23939,165675,OR4M2B,0
23940,165675,OR4N2,0
23941,165675,OR4N4,0
23942,165675,OR4P4_OR4P3P,0
23943,165675,OR4Q3_OR4Q4,0
23944,165675,OR4S1,0
23945,165675,OR4S2_OR4S2P,0
23946,165675,OR4X1,0
23947,165675,OR4X2,0
23948,165675,OR51A2,0
23949,165675,OR51A4,0
23950,165675,OR51B2_OR51B1P,0
23951,165675,OR51B4,0
23952,165675,OR51B5,0
23953,165675,OR51B6,0
23954,165675,OR51D1,0
23955,165675,OR51E1_OR51E1P_OR52A3P,1
23956,165675,OR51E2,0
23957,165675,OR51F1_OR51F1P,0
23958,165675,OR51F2,0
23959,165675,OR51G1_OR51G3P,0
23960,165675,OR51G2,0
23961,165675,OR51H1_OR51H1P,0
23962,165675,OR51I1,0
23963,165675,OR51I2,0
23964,165675,OR51J1_OR51J1P_OR51J2,0
23965,165675,OR51L1,0
23966,165675,OR51M1,0
23967,165675,OR51Q1,0
23968,165675,OR51S1,0
23969,165675,OR51T1,0
23970,165675,OR51V1_OR51A12,0
23971,165675,OR52A1,0
23972,165675,OR52A4P_OR52A4,0
23973,165675,OR52A5,0
23974,165675,OR52B2,0
23975,165675,OR52B4,0
23976,165675,OR52B6,0
23977,165675,OR52D1,0
23978,165675,OR52E2,0
23979,165675,OR52E4,0
23980,165675,OR52E5,0
23981,165675,OR52E6,0
23982,165675,OR52E8,0
23983,165675,OR52H1,0
23984,165675,OR52I2,0
23985,165675,OR52J3,0
23986,165675,OR52K1,0
23987,165675,OR52K2,0
23988,165675,OR52L1,0
23989,165675,OR52L2P_OR52L2,0
23990,165675,OR52M1_OR52M1P,0
23991,165675,OR52N1,0
23992,165675,OR52N2,0
23993,165675,OR52N4,0
23994,165675,OR52N5,0
23995,165675,OR52P1_OR52P1P,0
23996,165675,OR52R1,0
23997,165675,OR52W1_OR52W1P,0
23998,165675,OR56A1,0
23999,165675,OR56A3_OR56A3P_OR56A6,0
24000,165675,OR56A4,0
24001,165675,OR56A5_OR56A5P,0
24002,165675,OR56B1_OR56B1P,0
24003,165675,OR56B4,0
24004,165675,OR5A1_OR5A1P,0
24005,165675,OR5A2,0
24006,165675,OR5AC2,0
24007,165675,OR5AK2,0
24008,165675,OR5AK3P_OR5AK3,0
24009,165675,OR5AL1_OR5AL1P,0
24010,165675,OR5AN1,0
24011,165675,OR5AP2,0
24012,165675,OR5AR1,0
24013,165675,OR5AS1,0
24014,165675,OR5AU1,0
24015,165675,OR5B12_OR5B12P_OR5B16,0
24016,165675,OR5B17_OR5B20P,0
24017,165675,OR5B2,0
24018,165675,OR5B21,0
24019,165675,OR5B3_OR5B13,0
24020,165675,OR5C1_OR5C2P,0
24021,165675,OR5D13,0
24022,165675,OR5D14,0
24023,165675,OR5D16,0
24024,165675,OR5D18,0
24025,165675,OR5F1,0
24026,165675,OR5H1,0
24027,165675,OR5H14,0
24028,165675,OR5H2,0
24029,165675,OR5H6,0
24030,165675,OR5I1,0
24031,165675,OR5J2,0
24032,165675,OR5K1,0
24033,165675,OR5K2,0
24034,165675,OR5K3,0
24035,165675,OR5K4,0
24036,165675,OR5L1,0
24037,165675,OR5M1,0
24038,165675,OR5M10,0
24039,165675,OR5M11,1
24040,165675,OR5M8,0
24041,165675,OR5M9,0
24042,165675,OR5P2,0
24043,165675,OR5P3,0
24044,165675,OR5T1_OR5T1P,0
24045,165675,OR5T2,0
24046,165675,OR5T3,0
24047,165675,OR5V1,0
24048,165675,OR5W2_OR5W2P_OR5W3P,0
24049,165675,OR6A2_OR6A1_OR6A2P,0
24050,165675,OR6B1,0
24051,165675,OR6B2_OR6B2P,0
24052,165675,OR6B3_OR6B3P,0
24053,165675,OR6C1,0
24054,165675,OR6C2,0
24055,165675,OR6C3,0
24056,165675,OR6C4,0
24057,165675,OR6C6,0
24058,165675,OR6C65,0
24059,165675,OR6C68,0
24060,165675,OR6C70,0
24061,165675,OR6C74,0
24062,165675,OR6C75,0
24063,165675,OR6C76,0
24064,165675,OR6F1,0
24065,165675,OR6J1_OR6J2,0
24066,165675,OR6K2,0
24067,165675,OR6K3,0
24068,165675,OR6K6,0
24069,165675,OR6M1,0
24070,165675,OR6N1,0
24071,165675,OR6N2,0
24072,165675,OR6P1,0
24073,165675,OR6Q1,0
24074,165675,OR6S1,0
24075,165675,OR6T1,0
24076,165675,OR6V1,0
24077,165675,OR6X1,0
24078,165675,OR6Y1_OR6Y2,0
24079,165675,OR7A10,0
24080,165675,OR7A17,0
24081,165675,OR7A5,0
24082,165675,OR7C1_OR7C4,0
24083,165675,OR7D2,0
24084,165675,OR7D4_OR7D4P,0
24085,165675,OR7E24_OR7E24P,0
24086,165675,OR7G2,0
24087,165675,OR7G3,0
24088,165675,OR8A1,0
24089,165675,OR8B12,0
24090,165675,OR8B2,0
24091,165675,OR8B3,0
24092,165675,OR8B4_OR8B4P,0
24093,165675,OR8B8,0
24094,165675,OR8D1_OR8D3,0
24095,165675,OR8D2,0
24096,165675,OR8D4,0
24097,165675,OR8G1_OR8G1P,0
24098,165675,OR8G5_OR8G5P_OR8G6,0
24099,165675,OR8H1,0
24100,165675,OR8H2,0
24101,165675,OR8H3,0
24102,165675,OR8I2,0
24103,165675,OR8J1,0
24104,165675,OR8J3,0
24105,165675,OR8K1,0
24106,165675,OR8K3,1
24107,165675,OR8K3,1
24108,165675,OR8K3,1
24109,165675,OR8K3,1
24110,165675,OR8K5,0
24111,165675,OR8S1,0
24112,165675,OR8U1,0
24113,165675,OR8U3_OR5R1_OR5R1P,0
24114,165675,OR8U8,0
24115,165675,OR8U9,0
24116,165675,OR9A2,0
24117,165675,OR9A4,0
24118,165675,OR9G4,0
24119,165675,OR9G9,0
24120,165675,OR9I1,0
24121,165675,OR9K2,0
24122,165675,OR9Q1,0
24123,165675,OR9Q2,0
24124,165675,OR9Q2_OR9Q2P,0
24125,166373,OR1D2,1
24126,166523,OR2AG1_OR2AG3,0
24127,166523,OR51B4,1
24128,166523,OR51B4,1
24129,166523,OR51B4,1
24130,169110,OR1A1,0
24131,169110,OR2M3_OR2M3P_OR2M6,0
24132,169110,OR2W1,0
24133,169110,OR5K1,0
24134,169110,OR5M3,0
24135,169110,OR8D1_OR8D3,0
24136,170284,OR1D2,1
24137,171161,OR51E2,1
24138,181287,OR10A2_OR10A2P,0
24139,181287,OR10A3,0
24140,181287,OR10A5_OR10A1,0
24141,181287,OR10A6,0
24142,181287,OR10A7,0
24143,181287,OR10AD1_OR10AD1P,0
24144,181287,OR10AG1,1
24145,181287,OR10C1_OR10C2,0
24146,181287,OR10D3,0
24147,181287,OR10G3,1
24148,181287,OR10G6_OR10G6P,1
24149,181287,OR10G8,0
24150,181287,OR10G9_OR10G10P,0
24151,181287,OR10H1,0
24152,181287,OR10H2,0
24153,181287,OR10H3,0
24154,181287,OR10H4,0
24155,181287,OR10H5,0
24156,181287,OR10J5,0
24157,181287,OR10K1,0
24158,181287,OR10K2,0
24159,181287,OR10P1_OR10P1P_OR10P2P_OR10P3P,1
24160,181287,OR10Q1,0
24161,181287,OR10R2,0
24162,181287,OR10T2,0
24163,181287,OR10V1,0
24164,181287,OR10W1_OR10W1P,0
24165,181287,OR10X1_OR10X1P,0
24166,181287,OR10Z1,0
24167,181287,OR11A1_OR11A2,0
24168,181287,OR11H12,0
24169,181287,OR11H2_OR11H2P,0
24170,181287,OR11H4,0
24171,181287,OR11H6,0
24172,181287,OR11L1,0
24173,181287,OR12D2,0
24174,181287,OR12D3,0
24175,181287,OR13A1,0
24176,181287,OR13C3,0
24177,181287,OR13C4,0
24178,181287,OR13C5,0
24179,181287,OR13C8,0
24180,181287,OR13C9,0
24181,181287,OR13D1,0
24182,181287,OR13F1,0
24183,181287,OR13G1,0
24184,181287,OR13H1,0
24185,181287,OR13J1,0
24186,181287,OR14A2_OR5AX1_OR5AX1P,0
24187,181287,OR14C36_OR5BF1,0
24188,181287,OR14I1_OR5BU1_OR5BU1P,0
24189,181287,OR14J1_OR5U1,0
24190,181287,OR14K1_OR5AY1,0
24191,181287,OR14L1_OR14L1P_OR5AV1P,0
24192,181287,OR1A1,0
24193,181287,OR1A2,0
24194,181287,OR1C1,0
24195,181287,OR1D2,0
24196,181287,OR1D5,0
24197,181287,OR1E1_OR1E5_OR1E6_OR1E9P,0
24198,181287,OR1E2_OR1E4,0
24199,181287,OR1F1,0
24200,181287,OR1G1_OR1G2,0
24201,181287,OR1I1,0
24202,181287,OR1J2_OR1J3_OR1J5,0
24203,181287,OR1J4,0
24204,181287,OR1K1,0
24205,181287,OR1L1_OR1L2,0
24206,181287,OR1L3,0
24207,181287,OR1L4_OR1L5,0
24208,181287,OR1L6_OR1L7,0
24209,181287,OR1L8,0
24210,181287,OR1M1,0
24211,181287,OR1N1_OR1N3,0
24212,181287,OR1N2,0
24213,181287,OR1Q1_OR1Q2_OR1Q3,0
24214,181287,OR1S2,0
24215,181287,OR2A1,0
24216,181287,OR2A12_OR2A12P,1
24217,181287,OR2A14_OR2A14P_OR2A6,0
24218,181287,OR2A25_OR2A25P_OR2A27,0
24219,181287,OR2A2_OR2A17P_OR2A2P,0
24220,181287,OR2A4_OR2A10,0
24221,181287,OR2A5_OR2A26_OR2A8,0
24222,181287,OR2A7,0
24223,181287,OR2AE1_OR2AE2,0
24224,181287,OR2AG1_OR2AG3,0
24225,181287,OR2AG2_OR2AG2P,0
24226,181287,OR2AJ1_OR2AJ1P,0
24227,181287,OR2AK2_OR2AK1P,0
24228,181287,OR2AP1_OR2AP1P,0
24229,181287,OR2AT4,0
24230,181287,OR2B11,0
24231,181287,OR2B2_OR2B9,0
24232,181287,OR2B3_OR2B3P,0
24233,181287,OR2B6,0
24234,181287,OR2B8P_OR2B8,0
24235,181287,OR2C1,0
24236,181287,OR2D3,0
24237,181287,OR2F1_OR2F3_OR2F3P_OR2F4_OR2F5,0
24238,181287,OR2F2,0
24239,181287,OR2G2,0
24240,181287,OR2G3,1
24241,181287,OR2G6,0
24242,181287,OR2H1_OR2H6_OR2H8,0
24243,181287,OR2H2_OR2H3,0
24244,181287,OR2J1_OR2J1P,0
24245,181287,OR2J2,0
24246,181287,OR2K2_OR2AR1P,0
24247,181287,OR2L13_OR2L14,0
24248,181287,OR2L2_OR2L12_OR2L4P,0
24249,181287,OR2L3,0
24250,181287,OR2L8,0
24251,181287,OR2M2,0
24252,181287,OR2M3_OR2M3P_OR2M6,0
24253,181287,OR2M4,0
24254,181287,OR2M5,0
24255,181287,OR2M7,0
24256,181287,OR2S2,0
24257,181287,OR2T1,0
24258,181287,OR2T10,0
24259,181287,OR2T11,0
24260,181287,OR2T29,0
24261,181287,OR2T3,0
24262,181287,OR2T34,0
24263,181287,OR2T4,0
24264,181287,OR2T5,0
24265,181287,OR2T6_OR2T6P_OR2T9,0
24266,181287,OR2V2_OR2V3,0
24267,181287,OR2W1,0
24268,181287,OR2W3_OR2W3P_OR2W8P,0
24269,181287,OR2W5P_OR2W5,0
24270,181287,OR2Y1,0
24271,181287,OR2Z1_OR2Z2,1
24272,181287,OR3A1,0
24273,181287,OR3A2,0
24274,181287,OR4A15,0
24275,181287,OR4A16,0
24276,181287,OR4A4P,0
24277,181287,OR4A5,0
24278,181287,OR4B1,0
24279,181287,OR4C11_OR4C11P,0
24280,181287,OR4C12,0
24281,181287,OR4C15,0
24282,181287,OR4C3,0
24283,181287,OR4C46,0
24284,181287,OR4C5,0
24285,181287,OR4D10_OR4D10P,0
24286,181287,OR4D1_OR4D3,0
24287,181287,OR4D2,0
24288,181287,OR4D6,0
24289,181287,OR4D9,0
24290,181287,OR4E2,0
24291,181287,OR4F14,0
24292,181287,OR4F15,0
24293,181287,OR4F17_OR4F11P_OR4F18_OR4F19,0
24294,181287,OR4F3,0
24295,181287,OR4F6_OR4F12,0
24296,181287,OR4K1,0
24297,181287,OR4K13,0
24298,181287,OR4K17,0
24299,181287,OR4K2,0
24300,181287,OR4K3_OR4K3P,0
24301,181287,OR4K5,0
24302,181287,OR4L1_OR4L2P,0
24303,181287,OR4M2B,0
24304,181287,OR4N2,0
24305,181287,OR4N4,0
24306,181287,OR4P4_OR4P3P,0
24307,181287,OR4Q3_OR4Q4,0
24308,181287,OR4S1,0
24309,181287,OR4S2_OR4S2P,0
24310,181287,OR4X1,0
24311,181287,OR4X2,0
24312,181287,OR51A4,0
24313,181287,OR51D1,0
24314,181287,OR51E1_OR51E1P_OR52A3P,0
24315,181287,OR51E2,1
24316,181287,OR51F1_OR51F1P,0
24317,181287,OR51F2,0
24318,181287,OR51G1_OR51G3P,0
24319,181287,OR51G2,0
24320,181287,OR51H1_OR51H1P,0
24321,181287,OR51I2,0
24322,181287,OR51L1,0
24323,181287,OR51Q1,0
24324,181287,OR51T1,0
24325,181287,OR52A1,0
24326,181287,OR52B2,0
24327,181287,OR52B4,0
24328,181287,OR52B6,0
24329,181287,OR52D1,0
24330,181287,OR52E2,0
24331,181287,OR52E4,0
24332,181287,OR52E6,0
24333,181287,OR52E8,0
24334,181287,OR52I2,0
24335,181287,OR52K1,0
24336,181287,OR52K2,0
24337,181287,OR52L1,1
24338,181287,OR52M1_OR52M1P,0
24339,181287,OR52N1,0
24340,181287,OR52P1_OR52P1P,0
24341,181287,OR56A1,0
24342,181287,OR56A3_OR56A3P_OR56A6,0
24343,181287,OR56B1_OR56B1P,0
24344,181287,OR56B4,0
24345,181287,OR5A1_OR5A1P,0
24346,181287,OR5A2,0
24347,181287,OR5AC2,0
24348,181287,OR5AK2,0
24349,181287,OR5AK3P_OR5AK3,0
24350,181287,OR5AL1_OR5AL1P,0
24351,181287,OR5AN1,0
24352,181287,OR5AP2,0
24353,181287,OR5AR1,0
24354,181287,OR5AS1,0
24355,181287,OR5AU1,0
24356,181287,OR5B17_OR5B20P,0
24357,181287,OR5B2,0
24358,181287,OR5B21,0
24359,181287,OR5B3_OR5B13,0
24360,181287,OR5C1_OR5C2P,0
24361,181287,OR5D13,0
24362,181287,OR5D16,0
24363,181287,OR5D18,0
24364,181287,OR5F1,0
24365,181287,OR5H1,0
24366,181287,OR5H14,0
24367,181287,OR5H2,0
24368,181287,OR5H6,0
24369,181287,OR5I1,0
24370,181287,OR5K1,1
24371,181287,OR5K1,1
24372,181287,OR5K1,1
24373,181287,OR5K1,1
24374,181287,OR5K1,1
24375,181287,OR5K1,1
24376,181287,OR5K2,0
24377,181287,OR5K3,0
24378,181287,OR5L1,0
24379,181287,OR5M1,0
24380,181287,OR5M8,0
24381,181287,OR5M9,0
24382,181287,OR5P2,0
24383,181287,OR5P3,0
24384,181287,OR5T1_OR5T1P,0
24385,181287,OR5T2,0
24386,181287,OR5T3,0
24387,181287,OR5V1,1
24388,181287,OR5W2_OR5W2P_OR5W3P,0
24389,181287,OR6A2_OR6A1_OR6A2P,0
24390,181287,OR6B1,1
24391,181287,OR6B2_OR6B2P,0
24392,181287,OR6B3_OR6B3P,0
24393,181287,OR6C1,0
24394,181287,OR6C2,0
24395,181287,OR6C3,0
24396,181287,OR6C4,0
24397,181287,OR6C6,0
24398,181287,OR6C65,0
24399,181287,OR6C70,0
24400,181287,OR6C74,0
24401,181287,OR6C75,0
24402,181287,OR6C76,0
24403,181287,OR6F1,0
24404,181287,OR6K2,0
24405,181287,OR6K3,0
24406,181287,OR6K6,0
24407,181287,OR6M1,0
24408,181287,OR6N1,0
24409,181287,OR6N2,0
24410,181287,OR6P1,0
24411,181287,OR6S1,0
24412,181287,OR6T1,0
24413,181287,OR6Y1_OR6Y2,0
24414,181287,OR7A10,0
24415,181287,OR7A17,0
24416,181287,OR7A5,0
24417,181287,OR7C1_OR7C4,0
24418,181287,OR7D2,0
24419,181287,OR7D4_OR7D4P,0
24420,181287,OR7E24_OR7E24P,0
24421,181287,OR7G2,0
24422,181287,OR7G3,0
24423,181287,OR8A1,0
24424,181287,OR8B4_OR8B4P,0
24425,181287,OR8B8,0
24426,181287,OR8D1_OR8D3,0
24427,181287,OR8D2,0
24428,181287,OR8D4,0
24429,181287,OR8G1_OR8G1P,0
24430,181287,OR8G5_OR8G5P_OR8G6,0
24431,181287,OR8H1,0
24432,181287,OR8H2,0
24433,181287,OR8H3,0
24434,181287,OR8I2,0
24435,181287,OR8J1,0
24436,181287,OR8J3,0
24437,181287,OR8K1,0
24438,181287,OR8K3,0
24439,181287,OR8K5,0
24440,181287,OR8S1,0
24441,181287,OR8U1,0
24442,181287,OR8U3_OR5R1_OR5R1P,0
24443,181287,OR8U8,0
24444,181287,OR8U9,0
24445,181287,OR9A2,0
24446,181287,OR9A4,0
24447,181287,OR9G4,0
24448,181287,OR9G9,0
24449,181287,OR9I1,0
24450,181287,OR9K2,0
24451,181287,OR9Q2,0
24452,181287,OR9Q2_OR9Q2P,1
24453,193087,OR2J1_OR2J1P,0
24454,193087,OR51J1_OR51J1P_OR51J2,0
24455,222865,OR51E2,1
24456,222994,OR3A1,1
24457,222994,OR3A1,1
24458,228987,OR10S1,1
24459,228987,OR10S1,1
24460,228987,OR10S1,1
24461,228987,OR10S1,1
24462,228987,OR10S1,1
24463,228987,OR10S1,1
24464,228987,OR10S1,1
24465,228987,OR1D2,1
24466,228987,OR2A1,0
24467,228987,OR2A7,1
24468,228987,OR2A7,1
24469,228987,OR2A7,1
24470,228987,OR2A7,1
24471,228987,OR2A7,1
24472,228987,OR2A7,1
24473,228987,OR2A7,1
24474,228987,OR2L13_OR2L14,0
24475,228987,OR2T4,1
24476,228987,OR2T4,1
24477,228987,OR2T4,1
24478,228987,OR2T4,1
24479,228987,OR2T4,1
24480,228987,OR2T4,1
24481,228987,OR2T4,1
24482,228987,OR2T4,1
24483,228987,OR2W3_OR2W3P_OR2W8P,0
24484,228987,OR3A1,1
24485,228987,OR3A1,1
24486,228987,OR51B5,0
24487,235414,OR10A2_OR10A2P,0
24488,235414,OR10A3,0
24489,235414,OR10A4_OR10A4P,0
24490,235414,OR10A5_OR10A1,0
24491,235414,OR10A6,0
24492,235414,OR10A7,0
24493,235414,OR10AD1_OR10AD1P,0
24494,235414,OR10AG1,0
24495,235414,OR10C1_OR10C2,0
24496,235414,OR10D3,0
24497,235414,OR10G3,0
24498,235414,OR10G4,0
24499,235414,OR10G6_OR10G6P,0
24500,235414,OR10G7,0
24501,235414,OR10G8,0
24502,235414,OR10G9_OR10G10P,0
24503,235414,OR10H1,0
24504,235414,OR10H2,0
24505,235414,OR10H3,0
24506,235414,OR10H4,0
24507,235414,OR10H5,0
24508,235414,OR10J1,0
24509,235414,OR10J3_OR10J3P,0
24510,235414,OR10J5,0
24511,235414,OR10K1,0
24512,235414,OR10K2,0
24513,235414,OR10P1_OR10P1P_OR10P2P_OR10P3P,0
24514,235414,OR10Q1,0
24515,235414,OR10R2,0
24516,235414,OR10T2,0
24517,235414,OR10V1,0
24518,235414,OR10W1_OR10W1P,0
24519,235414,OR10X1_OR10X1P,0
24520,235414,OR10Z1,0
24521,235414,OR11A1_OR11A2,0
24522,235414,OR11G2,0
24523,235414,OR11H1,0
24524,235414,OR11H12,0
24525,235414,OR11H2_OR11H2P,0
24526,235414,OR11H4,0
24527,235414,OR11H6,0
24528,235414,OR11L1,0
24529,235414,OR12D2,0
24530,235414,OR12D3,0
24531,235414,OR13A1,0
24532,235414,OR13C2,0
24533,235414,OR13C3,0
24534,235414,OR13C4,0
24535,235414,OR13C5,0
24536,235414,OR13C8,0
24537,235414,OR13C9,0
24538,235414,OR13D1,0
24539,235414,OR13F1,0
24540,235414,OR13G1,0
24541,235414,OR13H1,0
24542,235414,OR13J1,0
24543,235414,OR14A2_OR5AX1_OR5AX1P,0
24544,235414,OR14C36_OR5BF1,0
24545,235414,OR14I1_OR5BU1_OR5BU1P,0
24546,235414,OR14J1_OR5U1,0
24547,235414,OR14K1_OR5AY1,0
24548,235414,OR14L1_OR14L1P_OR5AV1P,0
24549,235414,OR1A1,0
24550,235414,OR1A2,0
24551,235414,OR1C1,0
24552,235414,OR1D2,0
24553,235414,OR1D5,0
24554,235414,OR1E1_OR1E5_OR1E6_OR1E9P,0
24555,235414,OR1E2_OR1E4,0
24556,235414,OR1F1,0
24557,235414,OR1F12P_OR1F12,0
24558,235414,OR1G1_OR1G2,0
24559,235414,OR1I1,0
24560,235414,OR1J1,0
24561,235414,OR1J2_OR1J3_OR1J5,0
24562,235414,OR1J4,0
24563,235414,OR1K1,0
24564,235414,OR1L1_OR1L2,0
24565,235414,OR1L3,0
24566,235414,OR1L4_OR1L5,0
24567,235414,OR1L6_OR1L7,0
24568,235414,OR1L8,0
24569,235414,OR1M1,0
24570,235414,OR1N1_OR1N3,0
24571,235414,OR1N2,0
24572,235414,OR1Q1_OR1Q2_OR1Q3,0
24573,235414,OR1S1,0
24574,235414,OR1S2,0
24575,235414,OR2A1,0
24576,235414,OR2A12_OR2A12P,0
24577,235414,OR2A14,0
24578,235414,OR2A14_OR2A14P_OR2A6,0
24579,235414,OR2A25_OR2A25P_OR2A27,0
24580,235414,OR2A2_OR2A17P_OR2A2P,0
24581,235414,OR2A4_OR2A10,0
24582,235414,OR2A5_OR2A26_OR2A8,0
24583,235414,OR2A7,0
24584,235414,OR2AE1_OR2AE2,0
24585,235414,OR2AG1_OR2AG3,0
24586,235414,OR2AG2_OR2AG2P,0
24587,235414,OR2AJ1_OR2AJ1P,0
24588,235414,OR2AK2_OR2AK1P,0
24589,235414,OR2AP1_OR2AP1P,0
24590,235414,OR2AT4,0
24591,235414,OR2B11,0
24592,235414,OR2B2_OR2B9,0
24593,235414,OR2B3_OR2B3P,0
24594,235414,OR2B6,0
24595,235414,OR2B8P_OR2B8,0
24596,235414,OR2C1,0
24597,235414,OR2C3_OR2C4_OR2C5P,0
24598,235414,OR2D2_OR2D1,0
24599,235414,OR2D3,0
24600,235414,OR2F1_OR2F3_OR2F3P_OR2F4_OR2F5,0
24601,235414,OR2F2,0
24602,235414,OR2G2,0
24603,235414,OR2G3,0
24604,235414,OR2G6,0
24605,235414,OR2H1_OR2H6_OR2H8,0
24606,235414,OR2H2_OR2H3,0
24607,235414,OR2J1_OR2J1P,0
24608,235414,OR2J2,0
24609,235414,OR2J3,1
24610,235414,OR2K2_OR2AR1P,0
24611,235414,OR2L13_OR2L14,0
24612,235414,OR2L2_OR2L12_OR2L4P,0
24613,235414,OR2L3,0
24614,235414,OR2L5_OR2L11,0
24615,235414,OR2L8,0
24616,235414,OR2M2,0
24617,235414,OR2M3_OR2M3P_OR2M6,0
24618,235414,OR2M4,0
24619,235414,OR2M5,0
24620,235414,OR2M7,0
24621,235414,OR2S2,0
24622,235414,OR2T1,0
24623,235414,OR2T10,0
24624,235414,OR2T11,0
24625,235414,OR2T29,0
24626,235414,OR2T2_OR2T2P,0
24627,235414,OR2T3,0
24628,235414,OR2T33,0
24629,235414,OR2T34,0
24630,235414,OR2T35,0
24631,235414,OR2T4,0
24632,235414,OR2T5,0
24633,235414,OR2T6_OR2T6P_OR2T9,0
24634,235414,OR2T8_OR2T8P,0
24635,235414,OR2V1,0
24636,235414,OR2V2_OR2V3,0
24637,235414,OR2W1,0
24638,235414,OR2W3_OR2W3P_OR2W8P,0
24639,235414,OR2W5P_OR2W5,0
24640,235414,OR2Y1,0
24641,235414,OR2Z1_OR2Z2,0
24642,235414,OR3A1,0
24643,235414,OR3A2,0
24644,235414,OR3A3_OR3A6_OR3A7_OR3A8P,0
24645,235414,OR3A4P_OR3A4_OR3A5P,0
24646,235414,OR4A15,0
24647,235414,OR4A16,0
24648,235414,OR4A47,0
24649,235414,OR4A4P,0
24650,235414,OR4A5,0
24651,235414,OR4B1,0
24652,235414,OR4C11_OR4C11P,0
24653,235414,OR4C12,0
24654,235414,OR4C15,0
24655,235414,OR4C16,0
24656,235414,OR4C3,0
24657,235414,OR4C46,0
24658,235414,OR4C5,0
24659,235414,OR4C6,0
24660,235414,OR4D10_OR4D10P,0
24661,235414,OR4D1_OR4D3,0
24662,235414,OR4D2,0
24663,235414,OR4D5,0
24664,235414,OR4D6,0
24665,235414,OR4D9,0
24666,235414,OR4E2,0
24667,235414,OR4F14,0
24668,235414,OR4F15,0
24669,235414,OR4F17_OR4F11P_OR4F18_OR4F19,0
24670,235414,OR4F21_OR4F21P,0
24671,235414,OR4F3,0
24672,235414,OR4F4,0
24673,235414,OR4F6_OR4F12,0
24674,235414,OR4K1,0
24675,235414,OR4K13,0
24676,235414,OR4K15,0
24677,235414,OR4K17,0
24678,235414,OR4K2,0
24679,235414,OR4K3_OR4K3P,0
24680,235414,OR4K5,0
24681,235414,OR4L1_OR4L2P,0
24682,235414,OR4M1,0
24683,235414,OR4M2B,0
24684,235414,OR4N2,0
24685,235414,OR4N4,0
24686,235414,OR4P4_OR4P3P,0
24687,235414,OR4Q3_OR4Q4,0
24688,235414,OR4S1,0
24689,235414,OR4S2_OR4S2P,0
24690,235414,OR4X1,0
24691,235414,OR4X2,0
24692,235414,OR51A2,0
24693,235414,OR51A4,0
24694,235414,OR51B2_OR51B1P,0
24695,235414,OR51B4,0
24696,235414,OR51B5,0
24697,235414,OR51B6,0
24698,235414,OR51D1,0
24699,235414,OR51E1_OR51E1P_OR52A3P,0
24700,235414,OR51E2,0
24701,235414,OR51F1_OR51F1P,0
24702,235414,OR51F2,0
24703,235414,OR51G1_OR51G3P,0
24704,235414,OR51G2,0
24705,235414,OR51H1_OR51H1P,0
24706,235414,OR51I1,0
24707,235414,OR51I2,0
24708,235414,OR51J1_OR51J1P_OR51J2,0
24709,235414,OR51L1,0
24710,235414,OR51M1,0
24711,235414,OR51Q1,0
24712,235414,OR51S1,0
24713,235414,OR51T1,0
24714,235414,OR51V1_OR51A12,0
24715,235414,OR52A1,0
24716,235414,OR52A4P_OR52A4,0
24717,235414,OR52A5,0
24718,235414,OR52B2,0
24719,235414,OR52B4,0
24720,235414,OR52B6,0
24721,235414,OR52D1,0
24722,235414,OR52E2,0
24723,235414,OR52E4,0
24724,235414,OR52E5,0
24725,235414,OR52E6,0
24726,235414,OR52E8,0
24727,235414,OR52H1,0
24728,235414,OR52I2,0
24729,235414,OR52J3,0
24730,235414,OR52K1,0
24731,235414,OR52K2,0
24732,235414,OR52L1,0
24733,235414,OR52L2P_OR52L2,0
24734,235414,OR52M1_OR52M1P,0
24735,235414,OR52N1,0
24736,235414,OR52N2,0
24737,235414,OR52N4,0
24738,235414,OR52N5,0
24739,235414,OR52P1_OR52P1P,0
24740,235414,OR52R1,0
24741,235414,OR52W1_OR52W1P,0
24742,235414,OR56A1,0
24743,235414,OR56A3_OR56A3P_OR56A6,0
24744,235414,OR56A4,0
24745,235414,OR56A5_OR56A5P,0
24746,235414,OR56B1_OR56B1P,0
24747,235414,OR56B4,0
24748,235414,OR5A1_OR5A1P,0
24749,235414,OR5A2,1
24750,235414,OR5AC2,0
24751,235414,OR5AK2,0
24752,235414,OR5AK3P_OR5AK3,0
24753,235414,OR5AL1_OR5AL1P,0
24754,235414,OR5AN1,1
24755,235414,OR5AN1,1
24756,235414,OR5AN1,1
24757,235414,OR5AP2,0
24758,235414,OR5AR1,0
24759,235414,OR5AS1,0
24760,235414,OR5AU1,0
24761,235414,OR5B12_OR5B12P_OR5B16,0
24762,235414,OR5B17_OR5B20P,0
24763,235414,OR5B2,0
24764,235414,OR5B21,0
24765,235414,OR5B3_OR5B13,0
24766,235414,OR5C1_OR5C2P,0
24767,235414,OR5D13,0
24768,235414,OR5D14,0
24769,235414,OR5D16,0
24770,235414,OR5D18,0
24771,235414,OR5F1,0
24772,235414,OR5H1,0
24773,235414,OR5H14,0
24774,235414,OR5H2,0
24775,235414,OR5H6,0
24776,235414,OR5I1,0
24777,235414,OR5J2,0
24778,235414,OR5K1,0
24779,235414,OR5K2,0
24780,235414,OR5K3,0
24781,235414,OR5K4,0
24782,235414,OR5L1,0
24783,235414,OR5M1,0
24784,235414,OR5M10,0
24785,235414,OR5M11,0
24786,235414,OR5M8,0
24787,235414,OR5M9,0
24788,235414,OR5P2,0
24789,235414,OR5P3,0
24790,235414,OR5T1_OR5T1P,0
24791,235414,OR5T2,0
24792,235414,OR5T3,0
24793,235414,OR5V1,0
24794,235414,OR5W2_OR5W2P_OR5W3P,0
24795,235414,OR6A2_OR6A1_OR6A2P,0
24796,235414,OR6B1,0
24797,235414,OR6B2_OR6B2P,0
24798,235414,OR6B3_OR6B3P,0
24799,235414,OR6C1,0
24800,235414,OR6C2,0
24801,235414,OR6C3,0
24802,235414,OR6C4,0
24803,235414,OR6C6,0
24804,235414,OR6C65,0
24805,235414,OR6C68,0
24806,235414,OR6C70,0
24807,235414,OR6C74,0
24808,235414,OR6C75,0
24809,235414,OR6C76,0
24810,235414,OR6F1,0
24811,235414,OR6J1_OR6J2,0
24812,235414,OR6K2,0
24813,235414,OR6K3,0
24814,235414,OR6K6,0
24815,235414,OR6M1,0
24816,235414,OR6N1,0
24817,235414,OR6N2,0
24818,235414,OR6P1,0
24819,235414,OR6Q1,0
24820,235414,OR6S1,0
24821,235414,OR6T1,0
24822,235414,OR6V1,0
24823,235414,OR6X1,0
24824,235414,OR6Y1_OR6Y2,0
24825,235414,OR7A10,0
24826,235414,OR7A17,0
24827,235414,OR7A5,0
24828,235414,OR7C1_OR7C4,0
24829,235414,OR7D2,0
24830,235414,OR7D4_OR7D4P,0
24831,235414,OR7E24_OR7E24P,0
24832,235414,OR7G2,0
24833,235414,OR7G3,0
24834,235414,OR8A1,0
24835,235414,OR8B12,0
24836,235414,OR8B2,0
24837,235414,OR8B3,0
24838,235414,OR8B4_OR8B4P,0
24839,235414,OR8B8,0
24840,235414,OR8D1_OR8D3,0
24841,235414,OR8D2,0
24842,235414,OR8D4,0
24843,235414,OR8G1_OR8G1P,0
24844,235414,OR8G5_OR8G5P_OR8G6,0
24845,235414,OR8H1,0
24846,235414,OR8H2,0
24847,235414,OR8H3,0
24848,235414,OR8I2,0
24849,235414,OR8J1,0
24850,235414,OR8J3,0
24851,235414,OR8K1,0
24852,235414,OR8K3,0
24853,235414,OR8K5,0
24854,235414,OR8S1,0
24855,235414,OR8U1,0
24856,235414,OR8U3_OR5R1_OR5R1P,0
24857,235414,OR8U8,0
24858,235414,OR8U9,0
24859,235414,OR9A2,0
24860,235414,OR9A4,0
24861,235414,OR9G4,0
24862,235414,OR9G9,0
24863,235414,OR9I1,0
24864,235414,OR9K2,0
24865,235414,OR9Q1,0
24866,235414,OR9Q2,0
24867,235414,OR9Q2_OR9Q2P,0
24868,246728,OR10J5,0
24869,246728,OR1A1,1
24870,246728,OR1G1_OR1G2,0
24871,246728,OR2C1,0
24872,246728,OR2J2,0
24873,246728,OR2M7,0
24874,246728,OR2W1,1
24875,246728,OR51E1_OR51E1P_OR52A3P,0
24876,246728,OR51E2,0
24877,246728,OR51L1,0
24878,246728,OR52D1,1
24879,246728,OR5P3,0
24880,252379,OR51E2,1
24881,263626,OR10A2_OR10A2P,0
24882,263626,OR10A3,0
24883,263626,OR10A4_OR10A4P,0
24884,263626,OR10A5_OR10A1,0
24885,263626,OR10A6,0
24886,263626,OR10A7,0
24887,263626,OR10AD1_OR10AD1P,0
24888,263626,OR10AG1,0
24889,263626,OR10C1_OR10C2,0
24890,263626,OR10D3,0
24891,263626,OR10G3,0
24892,263626,OR10G4,0
24893,263626,OR10G6_OR10G6P,0
24894,263626,OR10G7,0
24895,263626,OR10G8,0
24896,263626,OR10G9_OR10G10P,0
24897,263626,OR10H1,0
24898,263626,OR10H2,0
24899,263626,OR10H3,0
24900,263626,OR10H4,0
24901,263626,OR10H5,0
24902,263626,OR10J1,0
24903,263626,OR10J3_OR10J3P,0
24904,263626,OR10J5,0
24905,263626,OR10K1,0
24906,263626,OR10P1_OR10P1P_OR10P2P_OR10P3P,0
24907,263626,OR10Q1,0
24908,263626,OR10R2,0
24909,263626,OR10S1,0
24910,263626,OR10T2,0
24911,263626,OR10V1,0
24912,263626,OR10W1_OR10W1P,0
24913,263626,OR10X1_OR10X1P,0
24914,263626,OR10Z1,0
24915,263626,OR11A1_OR11A2,0
24916,263626,OR11G2,0
24917,263626,OR11H1,0
24918,263626,OR11H12,0
24919,263626,OR11H2_OR11H2P,0
24920,263626,OR11H4,0
24921,263626,OR11H6,0
24922,263626,OR11L1,0
24923,263626,OR12D2,0
24924,263626,OR12D3,0
24925,263626,OR13A1,0
24926,263626,OR13C2,0
24927,263626,OR13C3,0
24928,263626,OR13C4,0
24929,263626,OR13C5,0
24930,263626,OR13C8,0
24931,263626,OR13C9,0
24932,263626,OR13D1,0
24933,263626,OR13F1,0
24934,263626,OR13G1,0
24935,263626,OR13H1,0
24936,263626,OR13J1,0
24937,263626,OR14A2_OR5AX1_OR5AX1P,0
24938,263626,OR14C36_OR5BF1,0
24939,263626,OR14I1_OR5BU1_OR5BU1P,0
24940,263626,OR14J1_OR5U1,0
24941,263626,OR14K1_OR5AY1,0
24942,263626,OR1A1,0
24943,263626,OR1A2,0
24944,263626,OR1C1,0
24945,263626,OR1D2,0
24946,263626,OR1D5,0
24947,263626,OR1E1_OR1E5_OR1E6_OR1E9P,0
24948,263626,OR1E2_OR1E4,0
24949,263626,OR1F1,0
24950,263626,OR1F12P_OR1F12,0
24951,263626,OR1G1_OR1G2,0
24952,263626,OR1I1,0
24953,263626,OR1J1,0
24954,263626,OR1J2_OR1J3_OR1J5,0
24955,263626,OR1J4,0
24956,263626,OR1K1,0
24957,263626,OR1L1_OR1L2,0
24958,263626,OR1L3,0
24959,263626,OR1L4_OR1L5,0
24960,263626,OR1L6_OR1L7,0
24961,263626,OR1L8,0
24962,263626,OR1M1,0
24963,263626,OR1N1_OR1N3,0
24964,263626,OR1N2,0
24965,263626,OR1Q1_OR1Q2_OR1Q3,0
24966,263626,OR1S1,0
24967,263626,OR1S2,0
24968,263626,OR2A1,0
24969,263626,OR2A12_OR2A12P,0
24970,263626,OR2A14_OR2A14P_OR2A6,0
24971,263626,OR2A25_OR2A25P_OR2A27,0
24972,263626,OR2A2_OR2A17P_OR2A2P,0
24973,263626,OR2A4_OR2A10,0
24974,263626,OR2A5_OR2A26_OR2A8,0
24975,263626,OR2A7,0
24976,263626,OR2AE1_OR2AE2,0
24977,263626,OR2AG1_OR2AG3,0
24978,263626,OR2AG2_OR2AG2P,0
24979,263626,OR2AJ1_OR2AJ1P,0
24980,263626,OR2AK2_OR2AK1P,0
24981,263626,OR2AP1_OR2AP1P,0
24982,263626,OR2AT4,0
24983,263626,OR2B11,0
24984,263626,OR2B2_OR2B9,0
24985,263626,OR2B3_OR2B3P,0
24986,263626,OR2B6,0
24987,263626,OR2C1,0
24988,263626,OR2C3_OR2C4_OR2C5P,0
24989,263626,OR2D2_OR2D1,0
24990,263626,OR2D3,0
24991,263626,OR2F1_OR2F3_OR2F3P_OR2F4_OR2F5,0
24992,263626,OR2F2,0
24993,263626,OR2G2,0
24994,263626,OR2G3,0
24995,263626,OR2G6,0
24996,263626,OR2H1_OR2H6_OR2H8,0
24997,263626,OR2H2_OR2H3,0
24998,263626,OR2J1_OR2J1P,0
24999,263626,OR2J2,0
25000,263626,OR2J3,0
25001,263626,OR2K2_OR2AR1P,0
25002,263626,OR2L13_OR2L14,0
25003,263626,OR2L2_OR2L12_OR2L4P,0
25004,263626,OR2L3,0
25005,263626,OR2L5_OR2L11,0
25006,263626,OR2L8,0
25007,263626,OR2M2,0
25008,263626,OR2M3_OR2M3P_OR2M6,0
25009,263626,OR2M4,0
25010,263626,OR2M7,0
25011,263626,OR2S2,0
25012,263626,OR2T1,0
25013,263626,OR2T10,0
25014,263626,OR2T11,0
25015,263626,OR2T29,0
25016,263626,OR2T2_OR2T2P,0
25017,263626,OR2T3,0
25018,263626,OR2T33,0
25019,263626,OR2T34,0
25020,263626,OR2T35,0
25021,263626,OR2T4,0
25022,263626,OR2T5,0
25023,263626,OR2T6_OR2T6P_OR2T9,0
25024,263626,OR2T8_OR2T8P,0
25025,263626,OR2V1,0
25026,263626,OR2V2_OR2V3,0
25027,263626,OR2W1,0
25028,263626,OR2W3_OR2W3P_OR2W8P,0
25029,263626,OR2W5P_OR2W5,0
25030,263626,OR2Y1,0
25031,263626,OR2Z1_OR2Z2,0
25032,263626,OR3A1,0
25033,263626,OR3A2,0
25034,263626,OR3A3_OR3A6_OR3A7_OR3A8P,0
25035,263626,OR4A15,0
25036,263626,OR4A16,0
25037,263626,OR4A47,0
25038,263626,OR4A5,0
25039,263626,OR4B1,0
25040,263626,OR4C11_OR4C11P,0
25041,263626,OR4C12,0
25042,263626,OR4C15,0
25043,263626,OR4C16,0
25044,263626,OR4C3,0
25045,263626,OR4C46,0
25046,263626,OR4C5,0
25047,263626,OR4C6,0
25048,263626,OR4D10_OR4D10P,0
25049,263626,OR4D1_OR4D3,0
25050,263626,OR4D2,0
25051,263626,OR4D5,0
25052,263626,OR4D6,0
25053,263626,OR4D9,0
25054,263626,OR4E2,0
25055,263626,OR4F15,0
25056,263626,OR4F17_OR4F11P_OR4F18_OR4F19,0
25057,263626,OR4F21_OR4F21P,0
25058,263626,OR4F3,0
25059,263626,OR4F4,0
25060,263626,OR4F6_OR4F12,0
25061,263626,OR4K1,0
25062,263626,OR4K13,0
25063,263626,OR4K15,0
25064,263626,OR4K17,0
25065,263626,OR4K2,0
25066,263626,OR4K5,0
25067,263626,OR4L1_OR4L2P,0
25068,263626,OR4M1,0
25069,263626,OR4N2,0
25070,263626,OR4N4,0
25071,263626,OR4P4_OR4P3P,0
25072,263626,OR4Q3_OR4Q4,0
25073,263626,OR4S1,0
25074,263626,OR4S2_OR4S2P,0
25075,263626,OR4X1,0
25076,263626,OR4X2,0
25077,263626,OR51A2,0
25078,263626,OR51A4,0
25079,263626,OR51A7,0
25080,263626,OR51B2_OR51B1P,0
25081,263626,OR51B4,0
25082,263626,OR51B5,0
25083,263626,OR51B6,0
25084,263626,OR51D1,0
25085,263626,OR51E1_OR51E1P_OR52A3P,0
25086,263626,OR51E2,0
25087,263626,OR51F1_OR51F1P,0
25088,263626,OR51F2,0
25089,263626,OR51G1_OR51G3P,0
25090,263626,OR51G2,0
25091,263626,OR51I1,0
25092,263626,OR51I2,0
25093,263626,OR51J1_OR51J1P_OR51J2,0
25094,263626,OR51L1,0
25095,263626,OR51M1,0
25096,263626,OR51Q1,0
25097,263626,OR51S1,0
25098,263626,OR51T1,0
25099,263626,OR51V1_OR51A12,0
25100,263626,OR52A1,0
25101,263626,OR52A5,0
25102,263626,OR52B2,0
25103,263626,OR52B4,0
25104,263626,OR52B6,0
25105,263626,OR52D1,0
25106,263626,OR52E2,0
25107,263626,OR52E4,0
25108,263626,OR52E5,0
25109,263626,OR52E6,0
25110,263626,OR52E8,0
25111,263626,OR52H1,0
25112,263626,OR52I1,0
25113,263626,OR52I2,0
25114,263626,OR52J3,0
25115,263626,OR52K1,0
25116,263626,OR52K2,0
25117,263626,OR52L1,0
25118,263626,OR52M1_OR52M1P,0
25119,263626,OR52N1,0
25120,263626,OR52N2,0
25121,263626,OR52N4,0
25122,263626,OR52N5,0
25123,263626,OR52R1,0
25124,263626,OR52W1_OR52W1P,0
25125,263626,OR56A1,0
25126,263626,OR56A3_OR56A3P_OR56A6,0
25127,263626,OR56A4,0
25128,263626,OR56A5_OR56A5P,0
25129,263626,OR56B1_OR56B1P,0
25130,263626,OR56B4,0
25131,263626,OR5A1_OR5A1P,0
25132,263626,OR5A2,0
25133,263626,OR5AC2,0
25134,263626,OR5AK2,0
25135,263626,OR5AN1,0
25136,263626,OR5AP2,0
25137,263626,OR5AR1,0
25138,263626,OR5AS1,0
25139,263626,OR5AU1,0
25140,263626,OR5B12_OR5B12P_OR5B16,0
25141,263626,OR5B17_OR5B20P,0
25142,263626,OR5B2,0
25143,263626,OR5B21,0
25144,263626,OR5B3_OR5B13,0
25145,263626,OR5C1_OR5C2P,0
25146,263626,OR5D13,0
25147,263626,OR5D14,0
25148,263626,OR5D16,0
25149,263626,OR5D18,0
25150,263626,OR5F1,0
25151,263626,OR5H1,0
25152,263626,OR5H14,0
25153,263626,OR5H2,0
25154,263626,OR5H6,0
25155,263626,OR5I1,0
25156,263626,OR5J2,0
25157,263626,OR5K1,1
25158,263626,OR5K1,1
25159,263626,OR5K2,0
25160,263626,OR5K3,0
25161,263626,OR5K4,0
25162,263626,OR5L1,0
25163,263626,OR5M1,0
25164,263626,OR5M10,0
25165,263626,OR5M11,0
25166,263626,OR5M3,0
25167,263626,OR5M8,0
25168,263626,OR5M9,0
25169,263626,OR5P2,0
25170,263626,OR5P3,0
25171,263626,OR5T1_OR5T1P,0
25172,263626,OR5T2,0
25173,263626,OR5T3,0
25174,263626,OR5V1,0
25175,263626,OR5W2_OR5W2P_OR5W3P,0
25176,263626,OR6A2_OR6A1_OR6A2P,0
25177,263626,OR6B1,0
25178,263626,OR6B2_OR6B2P,0
25179,263626,OR6B3_OR6B3P,0
25180,263626,OR6C1,0
25181,263626,OR6C2,0
25182,263626,OR6C3,0
25183,263626,OR6C4,0
25184,263626,OR6C6,0
25185,263626,OR6C65,0
25186,263626,OR6C68,0
25187,263626,OR6C70,0
25188,263626,OR6C74,0
25189,263626,OR6C75,0
25190,263626,OR6C76,0
25191,263626,OR6F1,0
25192,263626,OR6J1_OR6J2,0
25193,263626,OR6K2,0
25194,263626,OR6K3,0
25195,263626,OR6K6,0
25196,263626,OR6M1,0
25197,263626,OR6N1,0
25198,263626,OR6N2,0
25199,263626,OR6P1,0
25200,263626,OR6Q1,0
25201,263626,OR6S1,0
25202,263626,OR6T1,0
25203,263626,OR6V1,0
25204,263626,OR6X1,0
25205,263626,OR6Y1_OR6Y2,0
25206,263626,OR7A10,0
25207,263626,OR7A17,0
25208,263626,OR7A5,0
25209,263626,OR7C1_OR7C4,0
25210,263626,OR7D2,0
25211,263626,OR7D4_OR7D4P,0
25212,263626,OR7E24_OR7E24P,0
25213,263626,OR7G2,0
25214,263626,OR7G3,0
25215,263626,OR8A1,0
25216,263626,OR8B12,0
25217,263626,OR8B2,0
25218,263626,OR8B3,0
25219,263626,OR8B4_OR8B4P,0
25220,263626,OR8B8,0
25221,263626,OR8D1_OR8D3,0
25222,263626,OR8D2,0
25223,263626,OR8D4,0
25224,263626,OR8G1_OR8G1P,0
25225,263626,OR8G5_OR8G5P_OR8G6,0
25226,263626,OR8H1,0
25227,263626,OR8H2,0
25228,263626,OR8H3,0
25229,263626,OR8I2,0
25230,263626,OR8J1,0
25231,263626,OR8J3,0
25232,263626,OR8K1,0
25233,263626,OR8K3,0
25234,263626,OR8K5,0
25235,263626,OR8S1,0
25236,263626,OR8U1,0
25237,263626,OR8U3_OR5R1_OR5R1P,0
25238,263626,OR8U8,0
25239,263626,OR8U9,0
25240,263626,OR9A2,0
25241,263626,OR9A4,0
25242,263626,OR9G4,0
25243,263626,OR9G9,0
25244,263626,OR9I1,0
25245,263626,OR9K2,0
25246,263626,OR9Q1,0
25247,263626,OR9Q2_OR9Q2P,0
25248,439250,OR10S1,0
25249,439250,OR1A1,1
25250,439250,OR1A1,1
25251,439250,OR1A2,1
25252,439250,OR2A1,0
25253,439250,OR2A7,0
25254,439250,OR2L13_OR2L14,0
25255,439250,OR2M3_OR2M3P_OR2M6,0
25256,439250,OR2T4,0
25257,439250,OR2W1,1
25258,439250,OR2W3_OR2W3P_OR2W8P,0
25259,439250,OR51B5,0
25260,439570,OR10A2_OR10A2P,0
25261,439570,OR10A3,0
25262,439570,OR10A4_OR10A4P,0
25263,439570,OR10A5_OR10A1,0
25264,439570,OR10A6,1
25265,439570,OR10A6,1
25266,439570,OR10A7,0
25267,439570,OR10AD1_OR10AD1P,0
25268,439570,OR10AG1,0
25269,439570,OR10C1_OR10C2,0
25270,439570,OR10G3,0
25271,439570,OR10G4,1
25272,439570,OR10G6_OR10G6P,0
25273,439570,OR10G7,0
25274,439570,OR10G8,0
25275,439570,OR10G9_OR10G10P,0
25276,439570,OR10H1,0
25277,439570,OR10H2,0
25278,439570,OR10H3,0
25279,439570,OR10H4,0
25280,439570,OR10H5,0
25281,439570,OR10J1,0
25282,439570,OR10J3_OR10J3P,0
25283,439570,OR10J5,0
25284,439570,OR10K1,0
25285,439570,OR10K2,0
25286,439570,OR10P1_OR10P1P_OR10P2P_OR10P3P,0
25287,439570,OR10Q1,0
25288,439570,OR10R2,0
25289,439570,OR10S1,0
25290,439570,OR10T2,0
25291,439570,OR10V1,1
25292,439570,OR10W1_OR10W1P,0
25293,439570,OR10X1_OR10X1P,0
25294,439570,OR10Z1,0
25295,439570,OR11A1_OR11A2,0
25296,439570,OR11G2,0
25297,439570,OR11H1,0
25298,439570,OR11H12,1
25299,439570,OR11H4,0
25300,439570,OR11H6,0
25301,439570,OR11L1,0
25302,439570,OR12D2,0
25303,439570,OR12D3,0
25304,439570,OR13A1,0
25305,439570,OR13C2,0
25306,439570,OR13C3,0
25307,439570,OR13C4,0
25308,439570,OR13C5,0
25309,439570,OR13C8,0
25310,439570,OR13C9,0
25311,439570,OR13D1,0
25312,439570,OR13F1,0
25313,439570,OR13G1,0
25314,439570,OR13H1,0
25315,439570,OR13J1,0
25316,439570,OR14A2_OR5AX1_OR5AX1P,0
25317,439570,OR14K1_OR5AY1,0
25318,439570,OR1A1,1
25319,439570,OR1A1,1
25320,439570,OR1A1,1
25321,439570,OR1A1,1
25322,439570,OR1A1,1
25323,439570,OR1A1,1
25324,439570,OR1A1,1
25325,439570,OR1A1,1
25326,439570,OR1A1,1
25327,439570,OR1A1,1
25328,439570,OR1A1,1
25329,439570,OR1A1,1
25330,439570,OR1A1,1
25331,439570,OR1A1,1
25332,439570,OR1A1,1
25333,439570,OR1A1,1
25334,439570,OR1A1,1
25335,439570,OR1A1,1
25336,439570,OR1A1,1
25337,439570,OR1A1,1
25338,439570,OR1A1,1
25339,439570,OR1A1,1
25340,439570,OR1A1,1
25341,439570,OR1A1,1
25342,439570,OR1A1,1
25343,439570,OR1A2,0
25344,439570,OR1C1,0
25345,439570,OR1D2,1
25346,439570,OR1D5,0
25347,439570,OR1E1_OR1E5_OR1E6_OR1E9P,0
25348,439570,OR1E2_OR1E4,0
25349,439570,OR1F1,0
25350,439570,OR1G1_OR1G2,0
25351,439570,OR1I1,0
25352,439570,OR1J1,0
25353,439570,OR1J2_OR1J3_OR1J5,0
25354,439570,OR1J4,0
25355,439570,OR1K1,0
25356,439570,OR1L1_OR1L2,0
25357,439570,OR1L3,0
25358,439570,OR1L4_OR1L5,0
25359,439570,OR1L6_OR1L7,0
25360,439570,OR1L8,0
25361,439570,OR1M1,0
25362,439570,OR1N1_OR1N3,0
25363,439570,OR1N2,0
25364,439570,OR1Q1_OR1Q2_OR1Q3,0
25365,439570,OR1S1,0
25366,439570,OR1S2,0
25367,439570,OR2A1,0
25368,439570,OR2A12_OR2A12P,0
25369,439570,OR2A14_OR2A14P_OR2A6,0
25370,439570,OR2A25_OR2A25P_OR2A27,0
25371,439570,OR2A2_OR2A17P_OR2A2P,0
25372,439570,OR2A4_OR2A10,0
25373,439570,OR2A5_OR2A26_OR2A8,0
25374,439570,OR2A7,0
25375,439570,OR2AE1_OR2AE2,0
25376,439570,OR2AG1_OR2AG3,0
25377,439570,OR2AG2_OR2AG2P,0
25378,439570,OR2AJ1_OR2AJ1P,0
25379,439570,OR2AK2_OR2AK1P,0
25380,439570,OR2AT4,0
25381,439570,OR2B11,0
25382,439570,OR2B2_OR2B9,0
25383,439570,OR2B3_OR2B3P,0
25384,439570,OR2B6,0
25385,439570,OR2C1,0
25386,439570,OR2C3_OR2C4_OR2C5P,0
25387,439570,OR2D2_OR2D1,0
25388,439570,OR2D3,0
25389,439570,OR2F1_OR2F3_OR2F3P_OR2F4_OR2F5,0
25390,439570,OR2F2,0
25391,439570,OR2G2,0
25392,439570,OR2G3,0
25393,439570,OR2G6,0
25394,439570,OR2H1_OR2H6_OR2H8,0
25395,439570,OR2H2_OR2H3,0
25396,439570,OR2J1_OR2J1P,0
25397,439570,OR2J2,0
25398,439570,OR2J3,0
25399,439570,OR2K2_OR2AR1P,0
25400,439570,OR2L13_OR2L14,0
25401,439570,OR2L2_OR2L12_OR2L4P,0
25402,439570,OR2L3,0
25403,439570,OR2L5_OR2L11,0
25404,439570,OR2L8,0
25405,439570,OR2M2,0
25406,439570,OR2M3_OR2M3P_OR2M6,0
25407,439570,OR2M4,0
25408,439570,OR2M7,0
25409,439570,OR2S2,0
25410,439570,OR2T1,0
25411,439570,OR2T10,0
25412,439570,OR2T11,0
25413,439570,OR2T29,0
25414,439570,OR2T2_OR2T2P,0
25415,439570,OR2T3,0
25416,439570,OR2T33,0
25417,439570,OR2T34,0
25418,439570,OR2T4,0
25419,439570,OR2T5,0
25420,439570,OR2T6_OR2T6P_OR2T9,0
25421,439570,OR2T8_OR2T8P,0
25422,439570,OR2V2_OR2V3,0
25423,439570,OR2W1,1
25424,439570,OR2W1,1
25425,439570,OR2W1,1
25426,439570,OR2W1,1
25427,439570,OR2W1,1
25428,439570,OR2W1,1
25429,439570,OR2W3_OR2W3P_OR2W8P,0
25430,439570,OR2W5P_OR2W5,0
25431,439570,OR2Z1_OR2Z2,0
25432,439570,OR3A1,0
25433,439570,OR3A2,0
25434,439570,OR3A3_OR3A6_OR3A7_OR3A8P,0
25435,439570,OR3A4P_OR3A4_OR3A5P,0
25436,439570,OR4A15,0
25437,439570,OR4A16,0
25438,439570,OR4A47,0
25439,439570,OR4A5,0
25440,439570,OR4B1,0
25441,439570,OR4C11_OR4C11P,0
25442,439570,OR4C12,0
25443,439570,OR4C15,0
25444,439570,OR4C16,0
25445,439570,OR4C3,0
25446,439570,OR4C46,0
25447,439570,OR4C5,0
25448,439570,OR4C6,0
25449,439570,OR4D10_OR4D10P,0
25450,439570,OR4D1_OR4D3,0
25451,439570,OR4D2,0
25452,439570,OR4D5,0
25453,439570,OR4D6,0
25454,439570,OR4D9,0
25455,439570,OR4E2,0
25456,439570,OR4F15,0
25457,439570,OR4F17_OR4F11P_OR4F18_OR4F19,0
25458,439570,OR4F21_OR4F21P,0
25459,439570,OR4F3,0
25460,439570,OR4F4,0
25461,439570,OR4F6_OR4F12,1
25462,439570,OR4K1,0
25463,439570,OR4K13,0
25464,439570,OR4K15,0
25465,439570,OR4K17,0
25466,439570,OR4K2,0
25467,439570,OR4L1_OR4L2P,0
25468,439570,OR4M1,0
25469,439570,OR4N2,0
25470,439570,OR4N4,0
25471,439570,OR4P4_OR4P3P,0
25472,439570,OR4Q3_OR4Q4,0
25473,439570,OR4S1,0
25474,439570,OR4S2_OR4S2P,0
25475,439570,OR4X1,0
25476,439570,OR4X2,0
25477,439570,OR51A2,0
25478,439570,OR51A4,0
25479,439570,OR51A7,1
25480,439570,OR51B2_OR51B1P,0
25481,439570,OR51B4,0
25482,439570,OR51B5,0
25483,439570,OR51B6,0
25484,439570,OR51D1,0
25485,439570,OR51E1_OR51E1P_OR52A3P,0
25486,439570,OR51E2,0
25487,439570,OR51F1_OR51F1P,0
25488,439570,OR51F2,0
25489,439570,OR51G1_OR51G3P,0
25490,439570,OR51G2,0
25491,439570,OR51I1,0
25492,439570,OR51I2,0
25493,439570,OR51J1_OR51J1P_OR51J2,0
25494,439570,OR51L1,0
25495,439570,OR51M1,0
25496,439570,OR51Q1,0
25497,439570,OR51S1,0
25498,439570,OR51T1,0
25499,439570,OR51V1_OR51A12,0
25500,439570,OR52A1,0
25501,439570,OR52A4P_OR52A4,0
25502,439570,OR52A5,0
25503,439570,OR52B2,0
25504,439570,OR52B4,0
25505,439570,OR52B6,0
25506,439570,OR52D1,0
25507,439570,OR52E2,1
25508,439570,OR52E4,0
25509,439570,OR52E6,0
25510,439570,OR52E8,0
25511,439570,OR52H1,0
25512,439570,OR52I1,0
25513,439570,OR52I2,0
25514,439570,OR52J3,0
25515,439570,OR52K1,0
25516,439570,OR52K2,0
25517,439570,OR52L1,0
25518,439570,OR52M1_OR52M1P,0
25519,439570,OR52N1,0
25520,439570,OR52N2,0
25521,439570,OR52N5,0
25522,439570,OR52R1,0
25523,439570,OR52W1_OR52W1P,0
25524,439570,OR56A1,0
25525,439570,OR56A3_OR56A3P_OR56A6,0
25526,439570,OR56A4,0
25527,439570,OR56B1_OR56B1P,0
25528,439570,OR56B4,0
25529,439570,OR5A1_OR5A1P,0
25530,439570,OR5A2,0
25531,439570,OR5AC2,0
25532,439570,OR5AK2,0
25533,439570,OR5AN1,0
25534,439570,OR5AP2,0
25535,439570,OR5AR1,0
25536,439570,OR5AS1,0
25537,439570,OR5AU1,0
25538,439570,OR5B12_OR5B12P_OR5B16,0
25539,439570,OR5B17_OR5B20P,0
25540,439570,OR5B2,0
25541,439570,OR5B21,0
25542,439570,OR5B3_OR5B13,0
25543,439570,OR5C1_OR5C2P,0
25544,439570,OR5D13,0
25545,439570,OR5D14,0
25546,439570,OR5D16,0
25547,439570,OR5D18,0
25548,439570,OR5F1,0
25549,439570,OR5H1,0
25550,439570,OR5H14,0
25551,439570,OR5H2,0
25552,439570,OR5H6,0
25553,439570,OR5I1,0
25554,439570,OR5J2,0
25555,439570,OR5K1,1
25556,439570,OR5K1,1
25557,439570,OR5K2,0
25558,439570,OR5K3,0
25559,439570,OR5K4,0
25560,439570,OR5L1,0
25561,439570,OR5M1,0
25562,439570,OR5M10,0
25563,439570,OR5M11,0
25564,439570,OR5M3,0
25565,439570,OR5M8,0
25566,439570,OR5M9,0
25567,439570,OR5P2,0
25568,439570,OR5P3,1
25569,439570,OR5P3,1
25570,439570,OR5P3,1
25571,439570,OR5T1_OR5T1P,0
25572,439570,OR5T2,0
25573,439570,OR5T3,0
25574,439570,OR5V1,0
25575,439570,OR5W2_OR5W2P_OR5W3P,0
25576,439570,OR6A2_OR6A1_OR6A2P,0
25577,439570,OR6B1,0
25578,439570,OR6B2_OR6B2P,0
25579,439570,OR6B3_OR6B3P,0
25580,439570,OR6C1,0
25581,439570,OR6C2,0
25582,439570,OR6C3,0
25583,439570,OR6C4,0
25584,439570,OR6C6,0
25585,439570,OR6C65,0
25586,439570,OR6C68,0
25587,439570,OR6C70,0
25588,439570,OR6C74,0
25589,439570,OR6C75,0
25590,439570,OR6C76,0
25591,439570,OR6F1,0
25592,439570,OR6J1_OR6J2,0
25593,439570,OR6K2,0
25594,439570,OR6K3,0
25595,439570,OR6K6,0
25596,439570,OR6M1,0
25597,439570,OR6N1,1
25598,439570,OR6N2,0
25599,439570,OR6Q1,0
25600,439570,OR6S1,0
25601,439570,OR6T1,0
25602,439570,OR6V1,0
25603,439570,OR6X1,0
25604,439570,OR6Y1_OR6Y2,0
25605,439570,OR7A10,0
25606,439570,OR7A17,0
25607,439570,OR7A5,0
25608,439570,OR7C1_OR7C4,0
25609,439570,OR7D2,0
25610,439570,OR7D4_OR7D4P,0
25611,439570,OR7E24_OR7E24P,0
25612,439570,OR7G2,0
25613,439570,OR7G3,0
25614,439570,OR8A1,0
25615,439570,OR8B12,0
25616,439570,OR8B2,0
25617,439570,OR8B3,1
25618,439570,OR8B3,1
25619,439570,OR8B4_OR8B4P,0
25620,439570,OR8B8,0
25621,439570,OR8D1_OR8D3,0
25622,439570,OR8D2,0
25623,439570,OR8D4,0
25624,439570,OR8G1_OR8G1P,0
25625,439570,OR8G5_OR8G5P_OR8G6,0
25626,439570,OR8H1,1
25627,439570,OR8H1,1
25628,439570,OR8H2,0
25629,439570,OR8H3,0
25630,439570,OR8I2,0
25631,439570,OR8J1,0
25632,439570,OR8J3,0
25633,439570,OR8K1,0
25634,439570,OR8K3,0
25635,439570,OR8K5,1
25636,439570,OR8U1,0
25637,439570,OR8U3_OR5R1_OR5R1P,1
25638,439570,OR8U8,0
25639,439570,OR8U9,0
25640,439570,OR9A2,0
25641,439570,OR9A4,0
25642,439570,OR9G4,0
25643,439570,OR9G9,0
25644,439570,OR9I1,0
25645,439570,OR9K2,0
25646,439570,OR9Q1,0
25647,439570,OR9Q2_OR9Q2P,0
25648,440150,OR1A1,0
25649,440150,OR2M3_OR2M3P_OR2M6,0
25650,440150,OR2W1,0
25651,440150,OR5K1,0
25652,440150,OR5M3,0
25653,440150,OR8D1_OR8D3,0
25654,440832,OR51E2,1
25655,440917,OR1A1,1
25656,440917,OR2M3_OR2M3P_OR2M6,0
25657,440917,OR2W1,1
25658,440917,OR2W1,1
25659,440967,OR1A1,0
25660,440967,OR2M3_OR2M3P_OR2M6,0
25661,440967,OR2W1,0
25662,440968,OR1A1,0
25663,440968,OR2M3_OR2M3P_OR2M6,0
25664,440968,OR2W1,0
25665,442482,OR2W1,1
25666,442482,OR5K1,0
25667,442482,OR5M3,0
25668,442482,OR8D1_OR8D3,0
25669,443157,OR1A1,1
25670,443157,OR1A2,1
25671,443157,OR1D2,1
25672,443159,OR1A1,1
25673,443162,OR1A1,0
25674,443162,OR2M3_OR2M3P_OR2M6,0
25675,443162,OR2W1,0
25676,444294,OR10J5,0
25677,444294,OR1A1,0
25678,444294,OR2C1,0
25679,444294,OR2J2,0
25680,444294,OR2M7,0
25681,444294,OR2W1,0
25682,444294,OR51E1_OR51E1P_OR52A3P,0
25683,444294,OR51E2,0
25684,444294,OR51L1,0
25685,444294,OR5P3,0
25686,444539,OR1G1_OR1G2,0
25687,444539,OR52D1,1
25688,444899,OR51E2,0
25689,445070,OR10S1,0
25690,445070,OR1A1,0
25691,445070,OR1A2,0
25692,445070,OR2A1,1
25693,445070,OR2A1,1
25694,445070,OR2A1,1
25695,445070,OR2A1,1
25696,445070,OR2A1,1
25697,445070,OR2A1,1
25698,445070,OR2A7,0
25699,445070,OR2L13_OR2L14,0
25700,445070,OR2T4,1
25701,445070,OR2T4,1
25702,445070,OR2T4,1
25703,445070,OR2T4,1
25704,445070,OR2T4,1
25705,445070,OR2T4,1
25706,445070,OR2W3_OR2W3P_OR2W8P,0
25707,445070,OR51B5,1
25708,445070,OR51B5,1
25709,445070,OR51B5,1
25710,445070,OR51B5,1
25711,445070,OR51B5,1
25712,445070,OR51B5,1
25713,445070,OR51B5,1
25714,517827,OR1D2,1
25715,518810,OR10A2_OR10A2P,0
25716,518810,OR10A3,0
25717,518810,OR10A4_OR10A4P,0
25718,518810,OR10A5_OR10A1,0
25719,518810,OR10A6,0
25720,518810,OR10A7,0
25721,518810,OR10AD1_OR10AD1P,0
25722,518810,OR10AG1,0
25723,518810,OR10C1_OR10C2,0
25724,518810,OR10D3,0
25725,518810,OR10G3,0
25726,518810,OR10G4,0
25727,518810,OR10G6_OR10G6P,0
25728,518810,OR10G7,0
25729,518810,OR10G8,0
25730,518810,OR10G9_OR10G10P,0
25731,518810,OR10H1,0
25732,518810,OR10H2,0
25733,518810,OR10H3,0
25734,518810,OR10H4,0
25735,518810,OR10H5,0
25736,518810,OR10J1,0
25737,518810,OR10J3_OR10J3P,0
25738,518810,OR10J5,0
25739,518810,OR10K1,0
25740,518810,OR10P1_OR10P1P_OR10P2P_OR10P3P,0
25741,518810,OR10Q1,0
25742,518810,OR10R2,0
25743,518810,OR10S1,0
25744,518810,OR10T2,0
25745,518810,OR10V1,0
25746,518810,OR10W1_OR10W1P,0
25747,518810,OR10X1_OR10X1P,0
25748,518810,OR10Z1,0
25749,518810,OR11A1_OR11A2,0
25750,518810,OR11G2,0
25751,518810,OR11H1,0
25752,518810,OR11H12,0
25753,518810,OR11H2_OR11H2P,0
25754,518810,OR11H4,0
25755,518810,OR11H6,0
25756,518810,OR11L1,0
25757,518810,OR12D2,0
25758,518810,OR12D3,0
25759,518810,OR13A1,0
25760,518810,OR13C2,0
25761,518810,OR13C3,0
25762,518810,OR13C4,0
25763,518810,OR13C5,0
25764,518810,OR13C8,0
25765,518810,OR13C9,0
25766,518810,OR13D1,0
25767,518810,OR13F1,0
25768,518810,OR13G1,0
25769,518810,OR13H1,0
25770,518810,OR13J1,0
25771,518810,OR14A2_OR5AX1_OR5AX1P,0
25772,518810,OR14C36_OR5BF1,0
25773,518810,OR14I1_OR5BU1_OR5BU1P,0
25774,518810,OR14J1_OR5U1,0
25775,518810,OR14K1_OR5AY1,0
25776,518810,OR1A1,1
25777,518810,OR1A1,1
25778,518810,OR1A2,0
25779,518810,OR1C1,0
25780,518810,OR1D2,0
25781,518810,OR1D5,0
25782,518810,OR1E1_OR1E5_OR1E6_OR1E9P,0
25783,518810,OR1E2_OR1E4,0
25784,518810,OR1F1,0
25785,518810,OR1F12P_OR1F12,0
25786,518810,OR1G1_OR1G2,0
25787,518810,OR1I1,0
25788,518810,OR1J1,0
25789,518810,OR1J2_OR1J3_OR1J5,0
25790,518810,OR1J4,0
25791,518810,OR1K1,0
25792,518810,OR1L1_OR1L2,0
25793,518810,OR1L3,0
25794,518810,OR1L4_OR1L5,0
25795,518810,OR1L6_OR1L7,0
25796,518810,OR1L8,0
25797,518810,OR1M1,0
25798,518810,OR1N1_OR1N3,0
25799,518810,OR1N2,0
25800,518810,OR1Q1_OR1Q2_OR1Q3,0
25801,518810,OR1S1,0
25802,518810,OR1S2,0
25803,518810,OR2A1,0
25804,518810,OR2A12_OR2A12P,0
25805,518810,OR2A14_OR2A14P_OR2A6,0
25806,518810,OR2A25_OR2A25P_OR2A27,0
25807,518810,OR2A2_OR2A17P_OR2A2P,0
25808,518810,OR2A4_OR2A10,0
25809,518810,OR2A5_OR2A26_OR2A8,0
25810,518810,OR2A7,0
25811,518810,OR2AE1_OR2AE2,0
25812,518810,OR2AG1_OR2AG3,0
25813,518810,OR2AG2_OR2AG2P,0
25814,518810,OR2AJ1_OR2AJ1P,0
25815,518810,OR2AK2_OR2AK1P,0
25816,518810,OR2AP1_OR2AP1P,0
25817,518810,OR2AT4,0
25818,518810,OR2B11,0
25819,518810,OR2B2_OR2B9,0
25820,518810,OR2B3_OR2B3P,0
25821,518810,OR2B6,0
25822,518810,OR2C1,0
25823,518810,OR2C3_OR2C4_OR2C5P,0
25824,518810,OR2D2_OR2D1,0
25825,518810,OR2D3,0
25826,518810,OR2F1_OR2F3_OR2F3P_OR2F4_OR2F5,0
25827,518810,OR2F2,0
25828,518810,OR2G2,0
25829,518810,OR2G3,0
25830,518810,OR2G6,0
25831,518810,OR2H1_OR2H6_OR2H8,0
25832,518810,OR2H2_OR2H3,0
25833,518810,OR2J1_OR2J1P,0
25834,518810,OR2J2,0
25835,518810,OR2J3,0
25836,518810,OR2K2_OR2AR1P,0
25837,518810,OR2L13_OR2L14,0
25838,518810,OR2L2_OR2L12_OR2L4P,0
25839,518810,OR2L3,0
25840,518810,OR2L5_OR2L11,0
25841,518810,OR2L8,0
25842,518810,OR2M2,0
25843,518810,OR2M3_OR2M3P_OR2M6,0
25844,518810,OR2M4,0
25845,518810,OR2M7,0
25846,518810,OR2S2,0
25847,518810,OR2T1,0
25848,518810,OR2T10,0
25849,518810,OR2T11,0
25850,518810,OR2T29,0
25851,518810,OR2T2_OR2T2P,0
25852,518810,OR2T3,0
25853,518810,OR2T33,0
25854,518810,OR2T34,0
25855,518810,OR2T35,0
25856,518810,OR2T4,0
25857,518810,OR2T5,0
25858,518810,OR2T6_OR2T6P_OR2T9,0
25859,518810,OR2T8_OR2T8P,0
25860,518810,OR2V1,0
25861,518810,OR2V2_OR2V3,0
25862,518810,OR2W1,1
25863,518810,OR2W1,1
25864,518810,OR2W1,1
25865,518810,OR2W1,1
25866,518810,OR2W1,1
25867,518810,OR2W1,1
25868,518810,OR2W3_OR2W3P_OR2W8P,0
25869,518810,OR2W5P_OR2W5,0
25870,518810,OR2Y1,0
25871,518810,OR2Z1_OR2Z2,0
25872,518810,OR3A1,0
25873,518810,OR3A2,0
25874,518810,OR3A3_OR3A6_OR3A7_OR3A8P,0
25875,518810,OR4A15,0
25876,518810,OR4A16,0
25877,518810,OR4A47,0
25878,518810,OR4A5,0
25879,518810,OR4B1,0
25880,518810,OR4C11_OR4C11P,0
25881,518810,OR4C12,0
25882,518810,OR4C15,0
25883,518810,OR4C16,0
25884,518810,OR4C3,0
25885,518810,OR4C46,0
25886,518810,OR4C5,0
25887,518810,OR4C6,0
25888,518810,OR4D10_OR4D10P,0
25889,518810,OR4D1_OR4D3,0
25890,518810,OR4D2,0
25891,518810,OR4D5,0
25892,518810,OR4D6,0
25893,518810,OR4D9,0
25894,518810,OR4E2,0
25895,518810,OR4F15,0
25896,518810,OR4F17_OR4F11P_OR4F18_OR4F19,0
25897,518810,OR4F21_OR4F21P,0
25898,518810,OR4F3,0
25899,518810,OR4F4,0
25900,518810,OR4F6_OR4F12,0
25901,518810,OR4K1,0
25902,518810,OR4K13,0
25903,518810,OR4K15,0
25904,518810,OR4K17,0
25905,518810,OR4K2,0
25906,518810,OR4K5,0
25907,518810,OR4L1_OR4L2P,0
25908,518810,OR4M1,0
25909,518810,OR4N2,0
25910,518810,OR4N4,0
25911,518810,OR4P4_OR4P3P,0
25912,518810,OR4Q3_OR4Q4,0
25913,518810,OR4S1,0
25914,518810,OR4S2_OR4S2P,0
25915,518810,OR4X1,0
25916,518810,OR4X2,0
25917,518810,OR51A2,0
25918,518810,OR51A4,0
25919,518810,OR51A7,0
25920,518810,OR51B2_OR51B1P,0
25921,518810,OR51B4,0
25922,518810,OR51B5,0
25923,518810,OR51B6,0
25924,518810,OR51D1,0
25925,518810,OR51E1_OR51E1P_OR52A3P,0
25926,518810,OR51E2,0
25927,518810,OR51F1_OR51F1P,0
25928,518810,OR51F2,0
25929,518810,OR51G1_OR51G3P,0
25930,518810,OR51G2,0
25931,518810,OR51I1,0
25932,518810,OR51I2,0
25933,518810,OR51J1_OR51J1P_OR51J2,0
25934,518810,OR51L1,0
25935,518810,OR51M1,0
25936,518810,OR51Q1,0
25937,518810,OR51S1,0
25938,518810,OR51T1,0
25939,518810,OR51V1_OR51A12,0
25940,518810,OR52A1,0
25941,518810,OR52A5,0
25942,518810,OR52B2,0
25943,518810,OR52B4,0
25944,518810,OR52B6,0
25945,518810,OR52D1,0
25946,518810,OR52E2,0
25947,518810,OR52E4,0
25948,518810,OR52E5,0
25949,518810,OR52E6,0
25950,518810,OR52E8,0
25951,518810,OR52H1,0
25952,518810,OR52I1,0
25953,518810,OR52I2,0
25954,518810,OR52J3,0
25955,518810,OR52K1,0
25956,518810,OR52K2,0
25957,518810,OR52L1,0
25958,518810,OR52M1_OR52M1P,0
25959,518810,OR52N1,0
25960,518810,OR52N2,0
25961,518810,OR52N4,0
25962,518810,OR52N5,0
25963,518810,OR52R1,0
25964,518810,OR52W1_OR52W1P,0
25965,518810,OR56A1,0
25966,518810,OR56A3_OR56A3P_OR56A6,0
25967,518810,OR56A4,0
25968,518810,OR56A5_OR56A5P,0
25969,518810,OR56B1_OR56B1P,0
25970,518810,OR56B4,0
25971,518810,OR5A1_OR5A1P,0
25972,518810,OR5A2,0
25973,518810,OR5AC2,0
25974,518810,OR5AK2,0
25975,518810,OR5AN1,0
25976,518810,OR5AP2,0
25977,518810,OR5AR1,0
25978,518810,OR5AS1,0
25979,518810,OR5AU1,0
25980,518810,OR5B12_OR5B12P_OR5B16,0
25981,518810,OR5B17_OR5B20P,0
25982,518810,OR5B2,0
25983,518810,OR5B21,0
25984,518810,OR5B3_OR5B13,0
25985,518810,OR5C1_OR5C2P,0
25986,518810,OR5D13,0
25987,518810,OR5D14,0
25988,518810,OR5D16,0
25989,518810,OR5D18,0
25990,518810,OR5F1,0
25991,518810,OR5H1,0
25992,518810,OR5H14,0
25993,518810,OR5H2,0
25994,518810,OR5H6,0
25995,518810,OR5I1,0
25996,518810,OR5J2,0
25997,518810,OR5K1,0
25998,518810,OR5K2,0
25999,518810,OR5K3,0
26000,518810,OR5K4,0
26001,518810,OR5L1,0
26002,518810,OR5M1,0
26003,518810,OR5M10,0
26004,518810,OR5M11,0
26005,518810,OR5M3,0
26006,518810,OR5M8,0
26007,518810,OR5M9,0
26008,518810,OR5P2,0
26009,518810,OR5P3,0
26010,518810,OR5T1_OR5T1P,0
26011,518810,OR5T2,0
26012,518810,OR5T3,0
26013,518810,OR5V1,0
26014,518810,OR5W2_OR5W2P_OR5W3P,0
26015,518810,OR6A2_OR6A1_OR6A2P,0
26016,518810,OR6B1,0
26017,518810,OR6B2_OR6B2P,0
26018,518810,OR6B3_OR6B3P,0
26019,518810,OR6C1,0
26020,518810,OR6C2,0
26021,518810,OR6C3,0
26022,518810,OR6C4,0
26023,518810,OR6C6,0
26024,518810,OR6C65,0
26025,518810,OR6C68,0
26026,518810,OR6C70,0
26027,518810,OR6C74,0
26028,518810,OR6C75,0
26029,518810,OR6C76,0
26030,518810,OR6F1,0
26031,518810,OR6J1_OR6J2,0
26032,518810,OR6K2,0
26033,518810,OR6K3,0
26034,518810,OR6K6,0
26035,518810,OR6M1,0
26036,518810,OR6N1,0
26037,518810,OR6N2,0
26038,518810,OR6P1,0
26039,518810,OR6Q1,0
26040,518810,OR6S1,0
26041,518810,OR6T1,0
26042,518810,OR6V1,0
26043,518810,OR6X1,0
26044,518810,OR6Y1_OR6Y2,0
26045,518810,OR7A10,0
26046,518810,OR7A17,0
26047,518810,OR7A5,0
26048,518810,OR7C1_OR7C4,0
26049,518810,OR7D2,0
26050,518810,OR7D4_OR7D4P,0
26051,518810,OR7E24_OR7E24P,0
26052,518810,OR7G2,0
26053,518810,OR7G3,0
26054,518810,OR8A1,0
26055,518810,OR8B12,0
26056,518810,OR8B2,0
26057,518810,OR8B3,0
26058,518810,OR8B4_OR8B4P,0
26059,518810,OR8B8,0
26060,518810,OR8D1_OR8D3,0
26061,518810,OR8D2,0
26062,518810,OR8D4,0
26063,518810,OR8G1_OR8G1P,0
26064,518810,OR8G5_OR8G5P_OR8G6,0
26065,518810,OR8H1,0
26066,518810,OR8H2,0
26067,518810,OR8H3,0
26068,518810,OR8I2,0
26069,518810,OR8J1,0
26070,518810,OR8J3,0
26071,518810,OR8K1,0
26072,518810,OR8K3,0
26073,518810,OR8K5,0
26074,518810,OR8S1,0
26075,518810,OR8U1,0
26076,518810,OR8U3_OR5R1_OR5R1P,0
26077,518810,OR8U8,0
26078,518810,OR8U9,0
26079,518810,OR9A2,0
26080,518810,OR9A4,0
26081,518810,OR9G4,0
26082,518810,OR9G9,0
26083,518810,OR9I1,0
26084,518810,OR9K2,0
26085,518810,OR9Q1,0
26086,518810,OR9Q2_OR9Q2P,0
26087,518937,OR2W1,1
26088,518937,OR2W1,1
26089,518937,OR2W1,1
26090,519709,OR2C1,1
26091,520098,OR1A1,0
26092,520098,OR1A2,0
26093,520098,OR2AG1_OR2AG3,1
26094,520098,OR2M3_OR2M3P_OR2M6,0
26095,520098,OR2W1,0
26096,520098,OR5K1,1
26097,520098,OR5K1,1
26098,520098,OR5K2,0
26099,520098,OR5K3,0
26100,520098,OR5K4,0
26101,520098,OR5M3,0
26102,520098,OR8D1_OR8D3,0
26103,520296,OR1D2,1
26104,521238,OR1D2,1
26105,521348,OR1A1,0
26106,521348,OR2M3_OR2M3P_OR2M6,0
26107,521348,OR2W1,1
26108,521348,OR2W1,1
26109,521348,OR5K1,0
26110,521348,OR5M3,0
26111,521348,OR8D1_OR8D3,0
26112,526195,OR1A1,0
26113,526195,OR2M3_OR2M3P_OR2M6,0
26114,526195,OR2W1,1
26115,526195,OR2W1,1
26116,526195,OR5K1,0
26117,526195,OR5M3,0
26118,526195,OR8D1_OR8D3,0
26119,526487,OR1A1,0
26120,526487,OR2M3_OR2M3P_OR2M6,0
26121,526487,OR2W1,1
26122,526487,OR2W1,1
26123,526487,OR2W1,1
26124,526487,OR5K1,0
26125,526487,OR5M3,0
26126,526487,OR8D1_OR8D3,0
26127,529079,OR10A2_OR10A2P,0
26128,529079,OR10A3,0
26129,529079,OR10A4_OR10A4P,0
26130,529079,OR10A5_OR10A1,0
26131,529079,OR10A6,0
26132,529079,OR10A7,0
26133,529079,OR10AD1_OR10AD1P,0
26134,529079,OR10AG1,0
26135,529079,OR10C1_OR10C2,0
26136,529079,OR10D3,0
26137,529079,OR10G3,0
26138,529079,OR10G4,0
26139,529079,OR10G6_OR10G6P,0
26140,529079,OR10G7,0
26141,529079,OR10G8,0
26142,529079,OR10G9_OR10G10P,0
26143,529079,OR10H1,0
26144,529079,OR10H2,0
26145,529079,OR10H3,0
26146,529079,OR10H4,0
26147,529079,OR10H5,0
26148,529079,OR10J1,0
26149,529079,OR10J3_OR10J3P,0
26150,529079,OR10J5,0
26151,529079,OR10K1,0
26152,529079,OR10K2,0
26153,529079,OR10P1_OR10P1P_OR10P2P_OR10P3P,0
26154,529079,OR10Q1,0
26155,529079,OR10R2,0
26156,529079,OR10S1,0
26157,529079,OR10T2,0
26158,529079,OR10V1,0
26159,529079,OR10W1_OR10W1P,0
26160,529079,OR10X1_OR10X1P,0
26161,529079,OR10Z1,0
26162,529079,OR11A1_OR11A2,0
26163,529079,OR11G2,0
26164,529079,OR11H1,0
26165,529079,OR11H2_OR11H2P,0
26166,529079,OR11H4,0
26167,529079,OR11H6,0
26168,529079,OR11L1,0
26169,529079,OR12D2,0
26170,529079,OR12D3,0
26171,529079,OR13A1,0
26172,529079,OR13C2,0
26173,529079,OR13C3,0
26174,529079,OR13C4,0
26175,529079,OR13C5,1
26176,529079,OR13C8,0
26177,529079,OR13C9,0
26178,529079,OR13D1,0
26179,529079,OR13F1,0
26180,529079,OR13G1,0
26181,529079,OR13H1,0
26182,529079,OR13J1,0
26183,529079,OR14A2_OR5AX1_OR5AX1P,0
26184,529079,OR14C36_OR5BF1,0
26185,529079,OR14I1_OR5BU1_OR5BU1P,0
26186,529079,OR14J1_OR5U1,1
26187,529079,OR14K1_OR5AY1,0
26188,529079,OR1A1,0
26189,529079,OR1A2,0
26190,529079,OR1C1,0
26191,529079,OR1D2,0
26192,529079,OR1D5,0
26193,529079,OR1E1_OR1E5_OR1E6_OR1E9P,0
26194,529079,OR1E2_OR1E4,0
26195,529079,OR1F1,0
26196,529079,OR1F12P_OR1F12,0
26197,529079,OR1G1_OR1G2,0
26198,529079,OR1I1,0
26199,529079,OR1J1,0
26200,529079,OR1J2_OR1J3_OR1J5,0
26201,529079,OR1J4,0
26202,529079,OR1K1,0
26203,529079,OR1L1_OR1L2,0
26204,529079,OR1L3,0
26205,529079,OR1L4_OR1L5,0
26206,529079,OR1L6_OR1L7,0
26207,529079,OR1L8,0
26208,529079,OR1M1,0
26209,529079,OR1N1_OR1N3,0
26210,529079,OR1N2,0
26211,529079,OR1Q1_OR1Q2_OR1Q3,0
26212,529079,OR1S1,0
26213,529079,OR1S2,0
26214,529079,OR2A1,0
26215,529079,OR2A12_OR2A12P,0
26216,529079,OR2A14_OR2A14P_OR2A6,0
26217,529079,OR2A25_OR2A25P_OR2A27,0
26218,529079,OR2A2_OR2A17P_OR2A2P,0
26219,529079,OR2A4_OR2A10,0
26220,529079,OR2A5_OR2A26_OR2A8,0
26221,529079,OR2A7,0
26222,529079,OR2AE1_OR2AE2,0
26223,529079,OR2AG1_OR2AG3,0
26224,529079,OR2AG2_OR2AG2P,0
26225,529079,OR2AJ1_OR2AJ1P,0
26226,529079,OR2AK2_OR2AK1P,0
26227,529079,OR2AP1_OR2AP1P,0
26228,529079,OR2AT4,0
26229,529079,OR2B11,0
26230,529079,OR2B2_OR2B9,0
26231,529079,OR2B3_OR2B3P,0
26232,529079,OR2B6,0
26233,529079,OR2C1,0
26234,529079,OR2C3_OR2C4_OR2C5P,0
26235,529079,OR2D2_OR2D1,0
26236,529079,OR2D3,0
26237,529079,OR2F1_OR2F3_OR2F3P_OR2F4_OR2F5,0
26238,529079,OR2F2,0
26239,529079,OR2G2,0
26240,529079,OR2G3,0
26241,529079,OR2G6,0
26242,529079,OR2H1_OR2H6_OR2H8,0
26243,529079,OR2H2_OR2H3,0
26244,529079,OR2J1_OR2J1P,0
26245,529079,OR2J2,0
26246,529079,OR2J3,0
26247,529079,OR2K2_OR2AR1P,0
26248,529079,OR2L13_OR2L14,0
26249,529079,OR2L2_OR2L12_OR2L4P,0
26250,529079,OR2L3,0
26251,529079,OR2L5_OR2L11,0
26252,529079,OR2L8,0
26253,529079,OR2M2,0
26254,529079,OR2M3_OR2M3P_OR2M6,0
26255,529079,OR2M4,0
26256,529079,OR2M7,0
26257,529079,OR2S2,0
26258,529079,OR2T1,0
26259,529079,OR2T10,0
26260,529079,OR2T11,0
26261,529079,OR2T29,0
26262,529079,OR2T2_OR2T2P,0
26263,529079,OR2T3,0
26264,529079,OR2T33,0
26265,529079,OR2T34,0
26266,529079,OR2T35,0
26267,529079,OR2T4,0
26268,529079,OR2T5,0
26269,529079,OR2T6_OR2T6P_OR2T9,0
26270,529079,OR2T8_OR2T8P,0
26271,529079,OR2V1,0
26272,529079,OR2V2_OR2V3,0
26273,529079,OR2W1,0
26274,529079,OR2W3_OR2W3P_OR2W8P,0
26275,529079,OR2W5P_OR2W5,0
26276,529079,OR2Y1,0
26277,529079,OR2Z1_OR2Z2,0
26278,529079,OR3A1,0
26279,529079,OR3A2,0
26280,529079,OR3A3_OR3A6_OR3A7_OR3A8P,0
26281,529079,OR3A4P_OR3A4_OR3A5P,0
26282,529079,OR4A15,0
26283,529079,OR4A16,0
26284,529079,OR4A47,0
26285,529079,OR4A5,0
26286,529079,OR4B1,0
26287,529079,OR4C11_OR4C11P,0
26288,529079,OR4C12,0
26289,529079,OR4C15,0
26290,529079,OR4C16,0
26291,529079,OR4C3,0
26292,529079,OR4C46,0
26293,529079,OR4C5,0
26294,529079,OR4C6,0
26295,529079,OR4D10_OR4D10P,0
26296,529079,OR4D1_OR4D3,0
26297,529079,OR4D2,0
26298,529079,OR4D5,0
26299,529079,OR4D6,0
26300,529079,OR4D9,0
26301,529079,OR4E2,0
26302,529079,OR4F15,0
26303,529079,OR4F17_OR4F11P_OR4F18_OR4F19,0
26304,529079,OR4F21_OR4F21P,0
26305,529079,OR4F3,0
26306,529079,OR4F4,0
26307,529079,OR4F6_OR4F12,0
26308,529079,OR4K1,0
26309,529079,OR4K13,0
26310,529079,OR4K15,0
26311,529079,OR4K17,0
26312,529079,OR4K2,0
26313,529079,OR4K5,0
26314,529079,OR4L1_OR4L2P,0
26315,529079,OR4M1,0
26316,529079,OR4N2,0
26317,529079,OR4N4,0
26318,529079,OR4P4_OR4P3P,0
26319,529079,OR4Q3_OR4Q4,0
26320,529079,OR4S1,0
26321,529079,OR4S2_OR4S2P,0
26322,529079,OR4X1,0
26323,529079,OR4X2,0
26324,529079,OR51A2,0
26325,529079,OR51A4,0
26326,529079,OR51A7,0
26327,529079,OR51B2_OR51B1P,0
26328,529079,OR51B4,0
26329,529079,OR51B5,0
26330,529079,OR51B6,0
26331,529079,OR51D1,0
26332,529079,OR51E1_OR51E1P_OR52A3P,0
26333,529079,OR51E2,0
26334,529079,OR51F1_OR51F1P,0
26335,529079,OR51F2,0
26336,529079,OR51G1_OR51G3P,0
26337,529079,OR51G2,0
26338,529079,OR51I1,0
26339,529079,OR51I2,0
26340,529079,OR51J1_OR51J1P_OR51J2,0
26341,529079,OR51L1,0
26342,529079,OR51M1,0
26343,529079,OR51Q1,0
26344,529079,OR51S1,0
26345,529079,OR51T1,0
26346,529079,OR51V1_OR51A12,0
26347,529079,OR52A1,0
26348,529079,OR52A4P_OR52A4,0
26349,529079,OR52A5,0
26350,529079,OR52B2,0
26351,529079,OR52B4,0
26352,529079,OR52B6,0
26353,529079,OR52D1,0
26354,529079,OR52E2,0
26355,529079,OR52E4,0
26356,529079,OR52E5,0
26357,529079,OR52E6,0
26358,529079,OR52E8,0
26359,529079,OR52H1,0
26360,529079,OR52I1,0
26361,529079,OR52I2,0
26362,529079,OR52J3,0
26363,529079,OR52K1,0
26364,529079,OR52K2,0
26365,529079,OR52L1,0
26366,529079,OR52M1_OR52M1P,0
26367,529079,OR52N1,0
26368,529079,OR52N2,0
26369,529079,OR52N4,0
26370,529079,OR52N5,0
26371,529079,OR52R1,0
26372,529079,OR52W1_OR52W1P,0
26373,529079,OR56A1,0
26374,529079,OR56A3_OR56A3P_OR56A6,0
26375,529079,OR56A4,0
26376,529079,OR56A5_OR56A5P,0
26377,529079,OR56B1_OR56B1P,0
26378,529079,OR56B4,0
26379,529079,OR5A1_OR5A1P,0
26380,529079,OR5A2,0
26381,529079,OR5AC2,0
26382,529079,OR5AK2,0
26383,529079,OR5AN1,0
26384,529079,OR5AP2,0
26385,529079,OR5AR1,0
26386,529079,OR5AS1,0
26387,529079,OR5AU1,0
26388,529079,OR5B12_OR5B12P_OR5B16,0
26389,529079,OR5B17_OR5B20P,0
26390,529079,OR5B2,0
26391,529079,OR5B21,0
26392,529079,OR5B3_OR5B13,0
26393,529079,OR5C1_OR5C2P,0
26394,529079,OR5D13,0
26395,529079,OR5D14,0
26396,529079,OR5D16,0
26397,529079,OR5D18,0
26398,529079,OR5F1,0
26399,529079,OR5H1,0
26400,529079,OR5H14,0
26401,529079,OR5H2,0
26402,529079,OR5H6,0
26403,529079,OR5J2,0
26404,529079,OR5K1,0
26405,529079,OR5K2,0
26406,529079,OR5K3,0
26407,529079,OR5K4,0
26408,529079,OR5L1,0
26409,529079,OR5M1,0
26410,529079,OR5M10,0
26411,529079,OR5M11,0
26412,529079,OR5M3,0
26413,529079,OR5M8,0
26414,529079,OR5M9,0
26415,529079,OR5P2,0
26416,529079,OR5P3,0
26417,529079,OR5T1_OR5T1P,0
26418,529079,OR5T2,0
26419,529079,OR5T3,0
26420,529079,OR5V1,0
26421,529079,OR5W2_OR5W2P_OR5W3P,0
26422,529079,OR6A2_OR6A1_OR6A2P,0
26423,529079,OR6B1,0
26424,529079,OR6B2_OR6B2P,0
26425,529079,OR6B3_OR6B3P,0
26426,529079,OR6C1,0
26427,529079,OR6C2,0
26428,529079,OR6C3,0
26429,529079,OR6C4,0
26430,529079,OR6C6,0
26431,529079,OR6C65,0
26432,529079,OR6C68,0
26433,529079,OR6C70,0
26434,529079,OR6C74,0
26435,529079,OR6C75,0
26436,529079,OR6C76,0
26437,529079,OR6F1,0
26438,529079,OR6J1_OR6J2,0
26439,529079,OR6K2,0
26440,529079,OR6K3,0
26441,529079,OR6K6,0
26442,529079,OR6M1,0
26443,529079,OR6N1,0
26444,529079,OR6N2,0
26445,529079,OR6P1,0
26446,529079,OR6Q1,0
26447,529079,OR6S1,0
26448,529079,OR6T1,0
26449,529079,OR6V1,0
26450,529079,OR6X1,0
26451,529079,OR6Y1_OR6Y2,0
26452,529079,OR7A10,0
26453,529079,OR7A17,0
26454,529079,OR7A5,0
26455,529079,OR7C1_OR7C4,0
26456,529079,OR7D2,0
26457,529079,OR7D4_OR7D4P,0
26458,529079,OR7E24_OR7E24P,0
26459,529079,OR7G2,0
26460,529079,OR7G3,0
26461,529079,OR8A1,0
26462,529079,OR8B12,0
26463,529079,OR8B2,0
26464,529079,OR8B3,0
26465,529079,OR8B4_OR8B4P,0
26466,529079,OR8B8,0
26467,529079,OR8D1_OR8D3,0
26468,529079,OR8D2,0
26469,529079,OR8D4,0
26470,529079,OR8G1_OR8G1P,0
26471,529079,OR8G5_OR8G5P_OR8G6,0
26472,529079,OR8H1,0
26473,529079,OR8H2,0
26474,529079,OR8H3,0
26475,529079,OR8I2,0
26476,529079,OR8J1,0
26477,529079,OR8J3,0
26478,529079,OR8K1,0
26479,529079,OR8K3,0
26480,529079,OR8K5,0
26481,529079,OR8S1,0
26482,529079,OR8U1,0
26483,529079,OR8U3_OR5R1_OR5R1P,0
26484,529079,OR8U8,0
26485,529079,OR8U9,0
26486,529079,OR9A2,0
26487,529079,OR9A4,0
26488,529079,OR9G4,0
26489,529079,OR9G9,0
26490,529079,OR9I1,0
26491,529079,OR9K2,0
26492,529079,OR9Q1,0
26493,529079,OR9Q2_OR9Q2P,0
26494,529251,OR1A1,0
26495,529251,OR2M3_OR2M3P_OR2M6,0
26496,529251,OR2W1,0
26497,529251,OR5K1,0
26498,529251,OR5M3,0
26499,529251,OR8D1_OR8D3,0
26500,529481,OR10A2_OR10A2P,0
26501,529481,OR10A3,0
26502,529481,OR10A4_OR10A4P,0
26503,529481,OR10A5_OR10A1,0
26504,529481,OR10A6,0
26505,529481,OR10A7,0
26506,529481,OR10AD1_OR10AD1P,0
26507,529481,OR10AG1,0
26508,529481,OR10C1_OR10C2,0
26509,529481,OR10D3,0
26510,529481,OR10G3,0
26511,529481,OR10G4,0
26512,529481,OR10G6_OR10G6P,0
26513,529481,OR10G7,0
26514,529481,OR10G8,0
26515,529481,OR10G9_OR10G10P,0
26516,529481,OR10H1,0
26517,529481,OR10H2,0
26518,529481,OR10H3,0
26519,529481,OR10H4,0
26520,529481,OR10H5,0
26521,529481,OR10J1,0
26522,529481,OR10J3_OR10J3P,0
26523,529481,OR10J5,0
26524,529481,OR10K1,0
26525,529481,OR10K2,0
26526,529481,OR10P1_OR10P1P_OR10P2P_OR10P3P,0
26527,529481,OR10Q1,0
26528,529481,OR10R2,0
26529,529481,OR10S1,0
26530,529481,OR10T2,0
26531,529481,OR10V1,0
26532,529481,OR10W1_OR10W1P,0
26533,529481,OR10X1_OR10X1P,0
26534,529481,OR10Z1,0
26535,529481,OR11A1_OR11A2,0
26536,529481,OR11G2,0
26537,529481,OR11H1,0
26538,529481,OR11H2_OR11H2P,0
26539,529481,OR11H4,0
26540,529481,OR11H6,0
26541,529481,OR11L1,0
26542,529481,OR12D2,0
26543,529481,OR12D3,0
26544,529481,OR13A1,0
26545,529481,OR13C2,0
26546,529481,OR13C3,0
26547,529481,OR13C4,0
26548,529481,OR13C5,0
26549,529481,OR13C8,0
26550,529481,OR13C9,0
26551,529481,OR13D1,0
26552,529481,OR13F1,0
26553,529481,OR13G1,0
26554,529481,OR13H1,0
26555,529481,OR13J1,0
26556,529481,OR14A2_OR5AX1_OR5AX1P,0
26557,529481,OR14C36_OR5BF1,0
26558,529481,OR14I1_OR5BU1_OR5BU1P,0
26559,529481,OR14J1_OR5U1,0
26560,529481,OR14K1_OR5AY1,0
26561,529481,OR1A1,1
26562,529481,OR1A1,1
26563,529481,OR1A1,1
26564,529481,OR1A1,1
26565,529481,OR1A2,0
26566,529481,OR1C1,0
26567,529481,OR1D2,0
26568,529481,OR1D5,0
26569,529481,OR1E1_OR1E5_OR1E6_OR1E9P,0
26570,529481,OR1E2_OR1E4,0
26571,529481,OR1F1,0
26572,529481,OR1F12P_OR1F12,0
26573,529481,OR1G1_OR1G2,0
26574,529481,OR1I1,0
26575,529481,OR1J1,0
26576,529481,OR1J2_OR1J3_OR1J5,0
26577,529481,OR1J4,0
26578,529481,OR1K1,0
26579,529481,OR1L1_OR1L2,0
26580,529481,OR1L3,0
26581,529481,OR1L4_OR1L5,0
26582,529481,OR1L6_OR1L7,0
26583,529481,OR1L8,0
26584,529481,OR1M1,0
26585,529481,OR1N1_OR1N3,0
26586,529481,OR1N2,0
26587,529481,OR1Q1_OR1Q2_OR1Q3,0
26588,529481,OR1S1,0
26589,529481,OR1S2,0
26590,529481,OR2A1,0
26591,529481,OR2A12_OR2A12P,0
26592,529481,OR2A14_OR2A14P_OR2A6,0
26593,529481,OR2A25_OR2A25P_OR2A27,0
26594,529481,OR2A2_OR2A17P_OR2A2P,0
26595,529481,OR2A4_OR2A10,0
26596,529481,OR2A5_OR2A26_OR2A8,0
26597,529481,OR2A7,0
26598,529481,OR2AE1_OR2AE2,0
26599,529481,OR2AG1_OR2AG3,0
26600,529481,OR2AG2_OR2AG2P,0
26601,529481,OR2AJ1_OR2AJ1P,0
26602,529481,OR2AK2_OR2AK1P,0
26603,529481,OR2AP1_OR2AP1P,0
26604,529481,OR2AT4,0
26605,529481,OR2B11,0
26606,529481,OR2B2_OR2B9,0
26607,529481,OR2B3_OR2B3P,0
26608,529481,OR2B6,0
26609,529481,OR2C1,0
26610,529481,OR2C3_OR2C4_OR2C5P,0
26611,529481,OR2D2_OR2D1,0
26612,529481,OR2D3,0
26613,529481,OR2F1_OR2F3_OR2F3P_OR2F4_OR2F5,0
26614,529481,OR2F2,0
26615,529481,OR2G2,0
26616,529481,OR2G3,0
26617,529481,OR2G6,0
26618,529481,OR2H1_OR2H6_OR2H8,0
26619,529481,OR2H2_OR2H3,0
26620,529481,OR2J1_OR2J1P,0
26621,529481,OR2J2,0
26622,529481,OR2J3,0
26623,529481,OR2K2_OR2AR1P,0
26624,529481,OR2L13_OR2L14,0
26625,529481,OR2L2_OR2L12_OR2L4P,0
26626,529481,OR2L3,0
26627,529481,OR2L5_OR2L11,0
26628,529481,OR2L8,0
26629,529481,OR2M2,0
26630,529481,OR2M3_OR2M3P_OR2M6,0
26631,529481,OR2M4,0
26632,529481,OR2M7,0
26633,529481,OR2S2,0
26634,529481,OR2T1,0
26635,529481,OR2T10,0
26636,529481,OR2T11,0
26637,529481,OR2T29,0
26638,529481,OR2T2_OR2T2P,0
26639,529481,OR2T3,0
26640,529481,OR2T33,0
26641,529481,OR2T34,0
26642,529481,OR2T35,0
26643,529481,OR2T4,0
26644,529481,OR2T5,0
26645,529481,OR2T6_OR2T6P_OR2T9,0
26646,529481,OR2T8_OR2T8P,0
26647,529481,OR2V1,0
26648,529481,OR2V2_OR2V3,0
26649,529481,OR2W1,1
26650,529481,OR2W1,1
26651,529481,OR2W1,1
26652,529481,OR2W3_OR2W3P_OR2W8P,0
26653,529481,OR2W5P_OR2W5,0
26654,529481,OR2Y1,0
26655,529481,OR2Z1_OR2Z2,0
26656,529481,OR3A1,0
26657,529481,OR3A2,0
26658,529481,OR3A3_OR3A6_OR3A7_OR3A8P,0
26659,529481,OR3A4P_OR3A4_OR3A5P,0
26660,529481,OR4A15,0
26661,529481,OR4A16,0
26662,529481,OR4A47,0
26663,529481,OR4A5,0
26664,529481,OR4B1,0
26665,529481,OR4C11_OR4C11P,0
26666,529481,OR4C12,0
26667,529481,OR4C15,0
26668,529481,OR4C16,0
26669,529481,OR4C3,0
26670,529481,OR4C46,0
26671,529481,OR4C5,0
26672,529481,OR4C6,0
26673,529481,OR4D10_OR4D10P,0
26674,529481,OR4D1_OR4D3,0
26675,529481,OR4D2,0
26676,529481,OR4D5,0
26677,529481,OR4D6,0
26678,529481,OR4D9,0
26679,529481,OR4E2,0
26680,529481,OR4F15,0
26681,529481,OR4F17_OR4F11P_OR4F18_OR4F19,0
26682,529481,OR4F21_OR4F21P,0
26683,529481,OR4F3,0
26684,529481,OR4F4,0
26685,529481,OR4F6_OR4F12,0
26686,529481,OR4K1,0
26687,529481,OR4K13,0
26688,529481,OR4K15,0
26689,529481,OR4K17,0
26690,529481,OR4K2,0
26691,529481,OR4K5,0
26692,529481,OR4L1_OR4L2P,0
26693,529481,OR4M1,0
26694,529481,OR4N2,0
26695,529481,OR4N4,0
26696,529481,OR4P4_OR4P3P,0
26697,529481,OR4Q3_OR4Q4,0
26698,529481,OR4S1,0
26699,529481,OR4S2_OR4S2P,0
26700,529481,OR4X1,0
26701,529481,OR4X2,0
26702,529481,OR51A2,0
26703,529481,OR51A4,0
26704,529481,OR51A7,0
26705,529481,OR51B2_OR51B1P,0
26706,529481,OR51B4,0
26707,529481,OR51B5,0
26708,529481,OR51B6,0
26709,529481,OR51D1,0
26710,529481,OR51E1_OR51E1P_OR52A3P,0
26711,529481,OR51E2,0
26712,529481,OR51F1_OR51F1P,0
26713,529481,OR51F2,0
26714,529481,OR51G1_OR51G3P,0
26715,529481,OR51G2,0
26716,529481,OR51I1,0
26717,529481,OR51I2,0
26718,529481,OR51J1_OR51J1P_OR51J2,0
26719,529481,OR51L1,0
26720,529481,OR51M1,0
26721,529481,OR51Q1,0
26722,529481,OR51S1,0
26723,529481,OR51T1,0
26724,529481,OR51V1_OR51A12,0
26725,529481,OR52A1,0
26726,529481,OR52A4P_OR52A4,0
26727,529481,OR52A5,0
26728,529481,OR52B2,0
26729,529481,OR52B4,0
26730,529481,OR52B6,0
26731,529481,OR52D1,0
26732,529481,OR52E2,0
26733,529481,OR52E4,0
26734,529481,OR52E5,0
26735,529481,OR52E6,0
26736,529481,OR52E8,0
26737,529481,OR52H1,0
26738,529481,OR52I1,0
26739,529481,OR52I2,0
26740,529481,OR52J3,0
26741,529481,OR52K1,0
26742,529481,OR52K2,0
26743,529481,OR52L1,0
26744,529481,OR52M1_OR52M1P,0
26745,529481,OR52N1,0
26746,529481,OR52N2,0
26747,529481,OR52N4,0
26748,529481,OR52N5,0
26749,529481,OR52R1,0
26750,529481,OR52W1_OR52W1P,0
26751,529481,OR56A1,0
26752,529481,OR56A3_OR56A3P_OR56A6,0
26753,529481,OR56A4,0
26754,529481,OR56A5_OR56A5P,0
26755,529481,OR56B1_OR56B1P,0
26756,529481,OR56B4,0
26757,529481,OR5A1_OR5A1P,0
26758,529481,OR5A2,0
26759,529481,OR5AC2,0
26760,529481,OR5AK2,0
26761,529481,OR5AN1,0
26762,529481,OR5AP2,0
26763,529481,OR5AR1,0
26764,529481,OR5AS1,0
26765,529481,OR5AU1,0
26766,529481,OR5B12_OR5B12P_OR5B16,0
26767,529481,OR5B17_OR5B20P,0
26768,529481,OR5B2,0
26769,529481,OR5B21,0
26770,529481,OR5B3_OR5B13,0
26771,529481,OR5C1_OR5C2P,0
26772,529481,OR5D13,0
26773,529481,OR5D14,0
26774,529481,OR5D16,0
26775,529481,OR5D18,0
26776,529481,OR5F1,0
26777,529481,OR5H1,0
26778,529481,OR5H14,0
26779,529481,OR5H2,0
26780,529481,OR5H6,0
26781,529481,OR5J2,0
26782,529481,OR5K1,0
26783,529481,OR5K2,0
26784,529481,OR5K3,0
26785,529481,OR5K4,0
26786,529481,OR5L1,0
26787,529481,OR5M1,0
26788,529481,OR5M10,0
26789,529481,OR5M11,0
26790,529481,OR5M3,0
26791,529481,OR5M8,0
26792,529481,OR5M9,0
26793,529481,OR5P2,0
26794,529481,OR5P3,0
26795,529481,OR5T1_OR5T1P,0
26796,529481,OR5T2,0
26797,529481,OR5T3,0
26798,529481,OR5V1,0
26799,529481,OR5W2_OR5W2P_OR5W3P,0
26800,529481,OR6A2_OR6A1_OR6A2P,0
26801,529481,OR6B1,0
26802,529481,OR6B2_OR6B2P,0
26803,529481,OR6B3_OR6B3P,0
26804,529481,OR6C1,0
26805,529481,OR6C2,0
26806,529481,OR6C3,0
26807,529481,OR6C4,0
26808,529481,OR6C6,0
26809,529481,OR6C65,0
26810,529481,OR6C68,0
26811,529481,OR6C70,0
26812,529481,OR6C74,0
26813,529481,OR6C75,0
26814,529481,OR6C76,0
26815,529481,OR6F1,0
26816,529481,OR6J1_OR6J2,0
26817,529481,OR6K2,0
26818,529481,OR6K3,0
26819,529481,OR6K6,0
26820,529481,OR6M1,0
26821,529481,OR6N1,0
26822,529481,OR6N2,0
26823,529481,OR6P1,0
26824,529481,OR6Q1,0
26825,529481,OR6S1,0
26826,529481,OR6T1,0
26827,529481,OR6V1,0
26828,529481,OR6X1,0
26829,529481,OR6Y1_OR6Y2,0
26830,529481,OR7A10,0
26831,529481,OR7A17,0
26832,529481,OR7A5,0
26833,529481,OR7C1_OR7C4,0
26834,529481,OR7D2,0
26835,529481,OR7D4_OR7D4P,0
26836,529481,OR7E24_OR7E24P,0
26837,529481,OR7G2,0
26838,529481,OR7G3,0
26839,529481,OR8A1,0
26840,529481,OR8B12,0
26841,529481,OR8B2,0
26842,529481,OR8B3,0
26843,529481,OR8B4_OR8B4P,0
26844,529481,OR8B8,0
26845,529481,OR8D1_OR8D3,0
26846,529481,OR8D2,0
26847,529481,OR8D4,0
26848,529481,OR8G1_OR8G1P,0
26849,529481,OR8G5_OR8G5P_OR8G6,0
26850,529481,OR8H1,0
26851,529481,OR8H2,0
26852,529481,OR8H3,0
26853,529481,OR8I2,0
26854,529481,OR8J1,0
26855,529481,OR8J3,0
26856,529481,OR8K1,0
26857,529481,OR8K3,0
26858,529481,OR8K5,0
26859,529481,OR8S1,0
26860,529481,OR8U1,0
26861,529481,OR8U3_OR5R1_OR5R1P,0
26862,529481,OR8U8,0
26863,529481,OR8U9,0
26864,529481,OR9A2,0
26865,529481,OR9A4,0
26866,529481,OR9G4,0
26867,529481,OR9G9,0
26868,529481,OR9I1,0
26869,529481,OR9K2,0
26870,529481,OR9Q1,0
26871,529481,OR9Q2_OR9Q2P,0
26872,529635,OR1A1,0
26873,529635,OR2M3_OR2M3P_OR2M6,0
26874,529635,OR2W1,0
26875,529635,OR5K1,0
26876,529635,OR5M3,0
26877,529635,OR8D1_OR8D3,0
26878,552003,OR1A1,0
26879,552003,OR1A2,0
26880,561886,OR1D2,0
26881,637511,OR10H2,1
26882,637511,OR10H2,1
26883,637511,OR1D2,0
26884,637511,OR1G1_OR1G2,1
26885,637511,OR1G1_OR1G2,1
26886,637511,OR1G1_OR1G2,1
26887,637511,OR1L3,0
26888,637511,OR2B11,1
26889,637511,OR2B11,1
26890,637511,OR2B3_OR2B3P,0
26891,637511,OR2C1,1
26892,637511,OR2C1,1
26893,637511,OR2G2,1
26894,637511,OR2G2,1
26895,637511,OR2G2,1
26896,637511,OR2J3,1
26897,637511,OR2J3,1
26898,637511,OR2J3,1
26899,637511,OR2J3,1
26900,637511,OR2J3,1
26901,637511,OR2J3,1
26902,637511,OR2J3,1
26903,637511,OR2J3,1
26904,637511,OR2J3,1
26905,637511,OR2J3,1
26906,637511,OR2M4,1
26907,637511,OR2M4,1
26908,637511,OR2M4,1
26909,637511,OR2M4,1
26910,637511,OR2T10,1
26911,637511,OR2T10,1
26912,637511,OR2T10,1
26913,637511,OR2T10,1
26914,637511,OR2T34,1
26915,637511,OR2T34,1
26916,637511,OR2T34,1
26917,637511,OR2T34,1
26918,637511,OR52D1,1
26919,637511,OR5AC2,0
26920,637511,OR5B17_OR5B20P,0
26921,637511,OR9G9,1
26922,637520,OR1A1,0
26923,637520,OR1D2,1
26924,637520,OR2M3_OR2M3P_OR2M6,0
26925,637520,OR2W1,1
26926,637520,OR2W1,1
26927,637520,OR2W1,1
26928,637520,OR2W1,1
26929,637520,OR5M3,0
26930,637520,OR8D1_OR8D3,0
26931,637542,OR1A1,0
26932,637542,OR2M3_OR2M3P_OR2M6,0
26933,637542,OR2W1,0
26934,637563,OR1A1,1
26935,637563,OR1D2,0
26936,637563,OR1G1_OR1G2,1
26937,637563,OR2M3_OR2M3P_OR2M6,0
26938,637563,OR2W1,1
26939,637563,OR2W1,1
26940,637563,OR2W1,1
26941,637563,OR2W1,1
26942,637563,OR52D1,1
26943,637563,OR5K1,0
26944,637563,OR5M3,0
26945,637563,OR8D1_OR8D3,0
26946,637566,OR10J5,0
26947,637566,OR10S1,1
26948,637566,OR10S1,1
26949,637566,OR10S1,1
26950,637566,OR10S1,1
26951,637566,OR10S1,1
26952,637566,OR1A1,1
26953,637566,OR1A1,1
26954,637566,OR1A2,1
26955,637566,OR1D2,1
26956,637566,OR1G1_OR1G2,1
26957,637566,OR1L3,0
26958,637566,OR2A1,0
26959,637566,OR2A25_OR2A25P_OR2A27,1
26960,637566,OR2A7,0
26961,637566,OR2B3_OR2B3P,0
26962,637566,OR2C1,0
26963,637566,OR2G2,0
26964,637566,OR2J2,0
26965,637566,OR2L13_OR2L14,0
26966,637566,OR2M3_OR2M3P_OR2M6,0
26967,637566,OR2M4,0
26968,637566,OR2M7,1
26969,637566,OR2M7,1
26970,637566,OR2M7,1
26971,637566,OR2T10,0
26972,637566,OR2T34,0
26973,637566,OR2T4,0
26974,637566,OR2W1,1
26975,637566,OR2W1,1
26976,637566,OR2W1,1
26977,637566,OR2W3_OR2W3P_OR2W8P,0
26978,637566,OR4C3,0
26979,637566,OR4E2,0
26980,637566,OR4X2,0
26981,637566,OR51B5,0
26982,637566,OR51E1_OR51E1P_OR52A3P,0
26983,637566,OR51E2,0
26984,637566,OR51L1,0
26985,637566,OR52D1,0
26986,637566,OR5AC2,0
26987,637566,OR5B17_OR5B20P,0
26988,637566,OR5K1,0
26989,637566,OR5M3,0
26990,637566,OR5P3,0
26991,637566,OR8D1_OR8D3,0
26992,637758,OR1A1,0
26993,637758,OR1D2,1
26994,637758,OR2M3_OR2M3P_OR2M6,0
26995,637758,OR2W1,1
26996,637758,OR2W1,1
26997,637758,OR2W1,1
26998,637758,OR5K1,0
26999,637758,OR5M3,0
27000,637758,OR8D1_OR8D3,0
27001,638011,OR10A2_OR10A2P,0
27002,638011,OR10A3,0
27003,638011,OR10A4_OR10A4P,0
27004,638011,OR10A5_OR10A1,1
27005,638011,OR10A6,0
27006,638011,OR10A7,0
27007,638011,OR10AD1_OR10AD1P,0
27008,638011,OR10AG1,0
27009,638011,OR10C1_OR10C2,0
27010,638011,OR10D3,0
27011,638011,OR10G3,0
27012,638011,OR10G4,1
27013,638011,OR10G6_OR10G6P,0
27014,638011,OR10G7,0
27015,638011,OR10G8,0
27016,638011,OR10G9_OR10G10P,0
27017,638011,OR10H1,0
27018,638011,OR10H2,0
27019,638011,OR10H3,0
27020,638011,OR10H4,0
27021,638011,OR10H5,0
27022,638011,OR10J1,0
27023,638011,OR10J3_OR10J3P,0
27024,638011,OR10J5,0
27025,638011,OR10K1,0
27026,638011,OR10K2,0
27027,638011,OR10P1_OR10P1P_OR10P2P_OR10P3P,0
27028,638011,OR10Q1,0
27029,638011,OR10R2,0
27030,638011,OR10T2,0
27031,638011,OR10V1,0
27032,638011,OR10W1_OR10W1P,0
27033,638011,OR10X1_OR10X1P,0
27034,638011,OR10Z1,0
27035,638011,OR11A1_OR11A2,0
27036,638011,OR11G2,0
27037,638011,OR11H1,0
27038,638011,OR11H12,0
27039,638011,OR11H2_OR11H2P,0
27040,638011,OR11H4,0
27041,638011,OR11H6,0
27042,638011,OR11L1,0
27043,638011,OR12D2,0
27044,638011,OR12D3,0
27045,638011,OR13A1,0
27046,638011,OR13C2,0
27047,638011,OR13C3,0
27048,638011,OR13C4,0
27049,638011,OR13C5,0
27050,638011,OR13C8,0
27051,638011,OR13C9,0
27052,638011,OR13D1,0
27053,638011,OR13F1,0
27054,638011,OR13G1,0
27055,638011,OR13H1,0
27056,638011,OR13J1,0
27057,638011,OR14A2_OR5AX1_OR5AX1P,0
27058,638011,OR14C36_OR5BF1,0
27059,638011,OR14I1_OR5BU1_OR5BU1P,0
27060,638011,OR14J1_OR5U1,0
27061,638011,OR14K1_OR5AY1,0
27062,638011,OR14L1_OR14L1P_OR5AV1P,0
27063,638011,OR1A1,1
27064,638011,OR1A1,1
27065,638011,OR1A1,1
27066,638011,OR1A1,1
27067,638011,OR1A2,0
27068,638011,OR1C1,0
27069,638011,OR1D2,1
27070,638011,OR1D5,1
27071,638011,OR1E1_OR1E5_OR1E6_OR1E9P,0
27072,638011,OR1E2_OR1E4,0
27073,638011,OR1F1,0
27074,638011,OR1F12P_OR1F12,0
27075,638011,OR1G1_OR1G2,1
27076,638011,OR1I1,0
27077,638011,OR1J1,1
27078,638011,OR1J2_OR1J3_OR1J5,0
27079,638011,OR1J4,0
27080,638011,OR1K1,0
27081,638011,OR1L1_OR1L2,0
27082,638011,OR1L3,0
27083,638011,OR1L4_OR1L5,0
27084,638011,OR1L6_OR1L7,0
27085,638011,OR1L8,0
27086,638011,OR1M1,0
27087,638011,OR1N1_OR1N3,0
27088,638011,OR1N2,0
27089,638011,OR1Q1_OR1Q2_OR1Q3,0
27090,638011,OR1S1,0
27091,638011,OR1S2,0
27092,638011,OR2A1,0
27093,638011,OR2A12_OR2A12P,0
27094,638011,OR2A14,0
27095,638011,OR2A14_OR2A14P_OR2A6,0
27096,638011,OR2A25_OR2A25P_OR2A27,0
27097,638011,OR2A2_OR2A17P_OR2A2P,0
27098,638011,OR2A4_OR2A10,0
27099,638011,OR2A5_OR2A26_OR2A8,0
27100,638011,OR2A7,0
27101,638011,OR2AE1_OR2AE2,0
27102,638011,OR2AG1_OR2AG3,0
27103,638011,OR2AG2_OR2AG2P,0
27104,638011,OR2AJ1_OR2AJ1P,0
27105,638011,OR2AK2_OR2AK1P,0
27106,638011,OR2AP1_OR2AP1P,0
27107,638011,OR2AT4,0
27108,638011,OR2B11,0
27109,638011,OR2B2_OR2B9,0
27110,638011,OR2B3_OR2B3P,0
27111,638011,OR2B6,0
27112,638011,OR2B8P_OR2B8,0
27113,638011,OR2C1,0
27114,638011,OR2C3_OR2C4_OR2C5P,0
27115,638011,OR2D2_OR2D1,1
27116,638011,OR2D3,0
27117,638011,OR2F1_OR2F3_OR2F3P_OR2F4_OR2F5,0
27118,638011,OR2F2,0
27119,638011,OR2G2,0
27120,638011,OR2G3,0
27121,638011,OR2G6,0
27122,638011,OR2H1_OR2H6_OR2H8,0
27123,638011,OR2H2_OR2H3,0
27124,638011,OR2J1_OR2J1P,0
27125,638011,OR2J2,0
27126,638011,OR2J3,1
27127,638011,OR2J3,1
27128,638011,OR2J3,1
27129,638011,OR2K2_OR2AR1P,0
27130,638011,OR2L13_OR2L14,0
27131,638011,OR2L2_OR2L12_OR2L4P,0
27132,638011,OR2L3,0
27133,638011,OR2L5_OR2L11,0
27134,638011,OR2L8,0
27135,638011,OR2M2,0
27136,638011,OR2M3_OR2M3P_OR2M6,0
27137,638011,OR2M4,0
27138,638011,OR2M5,0
27139,638011,OR2M7,0
27140,638011,OR2S2,0
27141,638011,OR2T1,0
27142,638011,OR2T10,0
27143,638011,OR2T11,0
27144,638011,OR2T29,0
27145,638011,OR2T2_OR2T2P,0
27146,638011,OR2T3,0
27147,638011,OR2T33,1
27148,638011,OR2T34,0
27149,638011,OR2T35,0
27150,638011,OR2T4,0
27151,638011,OR2T5,0
27152,638011,OR2T6_OR2T6P_OR2T9,0
27153,638011,OR2T8_OR2T8P,0
27154,638011,OR2V1,0
27155,638011,OR2V2_OR2V3,0
27156,638011,OR2W1,1
27157,638011,OR2W1,1
27158,638011,OR2W1,1
27159,638011,OR2W3_OR2W3P_OR2W8P,0
27160,638011,OR2W5P_OR2W5,0
27161,638011,OR2Y1,0
27162,638011,OR2Z1_OR2Z2,0
27163,638011,OR3A1,0
27164,638011,OR3A2,0
27165,638011,OR3A3_OR3A6_OR3A7_OR3A8P,0
27166,638011,OR3A4P_OR3A4_OR3A5P,0
27167,638011,OR4A15,0
27168,638011,OR4A16,0
27169,638011,OR4A47,0
27170,638011,OR4A4P,0
27171,638011,OR4A5,1
27172,638011,OR4A5,1
27173,638011,OR4B1,0
27174,638011,OR4C11_OR4C11P,0
27175,638011,OR4C12,0
27176,638011,OR4C15,0
27177,638011,OR4C16,0
27178,638011,OR4C3,0
27179,638011,OR4C46,0
27180,638011,OR4C5,0
27181,638011,OR4C6,0
27182,638011,OR4D10_OR4D10P,0
27183,638011,OR4D1_OR4D3,0
27184,638011,OR4D2,0
27185,638011,OR4D5,0
27186,638011,OR4D6,0
27187,638011,OR4D9,0
27188,638011,OR4E2,0
27189,638011,OR4F14,0
27190,638011,OR4F15,0
27191,638011,OR4F17_OR4F11P_OR4F18_OR4F19,0
27192,638011,OR4F21_OR4F21P,0
27193,638011,OR4F3,0
27194,638011,OR4F4,0
27195,638011,OR4F6_OR4F12,0
27196,638011,OR4K1,0
27197,638011,OR4K13,0
27198,638011,OR4K15,0
27199,638011,OR4K17,0
27200,638011,OR4K2,0
27201,638011,OR4K3_OR4K3P,0
27202,638011,OR4K5,0
27203,638011,OR4L1_OR4L2P,0
27204,638011,OR4M1,0
27205,638011,OR4M2B,0
27206,638011,OR4N2,0
27207,638011,OR4N4,0
27208,638011,OR4P4_OR4P3P,0
27209,638011,OR4Q3_OR4Q4,0
27210,638011,OR4S1,0
27211,638011,OR4S2_OR4S2P,0
27212,638011,OR4X1,0
27213,638011,OR4X2,0
27214,638011,OR51A2,1
27215,638011,OR51A2,1
27216,638011,OR51A2,1
27217,638011,OR51A4,0
27218,638011,OR51B2_OR51B1P,1
27219,638011,OR51B4,0
27220,638011,OR51B5,0
27221,638011,OR51B6,1
27222,638011,OR51D1,0
27223,638011,OR51E1_OR51E1P_OR52A3P,1
27224,638011,OR51E2,0
27225,638011,OR51F1_OR51F1P,0
27226,638011,OR51F2,0
27227,638011,OR51G1_OR51G3P,0
27228,638011,OR51G2,0
27229,638011,OR51H1_OR51H1P,0
27230,638011,OR51I1,1
27231,638011,OR51I2,0
27232,638011,OR51J1_OR51J1P_OR51J2,0
27233,638011,OR51L1,0
27234,638011,OR51M1,1
27235,638011,OR51Q1,0
27236,638011,OR51S1,0
27237,638011,OR51T1,0
27238,638011,OR51V1_OR51A12,0
27239,638011,OR52A1,0
27240,638011,OR52A4P_OR52A4,0
27241,638011,OR52A5,1
27242,638011,OR52B2,0
27243,638011,OR52B4,0
27244,638011,OR52B6,0
27245,638011,OR52D1,1
27246,638011,OR52E2,0
27247,638011,OR52E4,0
27248,638011,OR52E5,0
27249,638011,OR52E6,0
27250,638011,OR52E8,0
27251,638011,OR52H1,1
27252,638011,OR52I2,0
27253,638011,OR52J3,0
27254,638011,OR52K1,0
27255,638011,OR52K2,0
27256,638011,OR52L1,0
27257,638011,OR52L2P_OR52L2,0
27258,638011,OR52M1_OR52M1P,0
27259,638011,OR52N1,0
27260,638011,OR52N2,0
27261,638011,OR52N4,1
27262,638011,OR52N5,1
27263,638011,OR52P1_OR52P1P,0
27264,638011,OR52R1,0
27265,638011,OR52W1_OR52W1P,1
27266,638011,OR52W1_OR52W1P,1
27267,638011,OR52W1_OR52W1P,1
27268,638011,OR56A1,0
27269,638011,OR56A3_OR56A3P_OR56A6,0
27270,638011,OR56A4,0
27271,638011,OR56A5_OR56A5P,0
27272,638011,OR56B1_OR56B1P,0
27273,638011,OR56B4,0
27274,638011,OR5A1_OR5A1P,0
27275,638011,OR5A2,0
27276,638011,OR5AC2,0
27277,638011,OR5AK2,0
27278,638011,OR5AK3P_OR5AK3,0
27279,638011,OR5AL1_OR5AL1P,0
27280,638011,OR5AN1,0
27281,638011,OR5AP2,0
27282,638011,OR5AR1,0
27283,638011,OR5AS1,0
27284,638011,OR5AU1,0
27285,638011,OR5B12_OR5B12P_OR5B16,0
27286,638011,OR5B17_OR5B20P,0
27287,638011,OR5B2,0
27288,638011,OR5B21,0
27289,638011,OR5B3_OR5B13,0
27290,638011,OR5C1_OR5C2P,0
27291,638011,OR5D13,0
27292,638011,OR5D14,0
27293,638011,OR5D16,0
27294,638011,OR5D18,0
27295,638011,OR5F1,0
27296,638011,OR5H1,0
27297,638011,OR5H14,0
27298,638011,OR5H2,0
27299,638011,OR5H6,0
27300,638011,OR5I1,0
27301,638011,OR5J2,0
27302,638011,OR5K1,0
27303,638011,OR5K2,0
27304,638011,OR5K3,0
27305,638011,OR5K4,0
27306,638011,OR5L1,0
27307,638011,OR5M1,0
27308,638011,OR5M10,0
27309,638011,OR5M11,0
27310,638011,OR5M8,0
27311,638011,OR5M9,0
27312,638011,OR5P2,0
27313,638011,OR5P3,0
27314,638011,OR5T1_OR5T1P,0
27315,638011,OR5T2,0
27316,638011,OR5T3,0
27317,638011,OR5V1,0
27318,638011,OR5W2_OR5W2P_OR5W3P,0
27319,638011,OR6A2_OR6A1_OR6A2P,0
27320,638011,OR6B1,0
27321,638011,OR6B2_OR6B2P,0
27322,638011,OR6B3_OR6B3P,0
27323,638011,OR6C1,0
27324,638011,OR6C2,0
27325,638011,OR6C3,0
27326,638011,OR6C4,0
27327,638011,OR6C6,0
27328,638011,OR6C65,0
27329,638011,OR6C68,1
27330,638011,OR6C68,1
27331,638011,OR6C70,0
27332,638011,OR6C74,0
27333,638011,OR6C75,0
27334,638011,OR6C76,0
27335,638011,OR6F1,0
27336,638011,OR6J1_OR6J2,0
27337,638011,OR6K2,0
27338,638011,OR6K3,0
27339,638011,OR6K6,0
27340,638011,OR6M1,0
27341,638011,OR6N1,0
27342,638011,OR6N2,0
27343,638011,OR6P1,0
27344,638011,OR6Q1,0
27345,638011,OR6S1,0
27346,638011,OR6T1,0
27347,638011,OR6V1,0
27348,638011,OR6X1,0
27349,638011,OR6Y1_OR6Y2,0
27350,638011,OR7A10,0
27351,638011,OR7A17,0
27352,638011,OR7A5,0
27353,638011,OR7C1_OR7C4,0
27354,638011,OR7D2,0
27355,638011,OR7D4_OR7D4P,0
27356,638011,OR7E24_OR7E24P,0
27357,638011,OR7G2,0
27358,638011,OR7G3,0
27359,638011,OR8A1,0
27360,638011,OR8B12,0
27361,638011,OR8B2,0
27362,638011,OR8B3,0
27363,638011,OR8B4_OR8B4P,0
27364,638011,OR8B8,0
27365,638011,OR8D1_OR8D3,0
27366,638011,OR8D2,0
27367,638011,OR8D4,0
27368,638011,OR8G1_OR8G1P,0
27369,638011,OR8G5_OR8G5P_OR8G6,0
27370,638011,OR8H1,0
27371,638011,OR8H2,0
27372,638011,OR8H3,0
27373,638011,OR8I2,0
27374,638011,OR8J1,0
27375,638011,OR8J3,0
27376,638011,OR8K1,0
27377,638011,OR8K3,0
27378,638011,OR8K5,0
27379,638011,OR8S1,0
27380,638011,OR8U1,0
27381,638011,OR8U3_OR5R1_OR5R1P,0
27382,638011,OR8U8,0
27383,638011,OR8U9,0
27384,638011,OR9A2,0
27385,638011,OR9A4,0
27386,638011,OR9G4,0
27387,638011,OR9G9,0
27388,638011,OR9I1,0
27389,638011,OR9K2,0
27390,638011,OR9Q1,0
27391,638011,OR9Q2,0
27392,638011,OR9Q2_OR9Q2P,0
27393,638014,OR1A1,0
27394,638014,OR1A2,1
27395,638014,OR1G1_OR1G2,0
27396,638014,OR1L3,0
27397,638014,OR2B3_OR2B3P,1
27398,638014,OR2B3_OR2B3P,1
27399,638014,OR2G2,0
27400,638014,OR2M3_OR2M3P_OR2M6,0
27401,638014,OR2M4,0
27402,638014,OR2T10,0
27403,638014,OR2T34,0
27404,638014,OR2W1,0
27405,638014,OR51E2,0
27406,638014,OR52D1,1
27407,638014,OR5A1_OR5A1P,1
27408,638014,OR5AC2,0
27409,638014,OR5B17_OR5B20P,0
27410,638014,OR5K1,0
27411,638014,OR5M3,0
27412,638014,OR8D1_OR8D3,0
27413,643731,OR1A1,0
27414,643731,OR1A2,0
27415,643731,OR2M3_OR2M3P_OR2M6,0
27416,643731,OR2W1,1
27417,643731,OR2W1,1
27418,643731,OR2W1,1
27419,643731,OR5K1,0
27420,643731,OR5M3,0
27421,643731,OR8D1_OR8D3,0
27422,643820,OR1A1,1
27423,643820,OR1A2,0
27424,643820,OR2W3_OR2W3P_OR2W8P,0
27425,643820,OR51B4,0
27426,643941,OR1A1,0
27427,643941,OR2M3_OR2M3P_OR2M6,0
27428,643941,OR2W1,0
27429,643941,OR5K1,0
27430,643941,OR5M3,0
27431,643941,OR8D1_OR8D3,0
27432,785329,OR10J5,0
27433,785329,OR1A1,0
27434,785329,OR2C1,0
27435,785329,OR2J2,0
27436,785329,OR2M7,0
27437,785329,OR2W1,0
27438,785329,OR51E1_OR51E1P_OR52A3P,0
27439,785329,OR51E2,0
27440,785329,OR51L1,0
27441,785329,OR5P3,0
27442,785330,OR10J5,0
27443,785330,OR1A1,0
27444,785330,OR2C1,0
27445,785330,OR2J2,0
27446,785330,OR2M7,0
27447,785330,OR2W1,0
27448,785330,OR51E1_OR51E1P_OR52A3P,0
27449,785330,OR51E2,0
27450,785330,OR51L1,0
27451,785330,OR5P3,0
27452,853433,OR10A2_OR10A2P,0
27453,853433,OR10A3,0
27454,853433,OR10A4_OR10A4P,1
27455,853433,OR10A5_OR10A1,1
27456,853433,OR10A5_OR10A1,1
27457,853433,OR10A6,1
27458,853433,OR10A6,1
27459,853433,OR10A6,1
27460,853433,OR10A7,0
27461,853433,OR10AD1_OR10AD1P,0
27462,853433,OR10AG1,0
27463,853433,OR10C1_OR10C2,0
27464,853433,OR10D3,0
27465,853433,OR10G3,1
27466,853433,OR10G4,1
27467,853433,OR10G6_OR10G6P,0
27468,853433,OR10G7,1
27469,853433,OR10G8,0
27470,853433,OR10G9_OR10G10P,1
27471,853433,OR10H1,0
27472,853433,OR10H2,0
27473,853433,OR10H3,0
27474,853433,OR10H4,0
27475,853433,OR10H5,0
27476,853433,OR10J1,0
27477,853433,OR10J3_OR10J3P,1
27478,853433,OR10J5,0
27479,853433,OR10K1,0
27480,853433,OR10K2,0
27481,853433,OR10P1_OR10P1P_OR10P2P_OR10P3P,1
27482,853433,OR10Q1,0
27483,853433,OR10R2,0
27484,853433,OR10T2,0
27485,853433,OR10V1,1
27486,853433,OR10W1_OR10W1P,1
27487,853433,OR10X1_OR10X1P,0
27488,853433,OR10Z1,0
27489,853433,OR11A1_OR11A2,0
27490,853433,OR11G2,1
27491,853433,OR11H1,0
27492,853433,OR11H12,0
27493,853433,OR11H2_OR11H2P,0
27494,853433,OR11H4,0
27495,853433,OR11H6,0
27496,853433,OR11L1,0
27497,853433,OR12D2,0
27498,853433,OR12D3,0
27499,853433,OR13A1,0
27500,853433,OR13C2,1
27501,853433,OR13C3,0
27502,853433,OR13C4,0
27503,853433,OR13C5,0
27504,853433,OR13C8,1
27505,853433,OR13C9,0
27506,853433,OR13D1,0
27507,853433,OR13F1,0
27508,853433,OR13G1,0
27509,853433,OR13H1,0
27510,853433,OR13J1,0
27511,853433,OR14A2_OR5AX1_OR5AX1P,0
27512,853433,OR14C36_OR5BF1,0
27513,853433,OR14I1_OR5BU1_OR5BU1P,0
27514,853433,OR14J1_OR5U1,1
27515,853433,OR14K1_OR5AY1,0
27516,853433,OR14L1_OR14L1P_OR5AV1P,0
27517,853433,OR1A1,1
27518,853433,OR1A1,1
27519,853433,OR1A1,1
27520,853433,OR1A1,1
27521,853433,OR1A2,0
27522,853433,OR1C1,0
27523,853433,OR1D2,0
27524,853433,OR1D5,1
27525,853433,OR1E1_OR1E5_OR1E6_OR1E9P,1
27526,853433,OR1E2_OR1E4,1
27527,853433,OR1E2_OR1E4,1
27528,853433,OR1F1,0
27529,853433,OR1F12P_OR1F12,1
27530,853433,OR1G1_OR1G2,0
27531,853433,OR1I1,0
27532,853433,OR1J1,1
27533,853433,OR1J2_OR1J3_OR1J5,0
27534,853433,OR1J4,0
27535,853433,OR1K1,0
27536,853433,OR1L1_OR1L2,0
27537,853433,OR1L3,0
27538,853433,OR1L4_OR1L5,0
27539,853433,OR1L6_OR1L7,0
27540,853433,OR1L8,0
27541,853433,OR1M1,0
27542,853433,OR1N1_OR1N3,0
27543,853433,OR1N2,1
27544,853433,OR1Q1_OR1Q2_OR1Q3,0
27545,853433,OR1S1,1
27546,853433,OR1S2,1
27547,853433,OR2A1,1
27548,853433,OR2A12_OR2A12P,0
27549,853433,OR2A14,0
27550,853433,OR2A14_OR2A14P_OR2A6,0
27551,853433,OR2A25_OR2A25P_OR2A27,0
27552,853433,OR2A2_OR2A17P_OR2A2P,0
27553,853433,OR2A4_OR2A10,0
27554,853433,OR2A5_OR2A26_OR2A8,1
27555,853433,OR2A7,0
27556,853433,OR2AE1_OR2AE2,0
27557,853433,OR2AG1_OR2AG3,0
27558,853433,OR2AG2_OR2AG2P,0
27559,853433,OR2AJ1_OR2AJ1P,0
27560,853433,OR2AK2_OR2AK1P,0
27561,853433,OR2AP1_OR2AP1P,0
27562,853433,OR2AT4,1
27563,853433,OR2AT4,1
27564,853433,OR2AT4,1
27565,853433,OR2AT4,1
27566,853433,OR2B11,0
27567,853433,OR2B2_OR2B9,0
27568,853433,OR2B3_OR2B3P,0
27569,853433,OR2B6,0
27570,853433,OR2B8P_OR2B8,0
27571,853433,OR2C1,1
27572,853433,OR2C1,1
27573,853433,OR2C1,1
27574,853433,OR2C3_OR2C4_OR2C5P,1
27575,853433,OR2D2_OR2D1,1
27576,853433,OR2D3,0
27577,853433,OR2F1_OR2F3_OR2F3P_OR2F4_OR2F5,0
27578,853433,OR2F2,0
27579,853433,OR2G2,0
27580,853433,OR2G3,0
27581,853433,OR2G6,0
27582,853433,OR2H1_OR2H6_OR2H8,0
27583,853433,OR2H2_OR2H3,0
27584,853433,OR2J1_OR2J1P,0
27585,853433,OR2J2,1
27586,853433,OR2J2,1
27587,853433,OR2J2,1
27588,853433,OR2J2,1
27589,853433,OR2J2,1
27590,853433,OR2J2,1
27591,853433,OR2J3,1
27592,853433,OR2K2_OR2AR1P,0
27593,853433,OR2L13_OR2L14,1
27594,853433,OR2L2_OR2L12_OR2L4P,0
27595,853433,OR2L3,0
27596,853433,OR2L5_OR2L11,1
27597,853433,OR2L8,0
27598,853433,OR2M2,1
27599,853433,OR2M3_OR2M3P_OR2M6,0
27600,853433,OR2M4,0
27601,853433,OR2M5,1
27602,853433,OR2M7,1
27603,853433,OR2S2,1
27604,853433,OR2T1,1
27605,853433,OR2T10,0
27606,853433,OR2T11,0
27607,853433,OR2T29,0
27608,853433,OR2T2_OR2T2P,1
27609,853433,OR2T3,0
27610,853433,OR2T33,1
27611,853433,OR2T34,0
27612,853433,OR2T35,0
27613,853433,OR2T4,0
27614,853433,OR2T5,0
27615,853433,OR2T6_OR2T6P_OR2T9,0
27616,853433,OR2T8_OR2T8P,1
27617,853433,OR2V1,1
27618,853433,OR2V2_OR2V3,1
27619,853433,OR2W1,1
27620,853433,OR2W1,1
27621,853433,OR2W3_OR2W3P_OR2W8P,1
27622,853433,OR2W5P_OR2W5,0
27623,853433,OR2Y1,0
27624,853433,OR2Z1_OR2Z2,0
27625,853433,OR3A1,0
27626,853433,OR3A2,1
27627,853433,OR3A3_OR3A6_OR3A7_OR3A8P,1
27628,853433,OR3A4P_OR3A4_OR3A5P,1
27629,853433,OR4A15,0
27630,853433,OR4A16,0
27631,853433,OR4A47,1
27632,853433,OR4A4P,0
27633,853433,OR4A5,1
27634,853433,OR4B1,0
27635,853433,OR4C11_OR4C11P,0
27636,853433,OR4C12,1
27637,853433,OR4C15,1
27638,853433,OR4C16,1
27639,853433,OR4C3,0
27640,853433,OR4C46,0
27641,853433,OR4C5,0
27642,853433,OR4C6,1
27643,853433,OR4D10_OR4D10P,0
27644,853433,OR4D1_OR4D3,0
27645,853433,OR4D2,0
27646,853433,OR4D5,1
27647,853433,OR4D6,0
27648,853433,OR4D9,0
27649,853433,OR4E2,0
27650,853433,OR4F14,0
27651,853433,OR4F15,0
27652,853433,OR4F17_OR4F11P_OR4F18_OR4F19,0
27653,853433,OR4F21_OR4F21P,1
27654,853433,OR4F3,0
27655,853433,OR4F4,0
27656,853433,OR4F6_OR4F12,0
27657,853433,OR4K1,0
27658,853433,OR4K13,0
27659,853433,OR4K15,1
27660,853433,OR4K17,0
27661,853433,OR4K2,0
27662,853433,OR4K3_OR4K3P,0
27663,853433,OR4K5,0
27664,853433,OR4L1_OR4L2P,0
27665,853433,OR4M1,0
27666,853433,OR4M2B,0
27667,853433,OR4N2,0
27668,853433,OR4N4,0
27669,853433,OR4P4_OR4P3P,0
27670,853433,OR4Q3_OR4Q4,0
27671,853433,OR4S1,0
27672,853433,OR4S2_OR4S2P,1
27673,853433,OR4X1,0
27674,853433,OR4X2,0
27675,853433,OR51A2,1
27676,853433,OR51A4,0
27677,853433,OR51B2_OR51B1P,1
27678,853433,OR51B4,1
27679,853433,OR51B5,1
27680,853433,OR51B6,0
27681,853433,OR51D1,0
27682,853433,OR51E1_OR51E1P_OR52A3P,1
27683,853433,OR51E2,0
27684,853433,OR51F1_OR51F1P,0
27685,853433,OR51F2,0
27686,853433,OR51G1_OR51G3P,0
27687,853433,OR51G2,0
27688,853433,OR51H1_OR51H1P,0
27689,853433,OR51I1,0
27690,853433,OR51I2,0
27691,853433,OR51J1_OR51J1P_OR51J2,1
27692,853433,OR51L1,0
27693,853433,OR51M1,1
27694,853433,OR51Q1,0
27695,853433,OR51S1,1
27696,853433,OR51T1,0
27697,853433,OR51V1_OR51A12,1
27698,853433,OR51V1_OR51A12,1
27699,853433,OR52A1,0
27700,853433,OR52A4P_OR52A4,1
27701,853433,OR52A5,1
27702,853433,OR52B2,1
27703,853433,OR52B4,0
27704,853433,OR52B6,0
27705,853433,OR52D1,0
27706,853433,OR52E2,1
27707,853433,OR52E4,1
27708,853433,OR52E5,1
27709,853433,OR52E6,0
27710,853433,OR52E8,0
27711,853433,OR52H1,1
27712,853433,OR52I2,1
27713,853433,OR52J3,0
27714,853433,OR52K1,0
27715,853433,OR52K2,0
27716,853433,OR52L1,0
27717,853433,OR52L2P_OR52L2,0
27718,853433,OR52M1_OR52M1P,0
27719,853433,OR52N1,0
27720,853433,OR52N2,1
27721,853433,OR52N4,1
27722,853433,OR52N5,1
27723,853433,OR52P1_OR52P1P,1
27724,853433,OR52R1,1
27725,853433,OR52W1_OR52W1P,1
27726,853433,OR56A1,0
27727,853433,OR56A3_OR56A3P_OR56A6,0
27728,853433,OR56A4,1
27729,853433,OR56A5_OR56A5P,1
27730,853433,OR56B1_OR56B1P,0
27731,853433,OR56B4,0
27732,853433,OR5A1_OR5A1P,0
27733,853433,OR5A2,0
27734,853433,OR5AC2,0
27735,853433,OR5AK2,0
27736,853433,OR5AK3P_OR5AK3,0
27737,853433,OR5AL1_OR5AL1P,0
27738,853433,OR5AN1,0
27739,853433,OR5AP2,0
27740,853433,OR5AR1,1
27741,853433,OR5AS1,0
27742,853433,OR5AU1,0
27743,853433,OR5B12_OR5B12P_OR5B16,1
27744,853433,OR5B17_OR5B20P,0
27745,853433,OR5B2,0
27746,853433,OR5B21,0
27747,853433,OR5B3_OR5B13,1
27748,853433,OR5C1_OR5C2P,0
27749,853433,OR5D13,0
27750,853433,OR5D14,0
27751,853433,OR5D16,0
27752,853433,OR5D18,0
27753,853433,OR5F1,0
27754,853433,OR5H1,0
27755,853433,OR5H14,0
27756,853433,OR5H2,0
27757,853433,OR5H6,0
27758,853433,OR5I1,0
27759,853433,OR5J2,1
27760,853433,OR5K1,1
27761,853433,OR5K2,0
27762,853433,OR5K3,0
27763,853433,OR5K4,1
27764,853433,OR5L1,1
27765,853433,OR5M1,1
27766,853433,OR5M10,1
27767,853433,OR5M11,1
27768,853433,OR5M3,0
27769,853433,OR5M8,0
27770,853433,OR5M9,1
27771,853433,OR5P2,1
27772,853433,OR5P3,0
27773,853433,OR5T1_OR5T1P,0
27774,853433,OR5T2,0
27775,853433,OR5T3,0
27776,853433,OR5V1,0
27777,853433,OR5W2_OR5W2P_OR5W3P,0
27778,853433,OR6A2_OR6A1_OR6A2P,1
27779,853433,OR6B1,0
27780,853433,OR6B2_OR6B2P,0
27781,853433,OR6B3_OR6B3P,0
27782,853433,OR6C1,1
27783,853433,OR6C2,0
27784,853433,OR6C3,0
27785,853433,OR6C4,0
27786,853433,OR6C6,0
27787,853433,OR6C65,0
27788,853433,OR6C68,1
27789,853433,OR6C70,0
27790,853433,OR6C74,0
27791,853433,OR6C75,0
27792,853433,OR6C76,0
27793,853433,OR6F1,0
27794,853433,OR6J1_OR6J2,1
27795,853433,OR6K2,0
27796,853433,OR6K3,0
27797,853433,OR6K6,0
27798,853433,OR6M1,1
27799,853433,OR6N1,0
27800,853433,OR6N2,0
27801,853433,OR6P1,0
27802,853433,OR6Q1,0
27803,853433,OR6S1,0
27804,853433,OR6T1,0
27805,853433,OR6V1,1
27806,853433,OR6X1,1
27807,853433,OR6Y1_OR6Y2,0
27808,853433,OR7A10,0
27809,853433,OR7A17,0
27810,853433,OR7A5,0
27811,853433,OR7C1_OR7C4,0
27812,853433,OR7D2,0
27813,853433,OR7D4_OR7D4P,0
27814,853433,OR7E24_OR7E24P,0
27815,853433,OR7G2,0
27816,853433,OR7G3,0
27817,853433,OR8A1,1
27818,853433,OR8B12,1
27819,853433,OR8B2,1
27820,853433,OR8B3,1
27821,853433,OR8B4_OR8B4P,0
27822,853433,OR8B8,0
27823,853433,OR8D1_OR8D3,0
27824,853433,OR8D2,0
27825,853433,OR8D4,0
27826,853433,OR8G1_OR8G1P,0
27827,853433,OR8G5_OR8G5P_OR8G6,0
27828,853433,OR8H1,0
27829,853433,OR8H2,0
27830,853433,OR8H3,0
27831,853433,OR8I2,1
27832,853433,OR8J1,0
27833,853433,OR8J3,0
27834,853433,OR8K1,0
27835,853433,OR8K3,0
27836,853433,OR8K5,0
27837,853433,OR8S1,0
27838,853433,OR8U1,0
27839,853433,OR8U3_OR5R1_OR5R1P,0
27840,853433,OR8U8,0
27841,853433,OR8U9,0
27842,853433,OR9A2,0
27843,853433,OR9A4,0
27844,853433,OR9G4,0
27845,853433,OR9G9,0
27846,853433,OR9I1,0
27847,853433,OR9K2,0
27848,853433,OR9Q1,1
27849,853433,OR9Q2,0
27850,853433,OR9Q2_OR9Q2P,0
27851,1201521,OR10J5,0
27852,1201521,OR1A1,0
27853,1201521,OR2C1,0
27854,1201521,OR2J2,0
27855,1201521,OR2M7,0
27856,1201521,OR2W1,0
27857,1201521,OR51E1_OR51E1P_OR52A3P,0
27858,1201521,OR51E2,0
27859,1201521,OR51L1,0
27860,1201521,OR5P3,0
27861,1201529,OR1A1,0
27862,1201529,OR1A2,0
27863,1268142,OR10A5_OR10A1,1
27864,1268142,OR10A6,1
27865,1268142,OR10C1_OR10C2,0
27866,1268142,OR10G4,1
27867,1268142,OR10G7,0
27868,1268142,OR10J1,1
27869,1268142,OR10J3_OR10J3P,1
27870,1268142,OR10J3_OR10J3P,1
27871,1268142,OR10J3_OR10J3P,1
27872,1268142,OR11G2,1
27873,1268142,OR11H1,1
27874,1268142,OR13C2,0
27875,1268142,OR1A1,1
27876,1268142,OR1D5,0
27877,1268142,OR1F12P_OR1F12,1
27878,1268142,OR1J1,1
27879,1268142,OR1S1,1
27880,1268142,OR1S1,1
27881,1268142,OR1S1,1
27882,1268142,OR1S1,1
27883,1268142,OR2A1,0
27884,1268142,OR2C3_OR2C4_OR2C5P,1
27885,1268142,OR2D2_OR2D1,0
27886,1268142,OR2J3,0
27887,1268142,OR2L5_OR2L11,1
27888,1268142,OR2T2_OR2T2P,1
27889,1268142,OR2T33,1
27890,1268142,OR2T35,1
27891,1268142,OR2T8_OR2T8P,0
27892,1268142,OR2V1,0
27893,1268142,OR2W1,0
27894,1268142,OR3A3_OR3A6_OR3A7_OR3A8P,1
27895,1268142,OR3A4P_OR3A4_OR3A5P,1
27896,1268142,OR3A4P_OR3A4_OR3A5P,1
27897,1268142,OR4A47,0
27898,1268142,OR4A5,1
27899,1268142,OR4C16,0
27900,1268142,OR4D5,1
27901,1268142,OR4F17_OR4F11P_OR4F18_OR4F19,0
27902,1268142,OR4F21_OR4F21P,0
27903,1268142,OR4F4,1
27904,1268142,OR4K15,1
27905,1268142,OR4M1,0
27906,1268142,OR51A2,0
27907,1268142,OR51B2_OR51B1P,1
27908,1268142,OR51B2_OR51B1P,1
27909,1268142,OR51B4,0
27910,1268142,OR51B5,1
27911,1268142,OR51B6,0
27912,1268142,OR51I1,1
27913,1268142,OR51J1_OR51J1P_OR51J2,1
27914,1268142,OR51M1,1
27915,1268142,OR51S1,1
27916,1268142,OR51V1_OR51A12,1
27917,1268142,OR51V1_OR51A12,1
27918,1268142,OR52A4P_OR52A4,0
27919,1268142,OR52A5,0
27920,1268142,OR52E4,1
27921,1268142,OR52E5,1
27922,1268142,OR52H1,1
27923,1268142,OR52N2,0
27924,1268142,OR52N4,1
27925,1268142,OR52N5,1
27926,1268142,OR52N5,1
27927,1268142,OR52N5,1
27928,1268142,OR52R1,1
27929,1268142,OR52W1_OR52W1P,1
27930,1268142,OR52W1_OR52W1P,1
27931,1268142,OR52W1_OR52W1P,1
27932,1268142,OR56A4,0
27933,1268142,OR56A5_OR56A5P,1
27934,1268142,OR5B12_OR5B12P_OR5B16,0
27935,1268142,OR5J2,0
27936,1268142,OR5K4,1
27937,1268142,OR5L1,0
27938,1268142,OR5M10,0
27939,1268142,OR5M11,0
27940,1268142,OR6C68,0
27941,1268142,OR6J1_OR6J2,1
27942,1268142,OR6V1,1
27943,1268142,OR6X1,0
27944,1268142,OR8B12,1
27945,1268142,OR8B2,0
27946,1268142,OR8B3,0
27947,1268142,OR9Q1,1
27948,1549025,OR1D2,1
27949,1549026,OR10A2_OR10A2P,0
27950,1549026,OR10A3,0
27951,1549026,OR10A4_OR10A4P,0
27952,1549026,OR10A5_OR10A1,0
27953,1549026,OR10A6,1
27954,1549026,OR10A7,0
27955,1549026,OR10AD1_OR10AD1P,0
27956,1549026,OR10AG1,0
27957,1549026,OR10C1_OR10C2,0
27958,1549026,OR10D3,0
27959,1549026,OR10G3,0
27960,1549026,OR10G4,1
27961,1549026,OR10G6_OR10G6P,0
27962,1549026,OR10G7,1
27963,1549026,OR10G8,0
27964,1549026,OR10G9_OR10G10P,0
27965,1549026,OR10H1,0
27966,1549026,OR10H2,1
27967,1549026,OR10H3,0
27968,1549026,OR10H4,0
27969,1549026,OR10H5,0
27970,1549026,OR10J1,1
27971,1549026,OR10J3_OR10J3P,0
27972,1549026,OR10J5,0
27973,1549026,OR10K1,0
27974,1549026,OR10K2,0
27975,1549026,OR10P1_OR10P1P_OR10P2P_OR10P3P,0
27976,1549026,OR10Q1,1
27977,1549026,OR10R2,0
27978,1549026,OR10T2,0
27979,1549026,OR10V1,0
27980,1549026,OR10W1_OR10W1P,0
27981,1549026,OR10X1_OR10X1P,0
27982,1549026,OR10Z1,0
27983,1549026,OR11A1_OR11A2,0
27984,1549026,OR11G2,1
27985,1549026,OR11H1,0
27986,1549026,OR11H12,0
27987,1549026,OR11H2_OR11H2P,0
27988,1549026,OR11H4,1
27989,1549026,OR11H6,0
27990,1549026,OR11L1,0
27991,1549026,OR12D2,0
27992,1549026,OR12D3,0
27993,1549026,OR13A1,0
27994,1549026,OR13C2,1
27995,1549026,OR13C3,0
27996,1549026,OR13C4,0
27997,1549026,OR13C5,0
27998,1549026,OR13C8,0
27999,1549026,OR13C9,0
28000,1549026,OR13D1,0
28001,1549026,OR13F1,0
28002,1549026,OR13G1,0
28003,1549026,OR13H1,0
28004,1549026,OR13J1,0
28005,1549026,OR14A2_OR5AX1_OR5AX1P,0
28006,1549026,OR14C36_OR5BF1,0
28007,1549026,OR14I1_OR5BU1_OR5BU1P,0
28008,1549026,OR14J1_OR5U1,0
28009,1549026,OR14K1_OR5AY1,0
28010,1549026,OR14L1_OR14L1P_OR5AV1P,0
28011,1549026,OR1A1,0
28012,1549026,OR1A2,0
28013,1549026,OR1C1,0
28014,1549026,OR1D2,1
28015,1549026,OR1D2,1
28016,1549026,OR1D2,1
28017,1549026,OR1D5,1
28018,1549026,OR1E1_OR1E5_OR1E6_OR1E9P,0
28019,1549026,OR1E2_OR1E4,0
28020,1549026,OR1F1,0
28021,1549026,OR1F12P_OR1F12,1
28022,1549026,OR1G1_OR1G2,0
28023,1549026,OR1I1,0
28024,1549026,OR1J1,0
28025,1549026,OR1J2_OR1J3_OR1J5,0
28026,1549026,OR1J4,0
28027,1549026,OR1K1,0
28028,1549026,OR1L1_OR1L2,0
28029,1549026,OR1L3,0
28030,1549026,OR1L4_OR1L5,0
28031,1549026,OR1L6_OR1L7,0
28032,1549026,OR1L8,0
28033,1549026,OR1M1,0
28034,1549026,OR1N1_OR1N3,0
28035,1549026,OR1N2,0
28036,1549026,OR1Q1_OR1Q2_OR1Q3,0
28037,1549026,OR1S1,0
28038,1549026,OR1S2,0
28039,1549026,OR2A1,1
28040,1549026,OR2A12_OR2A12P,0
28041,1549026,OR2A14,0
28042,1549026,OR2A14_OR2A14P_OR2A6,1
28043,1549026,OR2A25_OR2A25P_OR2A27,1
28044,1549026,OR2A25_OR2A25P_OR2A27,1
28045,1549026,OR2A25_OR2A25P_OR2A27,1
28046,1549026,OR2A25_OR2A25P_OR2A27,1
28047,1549026,OR2A25_OR2A25P_OR2A27,1
28048,1549026,OR2A25_OR2A25P_OR2A27,1
28049,1549026,OR2A25_OR2A25P_OR2A27,1
28050,1549026,OR2A25_OR2A25P_OR2A27,1
28051,1549026,OR2A25_OR2A25P_OR2A27,1
28052,1549026,OR2A25_OR2A25P_OR2A27,1
28053,1549026,OR2A2_OR2A17P_OR2A2P,0
28054,1549026,OR2A4_OR2A10,0
28055,1549026,OR2A5_OR2A26_OR2A8,0
28056,1549026,OR2A7,0
28057,1549026,OR2AE1_OR2AE2,0
28058,1549026,OR2AG1_OR2AG3,0
28059,1549026,OR2AG2_OR2AG2P,0
28060,1549026,OR2AJ1_OR2AJ1P,0
28061,1549026,OR2AK2_OR2AK1P,0
28062,1549026,OR2AP1_OR2AP1P,0
28063,1549026,OR2AT4,0
28064,1549026,OR2B11,0
28065,1549026,OR2B2_OR2B9,0
28066,1549026,OR2B3_OR2B3P,0
28067,1549026,OR2B6,0
28068,1549026,OR2B8P_OR2B8,0
28069,1549026,OR2C1,0
28070,1549026,OR2C3_OR2C4_OR2C5P,1
28071,1549026,OR2D2_OR2D1,0
28072,1549026,OR2D3,0
28073,1549026,OR2F1_OR2F3_OR2F3P_OR2F4_OR2F5,0
28074,1549026,OR2F2,0
28075,1549026,OR2G2,0
28076,1549026,OR2G3,0
28077,1549026,OR2G6,0
28078,1549026,OR2H1_OR2H6_OR2H8,0
28079,1549026,OR2H2_OR2H3,1
28080,1549026,OR2J1_OR2J1P,0
28081,1549026,OR2J2,1
28082,1549026,OR2J3,1
28083,1549026,OR2J3,1
28084,1549026,OR2J3,1
28085,1549026,OR2J3,1
28086,1549026,OR2J3,1
28087,1549026,OR2K2_OR2AR1P,0
28088,1549026,OR2L13_OR2L14,0
28089,1549026,OR2L2_OR2L12_OR2L4P,0
28090,1549026,OR2L3,0
28091,1549026,OR2L5_OR2L11,1
28092,1549026,OR2L8,0
28093,1549026,OR2M2,1
28094,1549026,OR2M3_OR2M3P_OR2M6,0
28095,1549026,OR2M4,0
28096,1549026,OR2M5,1
28097,1549026,OR2M7,0
28098,1549026,OR2S2,0
28099,1549026,OR2T1,0
28100,1549026,OR2T10,0
28101,1549026,OR2T11,0
28102,1549026,OR2T29,0
28103,1549026,OR2T2_OR2T2P,0
28104,1549026,OR2T3,0
28105,1549026,OR2T33,1
28106,1549026,OR2T34,0
28107,1549026,OR2T35,1
28108,1549026,OR2T35,1
28109,1549026,OR2T35,1
28110,1549026,OR2T4,0
28111,1549026,OR2T5,0
28112,1549026,OR2T6_OR2T6P_OR2T9,0
28113,1549026,OR2T8_OR2T8P,1
28114,1549026,OR2V1,0
28115,1549026,OR2V2_OR2V3,0
28116,1549026,OR2W1,1
28117,1549026,OR2W1,1
28118,1549026,OR2W1,1
28119,1549026,OR2W1,1
28120,1549026,OR2W3_OR2W3P_OR2W8P,0
28121,1549026,OR2W5P_OR2W5,0
28122,1549026,OR2Y1,0
28123,1549026,OR2Z1_OR2Z2,0
28124,1549026,OR3A1,1
28125,1549026,OR3A2,0
28126,1549026,OR3A3_OR3A6_OR3A7_OR3A8P,0
28127,1549026,OR3A4P_OR3A4_OR3A5P,0
28128,1549026,OR4A15,0
28129,1549026,OR4A16,0
28130,1549026,OR4A47,0
28131,1549026,OR4A4P,0
28132,1549026,OR4A5,1
28133,1549026,OR4B1,0
28134,1549026,OR4C11_OR4C11P,0
28135,1549026,OR4C12,1
28136,1549026,OR4C15,0
28137,1549026,OR4C16,1
28138,1549026,OR4C3,0
28139,1549026,OR4C46,0
28140,1549026,OR4C5,0
28141,1549026,OR4C6,0
28142,1549026,OR4D10_OR4D10P,0
28143,1549026,OR4D1_OR4D3,0
28144,1549026,OR4D2,0
28145,1549026,OR4D5,1
28146,1549026,OR4D6,0
28147,1549026,OR4D9,0
28148,1549026,OR4E2,0
28149,1549026,OR4F14,0
28150,1549026,OR4F15,0
28151,1549026,OR4F17_OR4F11P_OR4F18_OR4F19,1
28152,1549026,OR4F21_OR4F21P,1
28153,1549026,OR4F3,0
28154,1549026,OR4F4,1
28155,1549026,OR4F6_OR4F12,0
28156,1549026,OR4K1,0
28157,1549026,OR4K13,0
28158,1549026,OR4K15,1
28159,1549026,OR4K17,0
28160,1549026,OR4K2,0
28161,1549026,OR4K3_OR4K3P,0
28162,1549026,OR4K5,0
28163,1549026,OR4L1_OR4L2P,1
28164,1549026,OR4M1,1
28165,1549026,OR4M1,1
28166,1549026,OR4M2B,0
28167,1549026,OR4N2,0
28168,1549026,OR4N4,0
28169,1549026,OR4P4_OR4P3P,0
28170,1549026,OR4Q3_OR4Q4,0
28171,1549026,OR4S1,0
28172,1549026,OR4S2_OR4S2P,0
28173,1549026,OR4X1,0
28174,1549026,OR4X2,0
28175,1549026,OR51A2,0
28176,1549026,OR51A4,0
28177,1549026,OR51B2_OR51B1P,0
28178,1549026,OR51B4,1
28179,1549026,OR51B4,1
28180,1549026,OR51B5,0
28181,1549026,OR51B6,0
28182,1549026,OR51D1,0
28183,1549026,OR51E1_OR51E1P_OR52A3P,1
28184,1549026,OR51E1_OR51E1P_OR52A3P,1
28185,1549026,OR51E2,0
28186,1549026,OR51F1_OR51F1P,0
28187,1549026,OR51F2,0
28188,1549026,OR51G1_OR51G3P,0
28189,1549026,OR51G2,0
28190,1549026,OR51H1_OR51H1P,0
28191,1549026,OR51I1,0
28192,1549026,OR51I2,0
28193,1549026,OR51J1_OR51J1P_OR51J2,0
28194,1549026,OR51L1,0
28195,1549026,OR51M1,1
28196,1549026,OR51Q1,0
28197,1549026,OR51S1,1
28198,1549026,OR51T1,0
28199,1549026,OR51V1_OR51A12,1
28200,1549026,OR52A1,0
28201,1549026,OR52A4P_OR52A4,1
28202,1549026,OR52A5,1
28203,1549026,OR52B2,0
28204,1549026,OR52B4,0
28205,1549026,OR52B6,0
28206,1549026,OR52D1,0
28207,1549026,OR52E2,0
28208,1549026,OR52E4,1
28209,1549026,OR52E5,1
28210,1549026,OR52E6,0
28211,1549026,OR52E8,0
28212,1549026,OR52H1,1
28213,1549026,OR52I2,0
28214,1549026,OR52J3,0
28215,1549026,OR52K1,0
28216,1549026,OR52K2,0
28217,1549026,OR52L1,0
28218,1549026,OR52L2P_OR52L2,0
28219,1549026,OR52M1_OR52M1P,0
28220,1549026,OR52N1,0
28221,1549026,OR52N2,1
28222,1549026,OR52N4,0
28223,1549026,OR52N5,1
28224,1549026,OR52P1_OR52P1P,0
28225,1549026,OR52R1,0
28226,1549026,OR52W1_OR52W1P,1
28227,1549026,OR52W1_OR52W1P,1
28228,1549026,OR56A1,0
28229,1549026,OR56A3_OR56A3P_OR56A6,0
28230,1549026,OR56A4,1
28231,1549026,OR56A5_OR56A5P,0
28232,1549026,OR56B1_OR56B1P,1
28233,1549026,OR56B4,0
28234,1549026,OR5A1_OR5A1P,0
28235,1549026,OR5A2,0
28236,1549026,OR5AC2,0
28237,1549026,OR5AK2,0
28238,1549026,OR5AK3P_OR5AK3,0
28239,1549026,OR5AL1_OR5AL1P,0
28240,1549026,OR5AN1,0
28241,1549026,OR5AP2,0
28242,1549026,OR5AR1,0
28243,1549026,OR5AS1,0
28244,1549026,OR5AU1,0
28245,1549026,OR5B12_OR5B12P_OR5B16,0
28246,1549026,OR5B17_OR5B20P,0
28247,1549026,OR5B2,0
28248,1549026,OR5B21,0
28249,1549026,OR5B3_OR5B13,0
28250,1549026,OR5C1_OR5C2P,0
28251,1549026,OR5D13,0
28252,1549026,OR5D14,0
28253,1549026,OR5D16,0
28254,1549026,OR5D18,0
28255,1549026,OR5F1,1
28256,1549026,OR5H1,0
28257,1549026,OR5H14,0
28258,1549026,OR5H2,0
28259,1549026,OR5H6,0
28260,1549026,OR5I1,0
28261,1549026,OR5J2,1
28262,1549026,OR5J2,1
28263,1549026,OR5J2,1
28264,1549026,OR5K1,0
28265,1549026,OR5K2,0
28266,1549026,OR5K3,0
28267,1549026,OR5K4,1
28268,1549026,OR5L1,0
28269,1549026,OR5M1,0
28270,1549026,OR5M10,1
28271,1549026,OR5M11,1
28272,1549026,OR5M8,0
28273,1549026,OR5M9,1
28274,1549026,OR5P2,0
28275,1549026,OR5P3,0
28276,1549026,OR5T1_OR5T1P,0
28277,1549026,OR5T2,0
28278,1549026,OR5T3,0
28279,1549026,OR5V1,0
28280,1549026,OR5W2_OR5W2P_OR5W3P,0
28281,1549026,OR6A2_OR6A1_OR6A2P,0
28282,1549026,OR6B1,0
28283,1549026,OR6B2_OR6B2P,0
28284,1549026,OR6B3_OR6B3P,0
28285,1549026,OR6C1,0
28286,1549026,OR6C2,0
28287,1549026,OR6C3,0
28288,1549026,OR6C4,0
28289,1549026,OR6C6,0
28290,1549026,OR6C65,0
28291,1549026,OR6C68,1
28292,1549026,OR6C70,0
28293,1549026,OR6C74,0
28294,1549026,OR6C75,0
28295,1549026,OR6C76,0
28296,1549026,OR6F1,0
28297,1549026,OR6J1_OR6J2,1
28298,1549026,OR6K2,0
28299,1549026,OR6K3,1
28300,1549026,OR6K6,0
28301,1549026,OR6M1,0
28302,1549026,OR6N1,0
28303,1549026,OR6N2,0
28304,1549026,OR6P1,0
28305,1549026,OR6Q1,0
28306,1549026,OR6S1,0
28307,1549026,OR6T1,0
28308,1549026,OR6V1,0
28309,1549026,OR6X1,1
28310,1549026,OR6Y1_OR6Y2,0
28311,1549026,OR7A10,0
28312,1549026,OR7A17,0
28313,1549026,OR7A5,0
28314,1549026,OR7C1_OR7C4,0
28315,1549026,OR7D2,0
28316,1549026,OR7D4_OR7D4P,0
28317,1549026,OR7E24_OR7E24P,0
28318,1549026,OR7G2,0
28319,1549026,OR7G3,0
28320,1549026,OR8A1,0
28321,1549026,OR8B12,0
28322,1549026,OR8B2,1
28323,1549026,OR8B2,1
28324,1549026,OR8B3,1
28325,1549026,OR8B4_OR8B4P,0
28326,1549026,OR8B8,0
28327,1549026,OR8D1_OR8D3,0
28328,1549026,OR8D2,0
28329,1549026,OR8D4,0
28330,1549026,OR8G1_OR8G1P,0
28331,1549026,OR8G5_OR8G5P_OR8G6,0
28332,1549026,OR8H1,0
28333,1549026,OR8H2,0
28334,1549026,OR8H3,0
28335,1549026,OR8I2,0
28336,1549026,OR8J1,0
28337,1549026,OR8J3,0
28338,1549026,OR8K1,0
28339,1549026,OR8K3,0
28340,1549026,OR8K5,0
28341,1549026,OR8S1,0
28342,1549026,OR8U1,0
28343,1549026,OR8U3_OR5R1_OR5R1P,0
28344,1549026,OR8U8,0
28345,1549026,OR8U9,0
28346,1549026,OR9A2,0
28347,1549026,OR9A4,1
28348,1549026,OR9G4,0
28349,1549026,OR9G9,0
28350,1549026,OR9I1,0
28351,1549026,OR9K2,0
28352,1549026,OR9Q1,0
28353,1549026,OR9Q2,0
28354,1549026,OR9Q2_OR9Q2P,0
28355,1550846,OR1D2,1
28356,1551246,OR1A1,0
28357,1551246,OR1A2,0
28358,1551246,OR1G1_OR1G2,0
28359,1551246,OR52D1,1
28360,2724032,OR1A1,1
28361,3017923,OR1D2,1
28362,3018619,OR1A1,0
28363,3018619,OR2M3_OR2M3P_OR2M6,0
28364,3018619,OR2W1,0
28365,3018619,OR5K1,0
28366,3018619,OR5M3,0
28367,3018619,OR8D1_OR8D3,0
28368,3033030,OR1D2,1
28369,3033871,OR1D2,1
28370,3354132,OR1G1_OR1G2,1
28371,3354132,OR1G1_OR1G2,1
28372,3354132,OR1G1_OR1G2,1
28373,3354132,OR1L3,0
28374,3354132,OR2B3_OR2B3P,0
28375,3354132,OR2G2,1
28376,3354132,OR2G2,1
28377,3354132,OR2G2,1
28378,3354132,OR2G2,1
28379,3354132,OR2G2,1
28380,3354132,OR2G2,1
28381,3354132,OR2M4,0
28382,3354132,OR2T10,1
28383,3354132,OR2T10,1
28384,3354132,OR2T10,1
28385,3354132,OR2T10,1
28386,3354132,OR2T10,1
28387,3354132,OR2T10,1
28388,3354132,OR2T34,0
28389,3354132,OR5AC2,1
28390,3354132,OR5AC2,1
28391,3354132,OR5AC2,1
28392,3354132,OR5AC2,1
28393,3354132,OR5AC2,1
28394,3354132,OR5B17_OR5B20P,0
28395,3847415,OR2W1,0
28396,4409936,OR1A1,0
28397,4409936,OR1A2,0
28398,5281167,OR10A2_OR10A2P,0
28399,5281167,OR10A3,0
28400,5281167,OR10A4_OR10A4P,0
28401,5281167,OR10A5_OR10A1,0
28402,5281167,OR10A6,1
28403,5281167,OR10A6,1
28404,5281167,OR10A7,0
28405,5281167,OR10AD1_OR10AD1P,0
28406,5281167,OR10AG1,0
28407,5281167,OR10C1_OR10C2,0
28408,5281167,OR10D3,0
28409,5281167,OR10G3,0
28410,5281167,OR10G4,0
28411,5281167,OR10G6_OR10G6P,0
28412,5281167,OR10G7,1
28413,5281167,OR10G8,0
28414,5281167,OR10G9_OR10G10P,0
28415,5281167,OR10H1,0
28416,5281167,OR10H2,0
28417,5281167,OR10H3,0
28418,5281167,OR10H4,0
28419,5281167,OR10H5,0
28420,5281167,OR10J1,0
28421,5281167,OR10J3_OR10J3P,0
28422,5281167,OR10J5,0
28423,5281167,OR10K1,0
28424,5281167,OR10K2,0
28425,5281167,OR10P1_OR10P1P_OR10P2P_OR10P3P,0
28426,5281167,OR10Q1,0
28427,5281167,OR10R2,0
28428,5281167,OR10S1,0
28429,5281167,OR10T2,0
28430,5281167,OR10V1,0
28431,5281167,OR10W1_OR10W1P,0
28432,5281167,OR10X1_OR10X1P,0
28433,5281167,OR10Z1,0
28434,5281167,OR11A1_OR11A2,0
28435,5281167,OR11G2,0
28436,5281167,OR11H1,0
28437,5281167,OR11H12,0
28438,5281167,OR11H2_OR11H2P,0
28439,5281167,OR11H4,0
28440,5281167,OR11H6,0
28441,5281167,OR11L1,0
28442,5281167,OR12D2,0
28443,5281167,OR12D3,0
28444,5281167,OR13A1,0
28445,5281167,OR13C2,0
28446,5281167,OR13C3,0
28447,5281167,OR13C4,0
28448,5281167,OR13C5,0
28449,5281167,OR13C8,0
28450,5281167,OR13C9,0
28451,5281167,OR13D1,0
28452,5281167,OR13F1,0
28453,5281167,OR13G1,0
28454,5281167,OR13H1,0
28455,5281167,OR13J1,0
28456,5281167,OR14A2_OR5AX1_OR5AX1P,0
28457,5281167,OR14C36_OR5BF1,0
28458,5281167,OR14I1_OR5BU1_OR5BU1P,0
28459,5281167,OR14J1_OR5U1,1
28460,5281167,OR14K1_OR5AY1,0
28461,5281167,OR14L1_OR14L1P_OR5AV1P,0
28462,5281167,OR1A1,1
28463,5281167,OR1A1,1
28464,5281167,OR1A2,0
28465,5281167,OR1C1,0
28466,5281167,OR1D2,0
28467,5281167,OR1D5,0
28468,5281167,OR1E1_OR1E5_OR1E6_OR1E9P,0
28469,5281167,OR1E2_OR1E4,0
28470,5281167,OR1F1,0
28471,5281167,OR1F12P_OR1F12,0
28472,5281167,OR1G1_OR1G2,0
28473,5281167,OR1I1,0
28474,5281167,OR1J1,1
28475,5281167,OR1J2_OR1J3_OR1J5,0
28476,5281167,OR1J4,0
28477,5281167,OR1K1,0
28478,5281167,OR1L1_OR1L2,0
28479,5281167,OR1L3,0
28480,5281167,OR1L4_OR1L5,0
28481,5281167,OR1L6_OR1L7,0
28482,5281167,OR1L8,0
28483,5281167,OR1M1,0
28484,5281167,OR1N1_OR1N3,0
28485,5281167,OR1N2,0
28486,5281167,OR1Q1_OR1Q2_OR1Q3,0
28487,5281167,OR1S1,0
28488,5281167,OR1S2,0
28489,5281167,OR2A1,0
28490,5281167,OR2A12_OR2A12P,0
28491,5281167,OR2A14,0
28492,5281167,OR2A14_OR2A14P_OR2A6,0
28493,5281167,OR2A25_OR2A25P_OR2A27,0
28494,5281167,OR2A2_OR2A17P_OR2A2P,0
28495,5281167,OR2A4_OR2A10,0
28496,5281167,OR2A5_OR2A26_OR2A8,0
28497,5281167,OR2A7,0
28498,5281167,OR2AE1_OR2AE2,0
28499,5281167,OR2AG1_OR2AG3,0
28500,5281167,OR2AG2_OR2AG2P,0
28501,5281167,OR2AJ1_OR2AJ1P,0
28502,5281167,OR2AK2_OR2AK1P,0
28503,5281167,OR2AP1_OR2AP1P,0
28504,5281167,OR2AT4,0
28505,5281167,OR2B11,0
28506,5281167,OR2B2_OR2B9,0
28507,5281167,OR2B3_OR2B3P,0
28508,5281167,OR2B6,0
28509,5281167,OR2B8P_OR2B8,0
28510,5281167,OR2C1,0
28511,5281167,OR2C3_OR2C4_OR2C5P,1
28512,5281167,OR2D2_OR2D1,0
28513,5281167,OR2D3,0
28514,5281167,OR2F1_OR2F3_OR2F3P_OR2F4_OR2F5,0
28515,5281167,OR2F2,0
28516,5281167,OR2G2,0
28517,5281167,OR2G3,0
28518,5281167,OR2G6,0
28519,5281167,OR2H1_OR2H6_OR2H8,0
28520,5281167,OR2H2_OR2H3,0
28521,5281167,OR2J1_OR2J1P,1
28522,5281167,OR2J2,1
28523,5281167,OR2J2,1
28524,5281167,OR2J3,1
28525,5281167,OR2J3,1
28526,5281167,OR2J3,1
28527,5281167,OR2J3,1
28528,5281167,OR2J3,1
28529,5281167,OR2J3,1
28530,5281167,OR2J3,1
28531,5281167,OR2J3,1
28532,5281167,OR2J3,1
28533,5281167,OR2J3,1
28534,5281167,OR2J3,1
28535,5281167,OR2J3,1
28536,5281167,OR2J3,1
28537,5281167,OR2J3,1
28538,5281167,OR2J3,1
28539,5281167,OR2J3,1
28540,5281167,OR2J3,1
28541,5281167,OR2J3,1
28542,5281167,OR2J3,1
28543,5281167,OR2K2_OR2AR1P,0
28544,5281167,OR2L13_OR2L14,0
28545,5281167,OR2L2_OR2L12_OR2L4P,0
28546,5281167,OR2L3,0
28547,5281167,OR2L5_OR2L11,0
28548,5281167,OR2L8,0
28549,5281167,OR2M2,0
28550,5281167,OR2M3_OR2M3P_OR2M6,0
28551,5281167,OR2M4,0
28552,5281167,OR2M5,0
28553,5281167,OR2M7,0
28554,5281167,OR2S2,0
28555,5281167,OR2T1,0
28556,5281167,OR2T10,0
28557,5281167,OR2T11,0
28558,5281167,OR2T29,0
28559,5281167,OR2T2_OR2T2P,0
28560,5281167,OR2T3,0
28561,5281167,OR2T33,0
28562,5281167,OR2T34,0
28563,5281167,OR2T35,0
28564,5281167,OR2T4,0
28565,5281167,OR2T5,0
28566,5281167,OR2T6_OR2T6P_OR2T9,0
28567,5281167,OR2T8_OR2T8P,0
28568,5281167,OR2V1,0
28569,5281167,OR2V2_OR2V3,0
28570,5281167,OR2W1,1
28571,5281167,OR2W1,1
28572,5281167,OR2W1,1
28573,5281167,OR2W1,1
28574,5281167,OR2W1,1
28575,5281167,OR2W3_OR2W3P_OR2W8P,0
28576,5281167,OR2W5P_OR2W5,0
28577,5281167,OR2Y1,0
28578,5281167,OR2Z1_OR2Z2,0
28579,5281167,OR3A1,0
28580,5281167,OR3A2,0
28581,5281167,OR3A3_OR3A6_OR3A7_OR3A8P,0
28582,5281167,OR3A4P_OR3A4_OR3A5P,0
28583,5281167,OR4A15,0
28584,5281167,OR4A16,0
28585,5281167,OR4A47,0
28586,5281167,OR4A4P,0
28587,5281167,OR4A5,0
28588,5281167,OR4B1,0
28589,5281167,OR4C11_OR4C11P,0
28590,5281167,OR4C12,0
28591,5281167,OR4C15,0
28592,5281167,OR4C16,0
28593,5281167,OR4C3,0
28594,5281167,OR4C46,0
28595,5281167,OR4C5,0
28596,5281167,OR4C6,0
28597,5281167,OR4D10_OR4D10P,0
28598,5281167,OR4D1_OR4D3,0
28599,5281167,OR4D2,0
28600,5281167,OR4D5,0
28601,5281167,OR4D6,0
28602,5281167,OR4D9,0
28603,5281167,OR4E2,0
28604,5281167,OR4F14,0
28605,5281167,OR4F15,0
28606,5281167,OR4F17_OR4F11P_OR4F18_OR4F19,0
28607,5281167,OR4F21_OR4F21P,0
28608,5281167,OR4F3,0
28609,5281167,OR4F4,0
28610,5281167,OR4F6_OR4F12,0
28611,5281167,OR4K1,0
28612,5281167,OR4K13,0
28613,5281167,OR4K15,0
28614,5281167,OR4K17,0
28615,5281167,OR4K2,0
28616,5281167,OR4K3_OR4K3P,0
28617,5281167,OR4K5,0
28618,5281167,OR4L1_OR4L2P,0
28619,5281167,OR4M1,0
28620,5281167,OR4M2B,0
28621,5281167,OR4N2,0
28622,5281167,OR4N4,0
28623,5281167,OR4P4_OR4P3P,0
28624,5281167,OR4Q3_OR4Q4,0
28625,5281167,OR4S1,0
28626,5281167,OR4S2_OR4S2P,1
28627,5281167,OR4X1,0
28628,5281167,OR4X2,0
28629,5281167,OR51A2,0
28630,5281167,OR51A4,0
28631,5281167,OR51A7,0
28632,5281167,OR51B2_OR51B1P,0
28633,5281167,OR51B4,1
28634,5281167,OR51B5,0
28635,5281167,OR51B6,0
28636,5281167,OR51D1,0
28637,5281167,OR51E1_OR51E1P_OR52A3P,0
28638,5281167,OR51E2,0
28639,5281167,OR51F1_OR51F1P,0
28640,5281167,OR51F2,0
28641,5281167,OR51G1_OR51G3P,0
28642,5281167,OR51G2,0
28643,5281167,OR51H1_OR51H1P,0
28644,5281167,OR51I1,0
28645,5281167,OR51I2,0
28646,5281167,OR51J1_OR51J1P_OR51J2,0
28647,5281167,OR51L1,0
28648,5281167,OR51M1,0
28649,5281167,OR51Q1,0
28650,5281167,OR51S1,0
28651,5281167,OR51T1,0
28652,5281167,OR51V1_OR51A12,0
28653,5281167,OR52A1,0
28654,5281167,OR52A4P_OR52A4,0
28655,5281167,OR52A5,0
28656,5281167,OR52B2,0
28657,5281167,OR52B4,0
28658,5281167,OR52B6,0
28659,5281167,OR52D1,0
28660,5281167,OR52E2,0
28661,5281167,OR52E4,0
28662,5281167,OR52E5,0
28663,5281167,OR52E6,0
28664,5281167,OR52E8,0
28665,5281167,OR52H1,1
28666,5281167,OR52I1,0
28667,5281167,OR52I2,0
28668,5281167,OR52J3,0
28669,5281167,OR52K1,0
28670,5281167,OR52K2,0
28671,5281167,OR52L1,0
28672,5281167,OR52L2P_OR52L2,0
28673,5281167,OR52M1_OR52M1P,0
28674,5281167,OR52N1,0
28675,5281167,OR52N2,0
28676,5281167,OR52N4,0
28677,5281167,OR52N5,0
28678,5281167,OR52P1_OR52P1P,0
28679,5281167,OR52R1,0
28680,5281167,OR52W1_OR52W1P,0
28681,5281167,OR56A1,0
28682,5281167,OR56A3_OR56A3P_OR56A6,0
28683,5281167,OR56A4,0
28684,5281167,OR56A5_OR56A5P,0
28685,5281167,OR56B1_OR56B1P,0
28686,5281167,OR56B4,0
28687,5281167,OR5A1_OR5A1P,0
28688,5281167,OR5A2,0
28689,5281167,OR5AC2,0
28690,5281167,OR5AK2,0
28691,5281167,OR5AK3P_OR5AK3,0
28692,5281167,OR5AL1_OR5AL1P,0
28693,5281167,OR5AN1,0
28694,5281167,OR5AP2,0
28695,5281167,OR5AR1,0
28696,5281167,OR5AS1,0
28697,5281167,OR5AU1,0
28698,5281167,OR5B12_OR5B12P_OR5B16,0
28699,5281167,OR5B17_OR5B20P,0
28700,5281167,OR5B2,0
28701,5281167,OR5B21,0
28702,5281167,OR5B3_OR5B13,0
28703,5281167,OR5C1_OR5C2P,0
28704,5281167,OR5D13,0
28705,5281167,OR5D14,0
28706,5281167,OR5D16,0
28707,5281167,OR5D18,0
28708,5281167,OR5F1,0
28709,5281167,OR5H1,0
28710,5281167,OR5H14,0
28711,5281167,OR5H2,0
28712,5281167,OR5H6,0
28713,5281167,OR5I1,0
28714,5281167,OR5J2,0
28715,5281167,OR5K1,0
28716,5281167,OR5K2,0
28717,5281167,OR5K3,0
28718,5281167,OR5K4,0
28719,5281167,OR5L1,0
28720,5281167,OR5M1,0
28721,5281167,OR5M10,0
28722,5281167,OR5M11,0
28723,5281167,OR5M3,0
28724,5281167,OR5M8,0
28725,5281167,OR5M9,0
28726,5281167,OR5P2,0
28727,5281167,OR5P3,1
28728,5281167,OR5P3,1
28729,5281167,OR5T1_OR5T1P,0
28730,5281167,OR5T2,0
28731,5281167,OR5T3,0
28732,5281167,OR5V1,0
28733,5281167,OR5W2_OR5W2P_OR5W3P,0
28734,5281167,OR6A2_OR6A1_OR6A2P,0
28735,5281167,OR6B1,0
28736,5281167,OR6B2_OR6B2P,0
28737,5281167,OR6B3_OR6B3P,0
28738,5281167,OR6C1,0
28739,5281167,OR6C2,0
28740,5281167,OR6C3,0
28741,5281167,OR6C4,0
28742,5281167,OR6C6,0
28743,5281167,OR6C65,0
28744,5281167,OR6C68,0
28745,5281167,OR6C70,0
28746,5281167,OR6C74,0
28747,5281167,OR6C75,0
28748,5281167,OR6C76,0
28749,5281167,OR6F1,0
28750,5281167,OR6J1_OR6J2,0
28751,5281167,OR6K2,0
28752,5281167,OR6K3,0
28753,5281167,OR6K6,0
28754,5281167,OR6M1,0
28755,5281167,OR6N1,0
28756,5281167,OR6N2,0
28757,5281167,OR6P1,0
28758,5281167,OR6Q1,0
28759,5281167,OR6S1,0
28760,5281167,OR6T1,0
28761,5281167,OR6V1,0
28762,5281167,OR6X1,0
28763,5281167,OR6Y1_OR6Y2,0
28764,5281167,OR7A10,0
28765,5281167,OR7A17,0
28766,5281167,OR7A5,0
28767,5281167,OR7C1_OR7C4,0
28768,5281167,OR7D2,0
28769,5281167,OR7D4_OR7D4P,0
28770,5281167,OR7E24_OR7E24P,0
28771,5281167,OR7G2,0
28772,5281167,OR7G3,0
28773,5281167,OR8A1,0
28774,5281167,OR8B12,0
28775,5281167,OR8B2,0
28776,5281167,OR8B3,0
28777,5281167,OR8B4_OR8B4P,0
28778,5281167,OR8B8,0
28779,5281167,OR8D1_OR8D3,0
28780,5281167,OR8D2,0
28781,5281167,OR8D4,0
28782,5281167,OR8G1_OR8G1P,0
28783,5281167,OR8G5_OR8G5P_OR8G6,0
28784,5281167,OR8H1,0
28785,5281167,OR8H2,0
28786,5281167,OR8H3,0
28787,5281167,OR8I2,0
28788,5281167,OR8J1,0
28789,5281167,OR8J3,0
28790,5281167,OR8K1,0
28791,5281167,OR8K3,0
28792,5281167,OR8K5,0
28793,5281167,OR8S1,0
28794,5281167,OR8U1,0
28795,5281167,OR8U3_OR5R1_OR5R1P,0
28796,5281167,OR8U8,0
28797,5281167,OR8U9,0
28798,5281167,OR9A2,0
28799,5281167,OR9A4,0
28800,5281167,OR9G4,0
28801,5281167,OR9G9,0
28802,5281167,OR9I1,0
28803,5281167,OR9K2,0
28804,5281167,OR9Q1,0
28805,5281167,OR9Q2,0
28806,5281167,OR9Q2_OR9Q2P,0
28807,5281168,OR1A1,0
28808,5281168,OR2M3_OR2M3P_OR2M6,0
28809,5281168,OR2W1,0
28810,5281168,OR5K1,0
28811,5281168,OR5M3,0
28812,5281168,OR8D1_OR8D3,0
28813,5281516,OR1A1,0
28814,5281516,OR1A2,0
28815,5282108,OR1A1,0
28816,5282108,OR1A2,1
28817,5282109,OR1D2,1
28818,5282110,OR1A1,0
28819,5282110,OR2M3_OR2M3P_OR2M6,0
28820,5282110,OR2W1,1
28821,5282110,OR2W1,1
28822,5282110,OR2W1,1
28823,5282110,OR2W1,1
28824,5282110,OR5K1,0
28825,5282110,OR5M3,0
28826,5282110,OR8D1_OR8D3,0
28827,5282379,OR51E2,0
28828,5283316,OR1A1,0
28829,5283316,OR2M3_OR2M3P_OR2M6,0
28830,5283316,OR2W1,1
28831,5283316,OR2W1,1
28832,5283316,OR2W1,1
28833,5283316,OR5K1,0
28834,5283316,OR5M3,0
28835,5283316,OR8D1_OR8D3,0
28836,5283335,OR1A1,0
28837,5283335,OR1A2,0
28838,5283335,OR1D2,1
28839,5283335,OR2M3_OR2M3P_OR2M6,0
28840,5283335,OR2W1,1
28841,5283335,OR2W1,1
28842,5283335,OR2W1,1
28843,5283335,OR5K1,0
28844,5283335,OR5M3,0
28845,5283335,OR8D1_OR8D3,0
28846,5283339,OR1A1,0
28847,5283339,OR1A2,0
28848,5283339,OR2M3_OR2M3P_OR2M6,0
28849,5283339,OR2W1,1
28850,5283339,OR2W1,1
28851,5283339,OR2W1,1
28852,5283339,OR5K1,0
28853,5283339,OR5M3,0
28854,5283339,OR8D1_OR8D3,0
28855,5283345,OR10A2_OR10A2P,0
28856,5283345,OR10A3,0
28857,5283345,OR10A4_OR10A4P,0
28858,5283345,OR10A5_OR10A1,0
28859,5283345,OR10A6,0
28860,5283345,OR10A7,0
28861,5283345,OR10AD1_OR10AD1P,0
28862,5283345,OR10AG1,0
28863,5283345,OR10C1_OR10C2,0
28864,5283345,OR10D3,0
28865,5283345,OR10G3,0
28866,5283345,OR10G4,0
28867,5283345,OR10G6_OR10G6P,0
28868,5283345,OR10G7,1
28869,5283345,OR10G8,0
28870,5283345,OR10G9_OR10G10P,0
28871,5283345,OR10H1,0
28872,5283345,OR10H2,0
28873,5283345,OR10H3,0
28874,5283345,OR10H4,0
28875,5283345,OR10H5,0
28876,5283345,OR10J1,0
28877,5283345,OR10J3_OR10J3P,0
28878,5283345,OR10J5,1
28879,5283345,OR10J5,1
28880,5283345,OR10K1,1
28881,5283345,OR10K2,0
28882,5283345,OR10P1_OR10P1P_OR10P2P_OR10P3P,0
28883,5283345,OR10Q1,0
28884,5283345,OR10R2,0
28885,5283345,OR10T2,1
28886,5283345,OR10V1,0
28887,5283345,OR10W1_OR10W1P,0
28888,5283345,OR10X1_OR10X1P,0
28889,5283345,OR10Z1,1
28890,5283345,OR11A1_OR11A2,0
28891,5283345,OR11G2,1
28892,5283345,OR11H1,1
28893,5283345,OR11H12,0
28894,5283345,OR11H2_OR11H2P,0
28895,5283345,OR11H4,0
28896,5283345,OR11H6,0
28897,5283345,OR11L1,1
28898,5283345,OR12D2,0
28899,5283345,OR12D3,0
28900,5283345,OR13A1,0
28901,5283345,OR13C2,0
28902,5283345,OR13C3,0
28903,5283345,OR13C4,0
28904,5283345,OR13C5,0
28905,5283345,OR13C8,0
28906,5283345,OR13C9,0
28907,5283345,OR13D1,0
28908,5283345,OR13F1,0
28909,5283345,OR13G1,1
28910,5283345,OR13H1,0
28911,5283345,OR13J1,0
28912,5283345,OR14A2_OR5AX1_OR5AX1P,1
28913,5283345,OR14A2_OR5AX1_OR5AX1P,1
28914,5283345,OR14C36_OR5BF1,1
28915,5283345,OR14I1_OR5BU1_OR5BU1P,0
28916,5283345,OR14J1_OR5U1,0
28917,5283345,OR14K1_OR5AY1,1
28918,5283345,OR14L1_OR14L1P_OR5AV1P,1
28919,5283345,OR1A1,1
28920,5283345,OR1A2,0
28921,5283345,OR1C1,1
28922,5283345,OR1D2,0
28923,5283345,OR1D5,0
28924,5283345,OR1E1_OR1E5_OR1E6_OR1E9P,0
28925,5283345,OR1E2_OR1E4,0
28926,5283345,OR1F1,0
28927,5283345,OR1F12P_OR1F12,0
28928,5283345,OR1G1_OR1G2,0
28929,5283345,OR1I1,1
28930,5283345,OR1J1,0
28931,5283345,OR1J2_OR1J3_OR1J5,0
28932,5283345,OR1J4,0
28933,5283345,OR1K1,0
28934,5283345,OR1L1_OR1L2,0
28935,5283345,OR1L3,0
28936,5283345,OR1L4_OR1L5,0
28937,5283345,OR1L6_OR1L7,0
28938,5283345,OR1L8,0
28939,5283345,OR1M1,0
28940,5283345,OR1N1_OR1N3,0
28941,5283345,OR1N2,1
28942,5283345,OR1Q1_OR1Q2_OR1Q3,0
28943,5283345,OR1S1,0
28944,5283345,OR1S2,0
28945,5283345,OR2A1,0
28946,5283345,OR2A12_OR2A12P,0
28947,5283345,OR2A14,0
28948,5283345,OR2A14_OR2A14P_OR2A6,0
28949,5283345,OR2A25_OR2A25P_OR2A27,0
28950,5283345,OR2A2_OR2A17P_OR2A2P,1
28951,5283345,OR2A4_OR2A10,1
28952,5283345,OR2A5_OR2A26_OR2A8,0
28953,5283345,OR2A7,0
28954,5283345,OR2AE1_OR2AE2,0
28955,5283345,OR2AG1_OR2AG3,0
28956,5283345,OR2AG2_OR2AG2P,0
28957,5283345,OR2AJ1_OR2AJ1P,0
28958,5283345,OR2AK2_OR2AK1P,0
28959,5283345,OR2AP1_OR2AP1P,0
28960,5283345,OR2AT4,0
28961,5283345,OR2B11,0
28962,5283345,OR2B2_OR2B9,0
28963,5283345,OR2B3_OR2B3P,0
28964,5283345,OR2B6,0
28965,5283345,OR2B8P_OR2B8,0
28966,5283345,OR2C1,1
28967,5283345,OR2C3_OR2C4_OR2C5P,1
28968,5283345,OR2D2_OR2D1,0
28969,5283345,OR2D3,0
28970,5283345,OR2F1_OR2F3_OR2F3P_OR2F4_OR2F5,0
28971,5283345,OR2F2,0
28972,5283345,OR2G2,1
28973,5283345,OR2G3,0
28974,5283345,OR2G6,0
28975,5283345,OR2H1_OR2H6_OR2H8,0
28976,5283345,OR2H2_OR2H3,0
28977,5283345,OR2J1_OR2J1P,0
28978,5283345,OR2J2,1
28979,5283345,OR2J3,0
28980,5283345,OR2K2_OR2AR1P,0
28981,5283345,OR2L13_OR2L14,0
28982,5283345,OR2L2_OR2L12_OR2L4P,1
28983,5283345,OR2L3,1
28984,5283345,OR2L5_OR2L11,0
28985,5283345,OR2L8,0
28986,5283345,OR2M2,0
28987,5283345,OR2M3_OR2M3P_OR2M6,0
28988,5283345,OR2M4,0
28989,5283345,OR2M5,0
28990,5283345,OR2M7,1
28991,5283345,OR2S2,0
28992,5283345,OR2T1,0
28993,5283345,OR2T10,0
28994,5283345,OR2T11,0
28995,5283345,OR2T29,1
28996,5283345,OR2T2_OR2T2P,0
28997,5283345,OR2T3,0
28998,5283345,OR2T33,0
28999,5283345,OR2T34,1
29000,5283345,OR2T35,0
29001,5283345,OR2T4,0
29002,5283345,OR2T5,0
29003,5283345,OR2T6_OR2T6P_OR2T9,0
29004,5283345,OR2T8_OR2T8P,0
29005,5283345,OR2V1,0
29006,5283345,OR2V2_OR2V3,0
29007,5283345,OR2W1,1
29008,5283345,OR2W3_OR2W3P_OR2W8P,1
29009,5283345,OR2W5P_OR2W5,0
29010,5283345,OR2Y1,0
29011,5283345,OR2Z1_OR2Z2,0
29012,5283345,OR3A1,0
29013,5283345,OR3A2,0
29014,5283345,OR3A3_OR3A6_OR3A7_OR3A8P,0
29015,5283345,OR3A4P_OR3A4_OR3A5P,0
29016,5283345,OR4A15,0
29017,5283345,OR4A16,0
29018,5283345,OR4A47,0
29019,5283345,OR4A4P,0
29020,5283345,OR4A5,0
29021,5283345,OR4B1,0
29022,5283345,OR4C11_OR4C11P,0
29023,5283345,OR4C12,0
29024,5283345,OR4C15,0
29025,5283345,OR4C16,1
29026,5283345,OR4C3,0
29027,5283345,OR4C46,0
29028,5283345,OR4C5,0
29029,5283345,OR4C6,0
29030,5283345,OR4D10_OR4D10P,0
29031,5283345,OR4D1_OR4D3,1
29032,5283345,OR4D2,0
29033,5283345,OR4D5,0
29034,5283345,OR4D6,0
29035,5283345,OR4D9,0
29036,5283345,OR4E2,0
29037,5283345,OR4F14,1
29038,5283345,OR4F15,0
29039,5283345,OR4F17_OR4F11P_OR4F18_OR4F19,1
29040,5283345,OR4F21_OR4F21P,0
29041,5283345,OR4F3,0
29042,5283345,OR4F4,1
29043,5283345,OR4F6_OR4F12,0
29044,5283345,OR4K1,0
29045,5283345,OR4K13,0
29046,5283345,OR4K15,0
29047,5283345,OR4K17,0
29048,5283345,OR4K2,0
29049,5283345,OR4K3_OR4K3P,0
29050,5283345,OR4K5,0
29051,5283345,OR4L1_OR4L2P,0
29052,5283345,OR4M1,0
29053,5283345,OR4M2B,0
29054,5283345,OR4N2,0
29055,5283345,OR4N4,0
29056,5283345,OR4P4_OR4P3P,0
29057,5283345,OR4Q3_OR4Q4,0
29058,5283345,OR4S1,0
29059,5283345,OR4S2_OR4S2P,0
29060,5283345,OR4X1,0
29061,5283345,OR4X2,0
29062,5283345,OR51A2,0
29063,5283345,OR51A4,0
29064,5283345,OR51B2_OR51B1P,0
29065,5283345,OR51B4,0
29066,5283345,OR51B5,0
29067,5283345,OR51B6,1
29068,5283345,OR51D1,0
29069,5283345,OR51E1_OR51E1P_OR52A3P,1
29070,5283345,OR51E2,0
29071,5283345,OR51F1_OR51F1P,0
29072,5283345,OR51F2,0
29073,5283345,OR51G1_OR51G3P,0
29074,5283345,OR51G2,0
29075,5283345,OR51H1_OR51H1P,0
29076,5283345,OR51I1,0
29077,5283345,OR51I2,0
29078,5283345,OR51J1_OR51J1P_OR51J2,0
29079,5283345,OR51L1,0
29080,5283345,OR51M1,0
29081,5283345,OR51Q1,0
29082,5283345,OR51S1,0
29083,5283345,OR51T1,0
29084,5283345,OR51V1_OR51A12,0
29085,5283345,OR52A1,0
29086,5283345,OR52A4P_OR52A4,0
29087,5283345,OR52A5,0
29088,5283345,OR52B2,0
29089,5283345,OR52B4,0
29090,5283345,OR52B6,0
29091,5283345,OR52D1,0
29092,5283345,OR52E2,0
29093,5283345,OR52E4,0
29094,5283345,OR52E5,0
29095,5283345,OR52E6,0
29096,5283345,OR52E8,0
29097,5283345,OR52H1,0
29098,5283345,OR52I2,0
29099,5283345,OR52J3,0
29100,5283345,OR52K1,0
29101,5283345,OR52K2,0
29102,5283345,OR52L1,0
29103,5283345,OR52L2P_OR52L2,0
29104,5283345,OR52M1_OR52M1P,0
29105,5283345,OR52N1,0
29106,5283345,OR52N2,1
29107,5283345,OR52N4,0
29108,5283345,OR52N5,0
29109,5283345,OR52P1_OR52P1P,0
29110,5283345,OR52R1,0
29111,5283345,OR52W1_OR52W1P,0
29112,5283345,OR56A1,0
29113,5283345,OR56A3_OR56A3P_OR56A6,0
29114,5283345,OR56A4,1
29115,5283345,OR56A5_OR56A5P,0
29116,5283345,OR56B1_OR56B1P,0
29117,5283345,OR56B4,0
29118,5283345,OR5A1_OR5A1P,0
29119,5283345,OR5A2,0
29120,5283345,OR5AC2,0
29121,5283345,OR5AK2,0
29122,5283345,OR5AK3P_OR5AK3,0
29123,5283345,OR5AL1_OR5AL1P,0
29124,5283345,OR5AN1,0
29125,5283345,OR5AP2,0
29126,5283345,OR5AR1,0
29127,5283345,OR5AS1,0
29128,5283345,OR5AU1,0
29129,5283345,OR5B12_OR5B12P_OR5B16,0
29130,5283345,OR5B17_OR5B20P,0
29131,5283345,OR5B2,0
29132,5283345,OR5B21,0
29133,5283345,OR5B3_OR5B13,0
29134,5283345,OR5C1_OR5C2P,0
29135,5283345,OR5D13,0
29136,5283345,OR5D14,0
29137,5283345,OR5D16,1
29138,5283345,OR5D18,0
29139,5283345,OR5F1,0
29140,5283345,OR5H1,1
29141,5283345,OR5H14,1
29142,5283345,OR5H2,0
29143,5283345,OR5H6,1
29144,5283345,OR5I1,0
29145,5283345,OR5J2,0
29146,5283345,OR5K1,1
29147,5283345,OR5K2,0
29148,5283345,OR5K3,0
29149,5283345,OR5K4,0
29150,5283345,OR5L1,1
29151,5283345,OR5M1,0
29152,5283345,OR5M10,0
29153,5283345,OR5M11,0
29154,5283345,OR5M3,0
29155,5283345,OR5M8,0
29156,5283345,OR5M9,0
29157,5283345,OR5P2,0
29158,5283345,OR5P3,0
29159,5283345,OR5T1_OR5T1P,1
29160,5283345,OR5T2,0
29161,5283345,OR5T3,0
29162,5283345,OR5V1,0
29163,5283345,OR5W2_OR5W2P_OR5W3P,1
29164,5283345,OR6A2_OR6A1_OR6A2P,0
29165,5283345,OR6B1,0
29166,5283345,OR6B2_OR6B2P,0
29167,5283345,OR6B3_OR6B3P,0
29168,5283345,OR6C1,0
29169,5283345,OR6C2,0
29170,5283345,OR6C3,0
29171,5283345,OR6C4,0
29172,5283345,OR6C6,0
29173,5283345,OR6C65,0
29174,5283345,OR6C68,0
29175,5283345,OR6C70,0
29176,5283345,OR6C74,0
29177,5283345,OR6C75,0
29178,5283345,OR6C76,0
29179,5283345,OR6F1,1
29180,5283345,OR6J1_OR6J2,1
29181,5283345,OR6K2,0
29182,5283345,OR6K3,0
29183,5283345,OR6K6,0
29184,5283345,OR6M1,0
29185,5283345,OR6N1,1
29186,5283345,OR6N2,1
29187,5283345,OR6P1,1
29188,5283345,OR6Q1,0
29189,5283345,OR6S1,0
29190,5283345,OR6T1,0
29191,5283345,OR6V1,0
29192,5283345,OR6X1,0
29193,5283345,OR6Y1_OR6Y2,1
29194,5283345,OR7A10,0
29195,5283345,OR7A17,0
29196,5283345,OR7A5,0
29197,5283345,OR7C1_OR7C4,0
29198,5283345,OR7D2,0
29199,5283345,OR7D4_OR7D4P,0
29200,5283345,OR7E24_OR7E24P,0
29201,5283345,OR7G2,0
29202,5283345,OR7G3,0
29203,5283345,OR8A1,0
29204,5283345,OR8B12,0
29205,5283345,OR8B2,0
29206,5283345,OR8B3,0
29207,5283345,OR8B4_OR8B4P,0
29208,5283345,OR8B8,1
29209,5283345,OR8D1_OR8D3,0
29210,5283345,OR8D2,0
29211,5283345,OR8D4,0
29212,5283345,OR8G1_OR8G1P,1
29213,5283345,OR8G5_OR8G5P_OR8G6,0
29214,5283345,OR8H1,0
29215,5283345,OR8H2,0
29216,5283345,OR8H3,0
29217,5283345,OR8I2,0
29218,5283345,OR8J1,1
29219,5283345,OR8J3,0
29220,5283345,OR8K1,0
29221,5283345,OR8K3,0
29222,5283345,OR8K5,0
29223,5283345,OR8S1,0
29224,5283345,OR8U1,0
29225,5283345,OR8U3_OR5R1_OR5R1P,0
29226,5283345,OR8U8,0
29227,5283345,OR8U9,0
29228,5283345,OR9A2,0
29229,5283345,OR9A4,0
29230,5283345,OR9G4,0
29231,5283345,OR9G9,0
29232,5283345,OR9I1,0
29233,5283345,OR9K2,1
29234,5283345,OR9Q1,0
29235,5283345,OR9Q2,0
29236,5283345,OR9Q2_OR9Q2P,0
29237,5283349,OR1A1,1
29238,5283349,OR1A2,1
29239,5283349,OR1D2,1
29240,5283349,OR2M3_OR2M3P_OR2M6,0
29241,5283349,OR2W1,1
29242,5283349,OR2W1,1
29243,5283349,OR2W1,1
29244,5283349,OR5K1,0
29245,5283349,OR5M3,0
29246,5283349,OR8D1_OR8D3,0
29247,5283356,OR1A1,0
29248,5283356,OR2M3_OR2M3P_OR2M6,0
29249,5283356,OR2W1,0
29250,5283356,OR5K1,0
29251,5283356,OR5M3,0
29252,5283356,OR8D1_OR8D3,0
29253,5284507,OR1A1,1
29254,5284507,OR1A2,1
29255,5284507,OR1G1_OR1G2,0
29256,5284507,OR1L3,0
29257,5284507,OR2B3_OR2B3P,1
29258,5284507,OR2B3_OR2B3P,1
29259,5284507,OR2B3_OR2B3P,1
29260,5284507,OR2G2,0
29261,5284507,OR2M4,1
29262,5284507,OR2M4,1
29263,5284507,OR2M4,1
29264,5284507,OR2T10,0
29265,5284507,OR2T34,0
29266,5284507,OR5AC2,0
29267,5284507,OR5B17_OR5B20P,0
29268,5315892,OR1A1,0
29269,5315892,OR1D2,1
29270,5315892,OR2M3_OR2M3P_OR2M6,0
29271,5315892,OR2W1,1
29272,5315892,OR2W1,1
29273,5315892,OR2W1,1
29274,5315892,OR3A1,0
29275,5315892,OR5K1,0
29276,5315892,OR5M3,0
29277,5315892,OR8D1_OR8D3,0
29278,5315941,OR11A1_OR11A2,0
29279,5315941,OR5A1_OR5A1P,0
29280,5315941,OR5A2,1
29281,5315941,OR5AN1,1
29282,5319765,OR1A1,0
29283,5319765,OR2M3_OR2M3P_OR2M6,0
29284,5319765,OR2W1,1
29285,5319765,OR2W1,1
29286,5319765,OR2W1,1
29287,5319765,OR5K1,0
29288,5319765,OR5M3,0
29289,5319765,OR8D1_OR8D3,0
29290,5320191,OR2W1,1
29291,5320191,OR2W1,1
29292,5352435,OR1A1,0
29293,5352435,OR1A2,0
29294,5352435,OR1D2,1
29295,5352492,OR10A6,1
29296,5352837,OR1D2,1
29297,5354833,OR1A1,0
29298,5354833,OR2M3_OR2M3P_OR2M6,0
29299,5354833,OR2W1,0
29300,5354833,OR5K1,0
29301,5354833,OR5M3,0
29302,5354833,OR8D1_OR8D3,0
29303,5355293,OR11A1_OR11A2,0
29304,5355293,OR5A1_OR5A1P,0
29305,5355293,OR5A2,1
29306,5355853,OR1D2,1
29307,5355856,OR1D2,1
29308,5356421,OR51E2,0
29309,5362588,OR1A1,0
29310,5362588,OR2M3_OR2M3P_OR2M6,0
29311,5362588,OR2W1,0
29312,5362588,OR5K1,0
29313,5362588,OR5M3,0
29314,5362588,OR8D1_OR8D3,0
29315,5362620,OR1A1,1
29316,5362620,OR1A2,1
29317,5362620,OR2M3_OR2M3P_OR2M6,0
29318,5362620,OR2W1,1
29319,5362620,OR2W1,1
29320,5362620,OR5K1,0
29321,5362620,OR5M3,0
29322,5362620,OR8D1_OR8D3,0
29323,5362695,OR1A1,1
29324,5362695,OR1A2,1
29325,5362736,OR11A1_OR11A2,0
29326,5362736,OR5A1_OR5A1P,0
29327,5362736,OR5A2,1
29328,5362736,OR5AN1,1
29329,5362736,OR5AN1,1
29330,5362739,OR10A2_OR10A2P,0
29331,5362739,OR10A3,0
29332,5362739,OR10A4_OR10A4P,0
29333,5362739,OR10A5_OR10A1,0
29334,5362739,OR10A6,0
29335,5362739,OR10A7,0
29336,5362739,OR10AD1_OR10AD1P,0
29337,5362739,OR10AG1,0
29338,5362739,OR10C1_OR10C2,0
29339,5362739,OR10D3,0
29340,5362739,OR10G3,0
29341,5362739,OR10G4,0
29342,5362739,OR10G6_OR10G6P,0
29343,5362739,OR10G7,0
29344,5362739,OR10G8,0
29345,5362739,OR10G9_OR10G10P,0
29346,5362739,OR10H1,0
29347,5362739,OR10H2,0
29348,5362739,OR10H3,0
29349,5362739,OR10H4,0
29350,5362739,OR10H5,0
29351,5362739,OR10J1,0
29352,5362739,OR10J3_OR10J3P,0
29353,5362739,OR10J5,0
29354,5362739,OR10K1,0
29355,5362739,OR10K2,0
29356,5362739,OR10P1_OR10P1P_OR10P2P_OR10P3P,0
29357,5362739,OR10Q1,0
29358,5362739,OR10R2,0
29359,5362739,OR10S1,0
29360,5362739,OR10T2,0
29361,5362739,OR10V1,0
29362,5362739,OR10W1_OR10W1P,0
29363,5362739,OR10X1_OR10X1P,0
29364,5362739,OR10Z1,0
29365,5362739,OR11A1_OR11A2,0
29366,5362739,OR11G2,0
29367,5362739,OR11H1,0
29368,5362739,OR11H12,0
29369,5362739,OR11H2_OR11H2P,0
29370,5362739,OR11H4,0
29371,5362739,OR11H6,0
29372,5362739,OR11L1,0
29373,5362739,OR12D2,0
29374,5362739,OR12D3,0
29375,5362739,OR13A1,0
29376,5362739,OR13C2,0
29377,5362739,OR13C3,0
29378,5362739,OR13C4,0
29379,5362739,OR13C5,0
29380,5362739,OR13C8,0
29381,5362739,OR13C9,0
29382,5362739,OR13D1,0
29383,5362739,OR13F1,0
29384,5362739,OR13G1,0
29385,5362739,OR13H1,0
29386,5362739,OR13J1,0
29387,5362739,OR14A2_OR5AX1_OR5AX1P,0
29388,5362739,OR14C36_OR5BF1,0
29389,5362739,OR14I1_OR5BU1_OR5BU1P,0
29390,5362739,OR14J1_OR5U1,0
29391,5362739,OR14K1_OR5AY1,0
29392,5362739,OR14L1_OR14L1P_OR5AV1P,0
29393,5362739,OR1A1,0
29394,5362739,OR1A2,0
29395,5362739,OR1C1,0
29396,5362739,OR1D2,0
29397,5362739,OR1D5,0
29398,5362739,OR1E1_OR1E5_OR1E6_OR1E9P,0
29399,5362739,OR1E2_OR1E4,0
29400,5362739,OR1F1,0
29401,5362739,OR1F12P_OR1F12,0
29402,5362739,OR1G1_OR1G2,0
29403,5362739,OR1I1,0
29404,5362739,OR1J1,0
29405,5362739,OR1J2_OR1J3_OR1J5,0
29406,5362739,OR1J4,0
29407,5362739,OR1K1,0
29408,5362739,OR1L1_OR1L2,0
29409,5362739,OR1L3,0
29410,5362739,OR1L4_OR1L5,0
29411,5362739,OR1L6_OR1L7,0
29412,5362739,OR1L8,0
29413,5362739,OR1M1,0
29414,5362739,OR1N1_OR1N3,0
29415,5362739,OR1N2,0
29416,5362739,OR1Q1_OR1Q2_OR1Q3,0
29417,5362739,OR1S1,0
29418,5362739,OR1S2,0
29419,5362739,OR2A1,0
29420,5362739,OR2A12_OR2A12P,0
29421,5362739,OR2A14_OR2A14P_OR2A6,0
29422,5362739,OR2A25_OR2A25P_OR2A27,0
29423,5362739,OR2A2_OR2A17P_OR2A2P,0
29424,5362739,OR2A4_OR2A10,0
29425,5362739,OR2A5_OR2A26_OR2A8,0
29426,5362739,OR2A7,0
29427,5362739,OR2AE1_OR2AE2,0
29428,5362739,OR2AG1_OR2AG3,0
29429,5362739,OR2AG2_OR2AG2P,0
29430,5362739,OR2AJ1_OR2AJ1P,0
29431,5362739,OR2AK2_OR2AK1P,0
29432,5362739,OR2AP1_OR2AP1P,0
29433,5362739,OR2AT4,0
29434,5362739,OR2B11,0
29435,5362739,OR2B2_OR2B9,0
29436,5362739,OR2B3_OR2B3P,0
29437,5362739,OR2B6,0
29438,5362739,OR2C1,0
29439,5362739,OR2C3_OR2C4_OR2C5P,0
29440,5362739,OR2D2_OR2D1,0
29441,5362739,OR2D3,0
29442,5362739,OR2F1_OR2F3_OR2F3P_OR2F4_OR2F5,0
29443,5362739,OR2F2,0
29444,5362739,OR2G2,0
29445,5362739,OR2G3,0
29446,5362739,OR2G6,0
29447,5362739,OR2H1_OR2H6_OR2H8,0
29448,5362739,OR2H2_OR2H3,0
29449,5362739,OR2J1_OR2J1P,0
29450,5362739,OR2J2,0
29451,5362739,OR2J3,0
29452,5362739,OR2K2_OR2AR1P,0
29453,5362739,OR2L13_OR2L14,0
29454,5362739,OR2L2_OR2L12_OR2L4P,0
29455,5362739,OR2L3,0
29456,5362739,OR2L5_OR2L11,0
29457,5362739,OR2L8,0
29458,5362739,OR2M2,0
29459,5362739,OR2M3_OR2M3P_OR2M6,0
29460,5362739,OR2M4,0
29461,5362739,OR2M7,0
29462,5362739,OR2S2,0
29463,5362739,OR2T1,0
29464,5362739,OR2T10,0
29465,5362739,OR2T11,0
29466,5362739,OR2T29,0
29467,5362739,OR2T2_OR2T2P,0
29468,5362739,OR2T3,0
29469,5362739,OR2T33,0
29470,5362739,OR2T34,0
29471,5362739,OR2T35,0
29472,5362739,OR2T4,0
29473,5362739,OR2T5,0
29474,5362739,OR2T6_OR2T6P_OR2T9,0
29475,5362739,OR2T8_OR2T8P,0
29476,5362739,OR2V1,0
29477,5362739,OR2V2_OR2V3,0
29478,5362739,OR2W1,0
29479,5362739,OR2W3_OR2W3P_OR2W8P,0
29480,5362739,OR2W5P_OR2W5,0
29481,5362739,OR2Y1,0
29482,5362739,OR2Z1_OR2Z2,0
29483,5362739,OR3A1,0
29484,5362739,OR3A2,0
29485,5362739,OR3A3_OR3A6_OR3A7_OR3A8P,0
29486,5362739,OR3A4P_OR3A4_OR3A5P,0
29487,5362739,OR4A15,0
29488,5362739,OR4A16,0
29489,5362739,OR4A47,0
29490,5362739,OR4A5,0
29491,5362739,OR4B1,0
29492,5362739,OR4C11_OR4C11P,0
29493,5362739,OR4C12,0
29494,5362739,OR4C15,0
29495,5362739,OR4C16,0
29496,5362739,OR4C3,0
29497,5362739,OR4C46,0
29498,5362739,OR4C5,0
29499,5362739,OR4C6,0
29500,5362739,OR4D10_OR4D10P,0
29501,5362739,OR4D1_OR4D3,0
29502,5362739,OR4D2,0
29503,5362739,OR4D5,0
29504,5362739,OR4D6,0
29505,5362739,OR4D9,0
29506,5362739,OR4E2,0
29507,5362739,OR4F15,0
29508,5362739,OR4F17_OR4F11P_OR4F18_OR4F19,0
29509,5362739,OR4F21_OR4F21P,0
29510,5362739,OR4F3,0
29511,5362739,OR4F4,0
29512,5362739,OR4F6_OR4F12,0
29513,5362739,OR4K1,0
29514,5362739,OR4K13,0
29515,5362739,OR4K15,0
29516,5362739,OR4K17,0
29517,5362739,OR4K2,0
29518,5362739,OR4K3_OR4K3P,0
29519,5362739,OR4K5,0
29520,5362739,OR4L1_OR4L2P,0
29521,5362739,OR4M1,0
29522,5362739,OR4N2,0
29523,5362739,OR4N4,0
29524,5362739,OR4P4_OR4P3P,0
29525,5362739,OR4Q3_OR4Q4,0
29526,5362739,OR4S1,0
29527,5362739,OR4S2_OR4S2P,0
29528,5362739,OR4X1,0
29529,5362739,OR4X2,0
29530,5362739,OR51A2,0
29531,5362739,OR51A4,0
29532,5362739,OR51A7,0
29533,5362739,OR51B2_OR51B1P,0
29534,5362739,OR51B4,0
29535,5362739,OR51B5,0
29536,5362739,OR51B6,0
29537,5362739,OR51D1,0
29538,5362739,OR51E1_OR51E1P_OR52A3P,0
29539,5362739,OR51E2,0
29540,5362739,OR51F1_OR51F1P,0
29541,5362739,OR51F2,0
29542,5362739,OR51G1_OR51G3P,0
29543,5362739,OR51G2,0
29544,5362739,OR51I1,0
29545,5362739,OR51I2,0
29546,5362739,OR51J1_OR51J1P_OR51J2,0
29547,5362739,OR51L1,0
29548,5362739,OR51M1,0
29549,5362739,OR51Q1,0
29550,5362739,OR51S1,0
29551,5362739,OR51T1,0
29552,5362739,OR51V1_OR51A12,0
29553,5362739,OR52A1,0
29554,5362739,OR52A4P_OR52A4,0
29555,5362739,OR52A5,0
29556,5362739,OR52B2,0
29557,5362739,OR52B4,0
29558,5362739,OR52B6,0
29559,5362739,OR52D1,0
29560,5362739,OR52E2,0
29561,5362739,OR52E4,0
29562,5362739,OR52E5,0
29563,5362739,OR52E6,0
29564,5362739,OR52E8,0
29565,5362739,OR52H1,0
29566,5362739,OR52I1,0
29567,5362739,OR52I2,0
29568,5362739,OR52J3,0
29569,5362739,OR52K1,0
29570,5362739,OR52K2,0
29571,5362739,OR52L1,0
29572,5362739,OR52M1_OR52M1P,0
29573,5362739,OR52N1,0
29574,5362739,OR52N2,0
29575,5362739,OR52N4,0
29576,5362739,OR52N5,0
29577,5362739,OR52R1,0
29578,5362739,OR52W1_OR52W1P,0
29579,5362739,OR56A1,0
29580,5362739,OR56A3_OR56A3P_OR56A6,0
29581,5362739,OR56A4,0
29582,5362739,OR56A5_OR56A5P,0
29583,5362739,OR56B1_OR56B1P,0
29584,5362739,OR56B4,0
29585,5362739,OR5A1_OR5A1P,0
29586,5362739,OR5A2,0
29587,5362739,OR5AC2,0
29588,5362739,OR5AK2,0
29589,5362739,OR5AL1_OR5AL1P,0
29590,5362739,OR5AN1,1
29591,5362739,OR5AP2,0
29592,5362739,OR5AR1,0
29593,5362739,OR5AS1,0
29594,5362739,OR5AU1,0
29595,5362739,OR5B12_OR5B12P_OR5B16,0
29596,5362739,OR5B17_OR5B20P,0
29597,5362739,OR5B2,0
29598,5362739,OR5B21,0
29599,5362739,OR5B3_OR5B13,0
29600,5362739,OR5C1_OR5C2P,0
29601,5362739,OR5D13,0
29602,5362739,OR5D14,0
29603,5362739,OR5D16,0
29604,5362739,OR5D18,0
29605,5362739,OR5F1,0
29606,5362739,OR5H1,0
29607,5362739,OR5H14,0
29608,5362739,OR5H2,0
29609,5362739,OR5H6,0
29610,5362739,OR5I1,0
29611,5362739,OR5J2,0
29612,5362739,OR5K1,0
29613,5362739,OR5K2,0
29614,5362739,OR5K3,0
29615,5362739,OR5K4,0
29616,5362739,OR5L1,0
29617,5362739,OR5M1,0
29618,5362739,OR5M10,0
29619,5362739,OR5M11,0
29620,5362739,OR5M3,0
29621,5362739,OR5M8,0
29622,5362739,OR5M9,0
29623,5362739,OR5P2,0
29624,5362739,OR5P3,0
29625,5362739,OR5T1_OR5T1P,0
29626,5362739,OR5T2,0
29627,5362739,OR5T3,0
29628,5362739,OR5V1,0
29629,5362739,OR5W2_OR5W2P_OR5W3P,0
29630,5362739,OR6A2_OR6A1_OR6A2P,0
29631,5362739,OR6B1,0
29632,5362739,OR6B2_OR6B2P,0
29633,5362739,OR6B3_OR6B3P,0
29634,5362739,OR6C1,0
29635,5362739,OR6C2,0
29636,5362739,OR6C3,0
29637,5362739,OR6C4,0
29638,5362739,OR6C6,0
29639,5362739,OR6C65,0
29640,5362739,OR6C68,0
29641,5362739,OR6C70,0
29642,5362739,OR6C74,0
29643,5362739,OR6C75,0
29644,5362739,OR6C76,0
29645,5362739,OR6F1,0
29646,5362739,OR6J1_OR6J2,0
29647,5362739,OR6K2,0
29648,5362739,OR6K3,0
29649,5362739,OR6K6,0
29650,5362739,OR6M1,0
29651,5362739,OR6N1,0
29652,5362739,OR6N2,0
29653,5362739,OR6P1,0
29654,5362739,OR6Q1,0
29655,5362739,OR6S1,0
29656,5362739,OR6T1,0
29657,5362739,OR6V1,0
29658,5362739,OR6X1,0
29659,5362739,OR6Y1_OR6Y2,0
29660,5362739,OR7A10,0
29661,5362739,OR7A17,0
29662,5362739,OR7A5,0
29663,5362739,OR7C1_OR7C4,0
29664,5362739,OR7D2,0
29665,5362739,OR7D4_OR7D4P,0
29666,5362739,OR7E24_OR7E24P,0
29667,5362739,OR7G2,0
29668,5362739,OR7G3,0
29669,5362739,OR8A1,0
29670,5362739,OR8B12,0
29671,5362739,OR8B2,0
29672,5362739,OR8B3,0
29673,5362739,OR8B4_OR8B4P,0
29674,5362739,OR8B8,0
29675,5362739,OR8D1_OR8D3,0
29676,5362739,OR8D2,0
29677,5362739,OR8D4,0
29678,5362739,OR8G1_OR8G1P,0
29679,5362739,OR8G5_OR8G5P_OR8G6,0
29680,5362739,OR8H1,0
29681,5362739,OR8H2,0
29682,5362739,OR8H3,0
29683,5362739,OR8I2,0
29684,5362739,OR8J1,0
29685,5362739,OR8J3,0
29686,5362739,OR8K1,0
29687,5362739,OR8K3,0
29688,5362739,OR8K5,0
29689,5362739,OR8S1,0
29690,5362739,OR8U1,0
29691,5362739,OR8U3_OR5R1_OR5R1P,0
29692,5362739,OR8U8,0
29693,5362739,OR8U9,0
29694,5362739,OR9A2,0
29695,5362739,OR9A4,0
29696,5362739,OR9G4,0
29697,5362739,OR9G9,0
29698,5362739,OR9I1,0
29699,5362739,OR9K2,0
29700,5362739,OR9Q1,0
29701,5362739,OR9Q2_OR9Q2P,0
29702,5362792,OR1D2,1
29703,5362814,OR1A1,0
29704,5362814,OR2M3_OR2M3P_OR2M6,0
29705,5362814,OR2W1,1
29706,5362814,OR2W1,1
29707,5362814,OR2W1,1
29708,5362814,OR5K1,0
29709,5362814,OR5M3,0
29710,5362814,OR8D1_OR8D3,0
29711,5362833,OR1A1,0
29712,5362833,OR2M3_OR2M3P_OR2M6,0
29713,5362833,OR2W1,1
29714,5362833,OR5K1,0
29715,5362833,OR5M3,0
29716,5362833,OR8D1_OR8D3,0
29717,5362881,OR10A2_OR10A2P,0
29718,5362881,OR10A3,0
29719,5362881,OR10A4_OR10A4P,0
29720,5362881,OR10A5_OR10A1,0
29721,5362881,OR10A6,1
29722,5362881,OR10A6,1
29723,5362881,OR10A7,0
29724,5362881,OR10AD1_OR10AD1P,0
29725,5362881,OR10AG1,0
29726,5362881,OR10C1_OR10C2,0
29727,5362881,OR10D3,0
29728,5362881,OR10G3,0
29729,5362881,OR10G4,0
29730,5362881,OR10G6_OR10G6P,0
29731,5362881,OR10G7,0
29732,5362881,OR10G8,0
29733,5362881,OR10G9_OR10G10P,0
29734,5362881,OR10H1,0
29735,5362881,OR10H2,0
29736,5362881,OR10H3,0
29737,5362881,OR10H4,0
29738,5362881,OR10H5,0
29739,5362881,OR10J1,0
29740,5362881,OR10J3_OR10J3P,0
29741,5362881,OR10J5,0
29742,5362881,OR10K1,0
29743,5362881,OR10P1_OR10P1P_OR10P2P_OR10P3P,0
29744,5362881,OR10Q1,0
29745,5362881,OR10R2,0
29746,5362881,OR10S1,0
29747,5362881,OR10T2,0
29748,5362881,OR10V1,0
29749,5362881,OR10W1_OR10W1P,0
29750,5362881,OR10X1_OR10X1P,0
29751,5362881,OR10Z1,0
29752,5362881,OR11A1_OR11A2,0
29753,5362881,OR11G2,0
29754,5362881,OR11H1,0
29755,5362881,OR11H12,0
29756,5362881,OR11H2_OR11H2P,0
29757,5362881,OR11H4,0
29758,5362881,OR11H6,0
29759,5362881,OR11L1,0
29760,5362881,OR12D2,0
29761,5362881,OR12D3,0
29762,5362881,OR13A1,0
29763,5362881,OR13C2,0
29764,5362881,OR13C3,0
29765,5362881,OR13C4,0
29766,5362881,OR13C5,0
29767,5362881,OR13C8,0
29768,5362881,OR13C9,0
29769,5362881,OR13D1,0
29770,5362881,OR13F1,0
29771,5362881,OR13G1,0
29772,5362881,OR13H1,0
29773,5362881,OR13J1,0
29774,5362881,OR14A2_OR5AX1_OR5AX1P,0
29775,5362881,OR14C36_OR5BF1,0
29776,5362881,OR14I1_OR5BU1_OR5BU1P,0
29777,5362881,OR14J1_OR5U1,0
29778,5362881,OR14K1_OR5AY1,0
29779,5362881,OR1A1,0
29780,5362881,OR1A2,0
29781,5362881,OR1C1,0
29782,5362881,OR1D2,0
29783,5362881,OR1D5,0
29784,5362881,OR1E1_OR1E5_OR1E6_OR1E9P,0
29785,5362881,OR1E2_OR1E4,0
29786,5362881,OR1F1,0
29787,5362881,OR1F12P_OR1F12,0
29788,5362881,OR1G1_OR1G2,0
29789,5362881,OR1I1,0
29790,5362881,OR1J1,0
29791,5362881,OR1J2_OR1J3_OR1J5,0
29792,5362881,OR1J4,0
29793,5362881,OR1K1,0
29794,5362881,OR1L1_OR1L2,0
29795,5362881,OR1L3,0
29796,5362881,OR1L4_OR1L5,0
29797,5362881,OR1L6_OR1L7,0
29798,5362881,OR1L8,0
29799,5362881,OR1M1,0
29800,5362881,OR1N1_OR1N3,0
29801,5362881,OR1N2,0
29802,5362881,OR1Q1_OR1Q2_OR1Q3,0
29803,5362881,OR1S1,0
29804,5362881,OR1S2,0
29805,5362881,OR2A1,0
29806,5362881,OR2A12_OR2A12P,0
29807,5362881,OR2A14_OR2A14P_OR2A6,0
29808,5362881,OR2A25_OR2A25P_OR2A27,0
29809,5362881,OR2A2_OR2A17P_OR2A2P,0
29810,5362881,OR2A4_OR2A10,0
29811,5362881,OR2A5_OR2A26_OR2A8,0
29812,5362881,OR2A7,0
29813,5362881,OR2AE1_OR2AE2,0
29814,5362881,OR2AG1_OR2AG3,0
29815,5362881,OR2AG2_OR2AG2P,0
29816,5362881,OR2AJ1_OR2AJ1P,0
29817,5362881,OR2AK2_OR2AK1P,0
29818,5362881,OR2AP1_OR2AP1P,0
29819,5362881,OR2AT4,0
29820,5362881,OR2B11,0
29821,5362881,OR2B2_OR2B9,0
29822,5362881,OR2B3_OR2B3P,0
29823,5362881,OR2B6,0
29824,5362881,OR2C1,0
29825,5362881,OR2C3_OR2C4_OR2C5P,0
29826,5362881,OR2D2_OR2D1,0
29827,5362881,OR2D3,0
29828,5362881,OR2F1_OR2F3_OR2F3P_OR2F4_OR2F5,0
29829,5362881,OR2F2,0
29830,5362881,OR2G2,0
29831,5362881,OR2G3,0
29832,5362881,OR2G6,0
29833,5362881,OR2H1_OR2H6_OR2H8,0
29834,5362881,OR2H2_OR2H3,0
29835,5362881,OR2J1_OR2J1P,0
29836,5362881,OR2J2,0
29837,5362881,OR2J3,0
29838,5362881,OR2K2_OR2AR1P,0
29839,5362881,OR2L13_OR2L14,0
29840,5362881,OR2L2_OR2L12_OR2L4P,0
29841,5362881,OR2L3,0
29842,5362881,OR2L5_OR2L11,0
29843,5362881,OR2L8,0
29844,5362881,OR2M2,0
29845,5362881,OR2M3_OR2M3P_OR2M6,0
29846,5362881,OR2M4,0
29847,5362881,OR2M7,0
29848,5362881,OR2S2,0
29849,5362881,OR2T1,0
29850,5362881,OR2T10,0
29851,5362881,OR2T11,0
29852,5362881,OR2T29,0
29853,5362881,OR2T2_OR2T2P,0
29854,5362881,OR2T3,0
29855,5362881,OR2T33,0
29856,5362881,OR2T34,0
29857,5362881,OR2T35,0
29858,5362881,OR2T4,0
29859,5362881,OR2T5,0
29860,5362881,OR2T6_OR2T6P_OR2T9,0
29861,5362881,OR2T8_OR2T8P,0
29862,5362881,OR2V1,0
29863,5362881,OR2V2_OR2V3,0
29864,5362881,OR2W1,0
29865,5362881,OR2W3_OR2W3P_OR2W8P,0
29866,5362881,OR2W5P_OR2W5,0
29867,5362881,OR2Y1,0
29868,5362881,OR2Z1_OR2Z2,0
29869,5362881,OR3A1,0
29870,5362881,OR3A2,0
29871,5362881,OR3A3_OR3A6_OR3A7_OR3A8P,0
29872,5362881,OR4A15,0
29873,5362881,OR4A16,0
29874,5362881,OR4A47,0
29875,5362881,OR4A5,0
29876,5362881,OR4B1,0
29877,5362881,OR4C11_OR4C11P,0
29878,5362881,OR4C12,0
29879,5362881,OR4C15,0
29880,5362881,OR4C16,0
29881,5362881,OR4C3,0
29882,5362881,OR4C46,0
29883,5362881,OR4C5,0
29884,5362881,OR4C6,0
29885,5362881,OR4D10_OR4D10P,0
29886,5362881,OR4D1_OR4D3,0
29887,5362881,OR4D2,0
29888,5362881,OR4D5,0
29889,5362881,OR4D6,0
29890,5362881,OR4D9,0
29891,5362881,OR4E2,0
29892,5362881,OR4F15,0
29893,5362881,OR4F17_OR4F11P_OR4F18_OR4F19,0
29894,5362881,OR4F21_OR4F21P,0
29895,5362881,OR4F3,0
29896,5362881,OR4F4,0
29897,5362881,OR4F6_OR4F12,0
29898,5362881,OR4K1,0
29899,5362881,OR4K13,0
29900,5362881,OR4K15,0
29901,5362881,OR4K17,0
29902,5362881,OR4K2,0
29903,5362881,OR4K5,0
29904,5362881,OR4L1_OR4L2P,0
29905,5362881,OR4M1,0
29906,5362881,OR4N2,0
29907,5362881,OR4N4,0
29908,5362881,OR4P4_OR4P3P,0
29909,5362881,OR4Q3_OR4Q4,0
29910,5362881,OR4S1,0
29911,5362881,OR4S2_OR4S2P,0
29912,5362881,OR4X1,0
29913,5362881,OR4X2,0
29914,5362881,OR51A2,0
29915,5362881,OR51A4,0
29916,5362881,OR51A7,0
29917,5362881,OR51B2_OR51B1P,0
29918,5362881,OR51B4,0
29919,5362881,OR51B5,0
29920,5362881,OR51B6,0
29921,5362881,OR51D1,0
29922,5362881,OR51E1_OR51E1P_OR52A3P,0
29923,5362881,OR51E2,0
29924,5362881,OR51F1_OR51F1P,0
29925,5362881,OR51F2,0
29926,5362881,OR51G1_OR51G3P,0
29927,5362881,OR51G2,0
29928,5362881,OR51I1,0
29929,5362881,OR51I2,0
29930,5362881,OR51J1_OR51J1P_OR51J2,0
29931,5362881,OR51L1,0
29932,5362881,OR51M1,0
29933,5362881,OR51Q1,0
29934,5362881,OR51S1,0
29935,5362881,OR51T1,0
29936,5362881,OR51V1_OR51A12,0
29937,5362881,OR52A1,0
29938,5362881,OR52A5,0
29939,5362881,OR52B2,0
29940,5362881,OR52B4,0
29941,5362881,OR52B6,0
29942,5362881,OR52D1,0
29943,5362881,OR52E2,0
29944,5362881,OR52E4,0
29945,5362881,OR52E5,0
29946,5362881,OR52E6,0
29947,5362881,OR52E8,0
29948,5362881,OR52H1,0
29949,5362881,OR52I1,0
29950,5362881,OR52I2,0
29951,5362881,OR52J3,0
29952,5362881,OR52K1,0
29953,5362881,OR52K2,0
29954,5362881,OR52L1,0
29955,5362881,OR52M1_OR52M1P,0
29956,5362881,OR52N1,0
29957,5362881,OR52N2,0
29958,5362881,OR52N4,0
29959,5362881,OR52N5,0
29960,5362881,OR52R1,0
29961,5362881,OR52W1_OR52W1P,0
29962,5362881,OR56A1,0
29963,5362881,OR56A3_OR56A3P_OR56A6,0
29964,5362881,OR56A4,0
29965,5362881,OR56A5_OR56A5P,0
29966,5362881,OR56B1_OR56B1P,0
29967,5362881,OR56B4,0
29968,5362881,OR5A1_OR5A1P,0
29969,5362881,OR5A2,0
29970,5362881,OR5AC2,0
29971,5362881,OR5AK2,0
29972,5362881,OR5AN1,0
29973,5362881,OR5AP2,0
29974,5362881,OR5AR1,0
29975,5362881,OR5AS1,0
29976,5362881,OR5AU1,0
29977,5362881,OR5B12_OR5B12P_OR5B16,0
29978,5362881,OR5B17_OR5B20P,0
29979,5362881,OR5B2,0
29980,5362881,OR5B21,0
29981,5362881,OR5B3_OR5B13,0
29982,5362881,OR5C1_OR5C2P,0
29983,5362881,OR5D13,0
29984,5362881,OR5D14,0
29985,5362881,OR5D16,0
29986,5362881,OR5D18,0
29987,5362881,OR5F1,0
29988,5362881,OR5H1,0
29989,5362881,OR5H14,0
29990,5362881,OR5H2,0
29991,5362881,OR5H6,0
29992,5362881,OR5I1,0
29993,5362881,OR5J2,0
29994,5362881,OR5K1,0
29995,5362881,OR5K2,0
29996,5362881,OR5K3,0
29997,5362881,OR5K4,0
29998,5362881,OR5L1,0
29999,5362881,OR5M1,0
30000,5362881,OR5M10,0
30001,5362881,OR5M11,0
30002,5362881,OR5M3,0
30003,5362881,OR5M8,0
30004,5362881,OR5M9,0
30005,5362881,OR5P2,0
30006,5362881,OR5P3,0
30007,5362881,OR5T1_OR5T1P,0
30008,5362881,OR5T2,0
30009,5362881,OR5T3,0
30010,5362881,OR5V1,0
30011,5362881,OR5W2_OR5W2P_OR5W3P,0
30012,5362881,OR6A2_OR6A1_OR6A2P,0
30013,5362881,OR6B1,0
30014,5362881,OR6B2_OR6B2P,0
30015,5362881,OR6B3_OR6B3P,0
30016,5362881,OR6C1,0
30017,5362881,OR6C2,0
30018,5362881,OR6C3,0
30019,5362881,OR6C4,0
30020,5362881,OR6C6,0
30021,5362881,OR6C65,0
30022,5362881,OR6C68,0
30023,5362881,OR6C70,0
30024,5362881,OR6C74,0
30025,5362881,OR6C75,0
30026,5362881,OR6C76,0
30027,5362881,OR6F1,0
30028,5362881,OR6J1_OR6J2,0
30029,5362881,OR6K2,0
30030,5362881,OR6K3,0
30031,5362881,OR6K6,0
30032,5362881,OR6M1,0
30033,5362881,OR6N1,0
30034,5362881,OR6N2,0
30035,5362881,OR6P1,0
30036,5362881,OR6Q1,0
30037,5362881,OR6S1,0
30038,5362881,OR6T1,0
30039,5362881,OR6V1,0
30040,5362881,OR6X1,0
30041,5362881,OR6Y1_OR6Y2,0
30042,5362881,OR7A10,0
30043,5362881,OR7A17,0
30044,5362881,OR7A5,0
30045,5362881,OR7C1_OR7C4,0
30046,5362881,OR7D2,0
30047,5362881,OR7D4_OR7D4P,0
30048,5362881,OR7E24_OR7E24P,0
30049,5362881,OR7G2,0
30050,5362881,OR7G3,0
30051,5362881,OR8A1,0
30052,5362881,OR8B12,0
30053,5362881,OR8B2,0
30054,5362881,OR8B3,0
30055,5362881,OR8B4_OR8B4P,0
30056,5362881,OR8B8,0
30057,5362881,OR8D1_OR8D3,0
30058,5362881,OR8D2,0
30059,5362881,OR8D4,0
30060,5362881,OR8G1_OR8G1P,0
30061,5362881,OR8G5_OR8G5P_OR8G6,0
30062,5362881,OR8H1,0
30063,5362881,OR8H2,0
30064,5362881,OR8H3,0
30065,5362881,OR8I2,0
30066,5362881,OR8J1,0
30067,5362881,OR8J3,0
30068,5362881,OR8K1,0
30069,5362881,OR8K3,0
30070,5362881,OR8K5,0
30071,5362881,OR8S1,0
30072,5362881,OR8U1,0
30073,5362881,OR8U3_OR5R1_OR5R1P,0
30074,5362881,OR8U8,0
30075,5362881,OR8U9,0
30076,5362881,OR9A2,0
30077,5362881,OR9A4,0
30078,5362881,OR9G4,0
30079,5362881,OR9G9,0
30080,5362881,OR9I1,0
30081,5362881,OR9K2,0
30082,5362881,OR9Q1,0
30083,5362881,OR9Q2_OR9Q2P,0
30084,5363388,OR1A1,0
30085,5363388,OR2M3_OR2M3P_OR2M6,0
30086,5363388,OR2W1,1
30087,5363388,OR2W1,1
30088,5363388,OR2W1,1
30089,5363388,OR5K1,0
30090,5363388,OR5M3,0
30091,5363388,OR8D1_OR8D3,0
30092,5363426,OR1D2,1
30093,5365703,OR10A2_OR10A2P,0
30094,5365703,OR10A3,0
30095,5365703,OR10A4_OR10A4P,0
30096,5365703,OR10A5_OR10A1,0
30097,5365703,OR10A6,0
30098,5365703,OR10A7,0
30099,5365703,OR10AD1_OR10AD1P,0
30100,5365703,OR10AG1,0
30101,5365703,OR10C1_OR10C2,0
30102,5365703,OR10D3,0
30103,5365703,OR10G3,0
30104,5365703,OR10G4,0
30105,5365703,OR10G6_OR10G6P,0
30106,5365703,OR10G7,0
30107,5365703,OR10G8,0
30108,5365703,OR10G9_OR10G10P,0
30109,5365703,OR10H1,0
30110,5365703,OR10H2,0
30111,5365703,OR10H3,0
30112,5365703,OR10H4,0
30113,5365703,OR10H5,0
30114,5365703,OR10J1,0
30115,5365703,OR10J3_OR10J3P,0
30116,5365703,OR10J5,0
30117,5365703,OR10K1,0
30118,5365703,OR10K2,0
30119,5365703,OR10P1_OR10P1P_OR10P2P_OR10P3P,0
30120,5365703,OR10Q1,0
30121,5365703,OR10R2,0
30122,5365703,OR10S1,0
30123,5365703,OR10T2,0
30124,5365703,OR10V1,0
30125,5365703,OR10W1_OR10W1P,0
30126,5365703,OR10X1_OR10X1P,0
30127,5365703,OR10Z1,0
30128,5365703,OR11A1_OR11A2,0
30129,5365703,OR11G2,0
30130,5365703,OR11H1,0
30131,5365703,OR11H12,0
30132,5365703,OR11H2_OR11H2P,0
30133,5365703,OR11H4,0
30134,5365703,OR11H6,0
30135,5365703,OR11L1,0
30136,5365703,OR12D2,0
30137,5365703,OR12D3,0
30138,5365703,OR13A1,0
30139,5365703,OR13C2,0
30140,5365703,OR13C3,0
30141,5365703,OR13C4,0
30142,5365703,OR13C5,0
30143,5365703,OR13C8,0
30144,5365703,OR13C9,0
30145,5365703,OR13D1,0
30146,5365703,OR13F1,0
30147,5365703,OR13G1,0
30148,5365703,OR13H1,0
30149,5365703,OR13J1,0
30150,5365703,OR14A2_OR5AX1_OR5AX1P,0
30151,5365703,OR14C36_OR5BF1,0
30152,5365703,OR14I1_OR5BU1_OR5BU1P,0
30153,5365703,OR14J1_OR5U1,0
30154,5365703,OR14K1_OR5AY1,0
30155,5365703,OR14L1_OR14L1P_OR5AV1P,0
30156,5365703,OR1A1,0
30157,5365703,OR1A2,0
30158,5365703,OR1C1,0
30159,5365703,OR1D2,0
30160,5365703,OR1D5,0
30161,5365703,OR1E1_OR1E5_OR1E6_OR1E9P,0
30162,5365703,OR1E2_OR1E4,0
30163,5365703,OR1F1,0
30164,5365703,OR1F12P_OR1F12,0
30165,5365703,OR1G1_OR1G2,0
30166,5365703,OR1I1,0
30167,5365703,OR1J1,0
30168,5365703,OR1J2_OR1J3_OR1J5,0
30169,5365703,OR1J4,0
30170,5365703,OR1K1,0
30171,5365703,OR1L1_OR1L2,0
30172,5365703,OR1L3,0
30173,5365703,OR1L4_OR1L5,0
30174,5365703,OR1L6_OR1L7,0
30175,5365703,OR1L8,0
30176,5365703,OR1M1,0
30177,5365703,OR1N1_OR1N3,0
30178,5365703,OR1N2,0
30179,5365703,OR1Q1_OR1Q2_OR1Q3,0
30180,5365703,OR1S1,0
30181,5365703,OR1S2,0
30182,5365703,OR2A1,0
30183,5365703,OR2A12_OR2A12P,0
30184,5365703,OR2A14_OR2A14P_OR2A6,0
30185,5365703,OR2A25_OR2A25P_OR2A27,0
30186,5365703,OR2A2_OR2A17P_OR2A2P,0
30187,5365703,OR2A4_OR2A10,0
30188,5365703,OR2A5_OR2A26_OR2A8,0
30189,5365703,OR2A7,0
30190,5365703,OR2AE1_OR2AE2,0
30191,5365703,OR2AG1_OR2AG3,0
30192,5365703,OR2AG2_OR2AG2P,0
30193,5365703,OR2AJ1_OR2AJ1P,0
30194,5365703,OR2AK2_OR2AK1P,0
30195,5365703,OR2AP1_OR2AP1P,0
30196,5365703,OR2AT4,0
30197,5365703,OR2B11,0
30198,5365703,OR2B2_OR2B9,0
30199,5365703,OR2B3_OR2B3P,0
30200,5365703,OR2B6,0
30201,5365703,OR2C1,0
30202,5365703,OR2C3_OR2C4_OR2C5P,0
30203,5365703,OR2D2_OR2D1,0
30204,5365703,OR2D3,0
30205,5365703,OR2F1_OR2F3_OR2F3P_OR2F4_OR2F5,0
30206,5365703,OR2F2,0
30207,5365703,OR2G2,0
30208,5365703,OR2G3,0
30209,5365703,OR2G6,0
30210,5365703,OR2H1_OR2H6_OR2H8,0
30211,5365703,OR2H2_OR2H3,0
30212,5365703,OR2J1_OR2J1P,0
30213,5365703,OR2J2,0
30214,5365703,OR2J3,0
30215,5365703,OR2K2_OR2AR1P,0
30216,5365703,OR2L13_OR2L14,0
30217,5365703,OR2L2_OR2L12_OR2L4P,0
30218,5365703,OR2L3,0
30219,5365703,OR2L5_OR2L11,0
30220,5365703,OR2L8,0
30221,5365703,OR2M2,0
30222,5365703,OR2M3_OR2M3P_OR2M6,0
30223,5365703,OR2M4,0
30224,5365703,OR2M7,0
30225,5365703,OR2S2,0
30226,5365703,OR2T1,0
30227,5365703,OR2T10,0
30228,5365703,OR2T11,0
30229,5365703,OR2T29,0
30230,5365703,OR2T2_OR2T2P,0
30231,5365703,OR2T3,0
30232,5365703,OR2T33,0
30233,5365703,OR2T34,0
30234,5365703,OR2T35,0
30235,5365703,OR2T4,0
30236,5365703,OR2T5,0
30237,5365703,OR2T6_OR2T6P_OR2T9,0
30238,5365703,OR2T8_OR2T8P,0
30239,5365703,OR2V1,0
30240,5365703,OR2V2_OR2V3,0
30241,5365703,OR2W1,0
30242,5365703,OR2W3_OR2W3P_OR2W8P,0
30243,5365703,OR2W5P_OR2W5,0
30244,5365703,OR2Y1,0
30245,5365703,OR2Z1_OR2Z2,0
30246,5365703,OR3A1,0
30247,5365703,OR3A2,0
30248,5365703,OR3A3_OR3A6_OR3A7_OR3A8P,0
30249,5365703,OR3A4P_OR3A4_OR3A5P,0
30250,5365703,OR4A15,0
30251,5365703,OR4A16,0
30252,5365703,OR4A47,0
30253,5365703,OR4A5,0
30254,5365703,OR4B1,0
30255,5365703,OR4C11_OR4C11P,0
30256,5365703,OR4C12,0
30257,5365703,OR4C15,0
30258,5365703,OR4C16,0
30259,5365703,OR4C3,0
30260,5365703,OR4C46,0
30261,5365703,OR4C5,0
30262,5365703,OR4C6,0
30263,5365703,OR4D10_OR4D10P,0
30264,5365703,OR4D1_OR4D3,0
30265,5365703,OR4D2,0
30266,5365703,OR4D5,0
30267,5365703,OR4D6,0
30268,5365703,OR4D9,0
30269,5365703,OR4E2,0
30270,5365703,OR4F15,0
30271,5365703,OR4F17_OR4F11P_OR4F18_OR4F19,0
30272,5365703,OR4F21_OR4F21P,0
30273,5365703,OR4F3,0
30274,5365703,OR4F4,0
30275,5365703,OR4F6_OR4F12,0
30276,5365703,OR4K1,0
30277,5365703,OR4K13,0
30278,5365703,OR4K15,0
30279,5365703,OR4K17,0
30280,5365703,OR4K2,0
30281,5365703,OR4K3_OR4K3P,0
30282,5365703,OR4K5,0
30283,5365703,OR4L1_OR4L2P,0
30284,5365703,OR4M1,0
30285,5365703,OR4N2,0
30286,5365703,OR4N4,0
30287,5365703,OR4P4_OR4P3P,0
30288,5365703,OR4Q3_OR4Q4,0
30289,5365703,OR4S1,0
30290,5365703,OR4S2_OR4S2P,0
30291,5365703,OR4X1,0
30292,5365703,OR4X2,0
30293,5365703,OR51A2,0
30294,5365703,OR51A4,0
30295,5365703,OR51A7,0
30296,5365703,OR51B2_OR51B1P,0
30297,5365703,OR51B4,0
30298,5365703,OR51B5,0
30299,5365703,OR51B6,0
30300,5365703,OR51D1,0
30301,5365703,OR51E1_OR51E1P_OR52A3P,0
30302,5365703,OR51E2,0
30303,5365703,OR51F1_OR51F1P,0
30304,5365703,OR51F2,0
30305,5365703,OR51G1_OR51G3P,0
30306,5365703,OR51G2,0
30307,5365703,OR51I1,0
30308,5365703,OR51I2,0
30309,5365703,OR51J1_OR51J1P_OR51J2,0
30310,5365703,OR51L1,0
30311,5365703,OR51M1,0
30312,5365703,OR51Q1,0
30313,5365703,OR51S1,0
30314,5365703,OR51T1,0
30315,5365703,OR51V1_OR51A12,0
30316,5365703,OR52A1,0
30317,5365703,OR52A4P_OR52A4,0
30318,5365703,OR52A5,0
30319,5365703,OR52B2,0
30320,5365703,OR52B4,0
30321,5365703,OR52B6,0
30322,5365703,OR52D1,0
30323,5365703,OR52E2,0
30324,5365703,OR52E4,0
30325,5365703,OR52E5,0
30326,5365703,OR52E6,0
30327,5365703,OR52E8,0
30328,5365703,OR52H1,0
30329,5365703,OR52I1,0
30330,5365703,OR52I2,0
30331,5365703,OR52J3,0
30332,5365703,OR52K1,0
30333,5365703,OR52K2,0
30334,5365703,OR52L1,0
30335,5365703,OR52M1_OR52M1P,0
30336,5365703,OR52N1,0
30337,5365703,OR52N2,0
30338,5365703,OR52N4,0
30339,5365703,OR52N5,0
30340,5365703,OR52R1,0
30341,5365703,OR52W1_OR52W1P,0
30342,5365703,OR56A1,0
30343,5365703,OR56A3_OR56A3P_OR56A6,0
30344,5365703,OR56A4,0
30345,5365703,OR56A5_OR56A5P,0
30346,5365703,OR56B1_OR56B1P,0
30347,5365703,OR56B4,0
30348,5365703,OR5A1_OR5A1P,0
30349,5365703,OR5A2,0
30350,5365703,OR5AC2,0
30351,5365703,OR5AK2,0
30352,5365703,OR5AL1_OR5AL1P,0
30353,5365703,OR5AN1,1
30354,5365703,OR5AP2,0
30355,5365703,OR5AR1,0
30356,5365703,OR5AS1,0
30357,5365703,OR5AU1,0
30358,5365703,OR5B12_OR5B12P_OR5B16,0
30359,5365703,OR5B17_OR5B20P,0
30360,5365703,OR5B2,0
30361,5365703,OR5B21,0
30362,5365703,OR5B3_OR5B13,0
30363,5365703,OR5C1_OR5C2P,0
30364,5365703,OR5D13,0
30365,5365703,OR5D14,0
30366,5365703,OR5D16,0
30367,5365703,OR5D18,0
30368,5365703,OR5F1,0
30369,5365703,OR5H1,0
30370,5365703,OR5H14,0
30371,5365703,OR5H2,0
30372,5365703,OR5H6,0
30373,5365703,OR5I1,0
30374,5365703,OR5J2,0
30375,5365703,OR5K1,0
30376,5365703,OR5K2,0
30377,5365703,OR5K3,0
30378,5365703,OR5K4,0
30379,5365703,OR5L1,0
30380,5365703,OR5M1,0
30381,5365703,OR5M10,0
30382,5365703,OR5M11,0
30383,5365703,OR5M3,0
30384,5365703,OR5M8,0
30385,5365703,OR5M9,0
30386,5365703,OR5P2,0
30387,5365703,OR5P3,0
30388,5365703,OR5T1_OR5T1P,0
30389,5365703,OR5T2,0
30390,5365703,OR5T3,0
30391,5365703,OR5V1,0
30392,5365703,OR5W2_OR5W2P_OR5W3P,0
30393,5365703,OR6A2_OR6A1_OR6A2P,0
30394,5365703,OR6B1,0
30395,5365703,OR6B2_OR6B2P,0
30396,5365703,OR6B3_OR6B3P,0
30397,5365703,OR6C1,0
30398,5365703,OR6C2,0
30399,5365703,OR6C3,0
30400,5365703,OR6C4,0
30401,5365703,OR6C6,0
30402,5365703,OR6C65,0
30403,5365703,OR6C68,0
30404,5365703,OR6C70,0
30405,5365703,OR6C74,0
30406,5365703,OR6C75,0
30407,5365703,OR6C76,0
30408,5365703,OR6F1,0
30409,5365703,OR6J1_OR6J2,0
30410,5365703,OR6K2,0
30411,5365703,OR6K3,0
30412,5365703,OR6K6,0
30413,5365703,OR6M1,0
30414,5365703,OR6N1,0
30415,5365703,OR6N2,0
30416,5365703,OR6P1,0
30417,5365703,OR6Q1,0
30418,5365703,OR6S1,0
30419,5365703,OR6T1,0
30420,5365703,OR6V1,0
30421,5365703,OR6X1,0
30422,5365703,OR6Y1_OR6Y2,0
30423,5365703,OR7A10,0
30424,5365703,OR7A17,0
30425,5365703,OR7A5,0
30426,5365703,OR7C1_OR7C4,0
30427,5365703,OR7D2,0
30428,5365703,OR7D4_OR7D4P,0
30429,5365703,OR7E24_OR7E24P,0
30430,5365703,OR7G2,0
30431,5365703,OR7G3,0
30432,5365703,OR8A1,0
30433,5365703,OR8B12,0
30434,5365703,OR8B2,0
30435,5365703,OR8B3,0
30436,5365703,OR8B4_OR8B4P,0
30437,5365703,OR8B8,0
30438,5365703,OR8D1_OR8D3,0
30439,5365703,OR8D2,0
30440,5365703,OR8D4,0
30441,5365703,OR8G1_OR8G1P,0
30442,5365703,OR8G5_OR8G5P_OR8G6,0
30443,5365703,OR8H1,0
30444,5365703,OR8H2,0
30445,5365703,OR8H3,0
30446,5365703,OR8I2,0
30447,5365703,OR8J1,0
30448,5365703,OR8J3,0
30449,5365703,OR8K1,0
30450,5365703,OR8K3,0
30451,5365703,OR8K5,0
30452,5365703,OR8S1,0
30453,5365703,OR8U1,0
30454,5365703,OR8U3_OR5R1_OR5R1P,0
30455,5365703,OR8U8,0
30456,5365703,OR8U9,0
30457,5365703,OR9A2,0
30458,5365703,OR9A4,0
30459,5365703,OR9G4,0
30460,5365703,OR9G9,0
30461,5365703,OR9I1,0
30462,5365703,OR9K2,0
30463,5365703,OR9Q1,0
30464,5365703,OR9Q2_OR9Q2P,0
30465,5366074,OR1A1,0
30466,5366074,OR1A2,0
30467,5366077,OR1G1_OR1G2,0
30468,5366077,OR1L3,1
30469,5366077,OR1L3,1
30470,5366077,OR1L3,1
30471,5366077,OR1L3,1
30472,5366077,OR1L3,1
30473,5366077,OR1L3,1
30474,5366077,OR2B3_OR2B3P,0
30475,5366077,OR2G2,1
30476,5366077,OR2G2,1
30477,5366077,OR2G2,1
30478,5366077,OR2G2,1
30479,5366077,OR2M4,1
30480,5366077,OR2M4,1
30481,5366077,OR2M4,1
30482,5366077,OR2M4,1
30483,5366077,OR2T10,1
30484,5366077,OR2T10,1
30485,5366077,OR2T10,1
30486,5366077,OR2T10,1
30487,5366077,OR2T10,1
30488,5366077,OR2T34,1
30489,5366077,OR2T34,1
30490,5366077,OR2T34,1
30491,5366077,OR2T34,1
30492,5366077,OR5AC2,1
30493,5366077,OR5AC2,1
30494,5366077,OR5AC2,1
30495,5366077,OR5AC2,1
30496,5366077,OR5AC2,1
30497,5366077,OR5B17_OR5B20P,0
30498,5367530,OR1A1,0
30499,5367530,OR1A2,0
30500,5371084,OR1G1_OR1G2,0
30501,5371084,OR1L3,0
30502,5371084,OR2B3_OR2B3P,0
30503,5371084,OR2G2,0
30504,5371084,OR2M4,0
30505,5371084,OR2T10,0
30506,5371084,OR2T34,0
30507,5371084,OR5AC2,0
30508,5371084,OR5B17_OR5B20P,0
30509,5374527,OR1A1,0
30510,5374527,OR1A2,0
30511,5374527,OR2M3_OR2M3P_OR2M6,0
30512,5374527,OR2W1,0
30513,5374527,OR5K1,0
30514,5374527,OR5M3,0
30515,5374527,OR8D1_OR8D3,0
30516,5460362,OR51E2,1
30517,5463791,OR1D2,1
30518,5702654,OR1A1,1
30519,5702654,OR1A2,1
30520,6040503,OR3A1,1
30521,6040503,OR3A1,1
30522,6040503,OR3A1,1
30523,6326776,OR51E2,1
30524,6365152,OR11A1_OR11A2,0
30525,6365152,OR5A1_OR5A1P,0
30526,6365152,OR5A2,1
30527,6365152,OR5AN1,1
30528,6365152,OR5AN1,1
30529,6427080,OR1A1,0
30530,6427080,OR2M3_OR2M3P_OR2M6,0
30531,6427080,OR2W1,1
30532,6427080,OR2W1,1
30533,6427080,OR5K1,0
30534,6427080,OR5M3,0
30535,6427080,OR8D1_OR8D3,0
30536,6427135,OR1A1,0
30537,6427135,OR2M3_OR2M3P_OR2M6,0
30538,6427135,OR2W1,1
30539,6427135,OR2W1,1
30540,6427135,OR5K1,0
30541,6427135,OR5M3,0
30542,6427135,OR8D1_OR8D3,0
30543,6429282,OR1A1,0
30544,6429282,OR2M3_OR2M3P_OR2M6,0
30545,6429282,OR2W1,0
30546,6429343,OR2W1,0
30547,6429343,OR5K1,0
30548,6429343,OR5M3,0
30549,6429343,OR8D1_OR8D3,0
30550,6430888,OR10A2_OR10A2P,0
30551,6430888,OR10A3,0
30552,6430888,OR10A4_OR10A4P,0
30553,6430888,OR10A5_OR10A1,0
30554,6430888,OR10A6,0
30555,6430888,OR10A7,0
30556,6430888,OR10AD1_OR10AD1P,0
30557,6430888,OR10AG1,0
30558,6430888,OR10C1_OR10C2,0
30559,6430888,OR10D3,0
30560,6430888,OR10G3,0
30561,6430888,OR10G4,0
30562,6430888,OR10G6_OR10G6P,0
30563,6430888,OR10G7,0
30564,6430888,OR10G8,0
30565,6430888,OR10G9_OR10G10P,0
30566,6430888,OR10H1,0
30567,6430888,OR10H2,0
30568,6430888,OR10H3,0
30569,6430888,OR10H4,0
30570,6430888,OR10H5,0
30571,6430888,OR10J1,0
30572,6430888,OR10J3_OR10J3P,0
30573,6430888,OR10J5,0
30574,6430888,OR10K1,0
30575,6430888,OR10K2,0
30576,6430888,OR10P1_OR10P1P_OR10P2P_OR10P3P,0
30577,6430888,OR10Q1,0
30578,6430888,OR10R2,0
30579,6430888,OR10S1,0
30580,6430888,OR10T2,0
30581,6430888,OR10V1,0
30582,6430888,OR10W1_OR10W1P,0
30583,6430888,OR10X1_OR10X1P,0
30584,6430888,OR10Z1,0
30585,6430888,OR11A1_OR11A2,0
30586,6430888,OR11G2,0
30587,6430888,OR11H1,0
30588,6430888,OR11H2_OR11H2P,0
30589,6430888,OR11H4,0
30590,6430888,OR11H6,0
30591,6430888,OR11L1,0
30592,6430888,OR12D2,0
30593,6430888,OR12D3,0
30594,6430888,OR13A1,0
30595,6430888,OR13C2,0
30596,6430888,OR13C3,0
30597,6430888,OR13C4,0
30598,6430888,OR13C5,0
30599,6430888,OR13C8,0
30600,6430888,OR13C9,0
30601,6430888,OR13D1,0
30602,6430888,OR13F1,0
30603,6430888,OR13G1,0
30604,6430888,OR13H1,0
30605,6430888,OR13J1,0
30606,6430888,OR14A2_OR5AX1_OR5AX1P,0
30607,6430888,OR14C36_OR5BF1,0
30608,6430888,OR14I1_OR5BU1_OR5BU1P,0
30609,6430888,OR14J1_OR5U1,0
30610,6430888,OR14K1_OR5AY1,0
30611,6430888,OR1A1,0
30612,6430888,OR1A2,0
30613,6430888,OR1C1,0
30614,6430888,OR1D2,0
30615,6430888,OR1D5,0
30616,6430888,OR1E1_OR1E5_OR1E6_OR1E9P,0
30617,6430888,OR1E2_OR1E4,0
30618,6430888,OR1F1,0
30619,6430888,OR1F12P_OR1F12,0
30620,6430888,OR1G1_OR1G2,0
30621,6430888,OR1I1,0
30622,6430888,OR1J1,0
30623,6430888,OR1J2_OR1J3_OR1J5,0
30624,6430888,OR1J4,0
30625,6430888,OR1K1,0
30626,6430888,OR1L1_OR1L2,0
30627,6430888,OR1L3,0
30628,6430888,OR1L4_OR1L5,0
30629,6430888,OR1L6_OR1L7,0
30630,6430888,OR1L8,0
30631,6430888,OR1M1,0
30632,6430888,OR1N1_OR1N3,0
30633,6430888,OR1N2,0
30634,6430888,OR1Q1_OR1Q2_OR1Q3,0
30635,6430888,OR1S1,0
30636,6430888,OR1S2,0
30637,6430888,OR2A1,0
30638,6430888,OR2A12_OR2A12P,0
30639,6430888,OR2A14_OR2A14P_OR2A6,0
30640,6430888,OR2A25_OR2A25P_OR2A27,0
30641,6430888,OR2A2_OR2A17P_OR2A2P,0
30642,6430888,OR2A4_OR2A10,0
30643,6430888,OR2A5_OR2A26_OR2A8,0
30644,6430888,OR2A7,0
30645,6430888,OR2AE1_OR2AE2,0
30646,6430888,OR2AG1_OR2AG3,0
30647,6430888,OR2AG2_OR2AG2P,0
30648,6430888,OR2AJ1_OR2AJ1P,0
30649,6430888,OR2AK2_OR2AK1P,0
30650,6430888,OR2AP1_OR2AP1P,0
30651,6430888,OR2AT4,0
30652,6430888,OR2B11,0
30653,6430888,OR2B2_OR2B9,0
30654,6430888,OR2B3_OR2B3P,0
30655,6430888,OR2B6,0
30656,6430888,OR2C1,0
30657,6430888,OR2C3_OR2C4_OR2C5P,0
30658,6430888,OR2D2_OR2D1,0
30659,6430888,OR2D3,0
30660,6430888,OR2F1_OR2F3_OR2F3P_OR2F4_OR2F5,0
30661,6430888,OR2F2,0
30662,6430888,OR2G2,0
30663,6430888,OR2G3,0
30664,6430888,OR2G6,0
30665,6430888,OR2H1_OR2H6_OR2H8,0
30666,6430888,OR2H2_OR2H3,0
30667,6430888,OR2J1_OR2J1P,0
30668,6430888,OR2J2,0
30669,6430888,OR2J3,0
30670,6430888,OR2K2_OR2AR1P,0
30671,6430888,OR2L13_OR2L14,0
30672,6430888,OR2L2_OR2L12_OR2L4P,0
30673,6430888,OR2L3,0
30674,6430888,OR2L5_OR2L11,0
30675,6430888,OR2L8,0
30676,6430888,OR2M2,0
30677,6430888,OR2M3_OR2M3P_OR2M6,1
30678,6430888,OR2M3_OR2M3P_OR2M6,1
30679,6430888,OR2M3_OR2M3P_OR2M6,1
30680,6430888,OR2M3_OR2M3P_OR2M6,1
30681,6430888,OR2M3_OR2M3P_OR2M6,1
30682,6430888,OR2M3_OR2M3P_OR2M6,1
30683,6430888,OR2M3_OR2M3P_OR2M6,1
30684,6430888,OR2M3_OR2M3P_OR2M6,1
30685,6430888,OR2M3_OR2M3P_OR2M6,1
30686,6430888,OR2M3_OR2M3P_OR2M6,1
30687,6430888,OR2M3_OR2M3P_OR2M6,1
30688,6430888,OR2M3_OR2M3P_OR2M6,1
30689,6430888,OR2M3_OR2M3P_OR2M6,1
30690,6430888,OR2M3_OR2M3P_OR2M6,1
30691,6430888,OR2M3_OR2M3P_OR2M6,1
30692,6430888,OR2M3_OR2M3P_OR2M6,1
30693,6430888,OR2M4,0
30694,6430888,OR2M7,0
30695,6430888,OR2S2,0
30696,6430888,OR2T1,0
30697,6430888,OR2T10,0
30698,6430888,OR2T11,0
30699,6430888,OR2T29,0
30700,6430888,OR2T2_OR2T2P,0
30701,6430888,OR2T3,0
30702,6430888,OR2T33,0
30703,6430888,OR2T34,0
30704,6430888,OR2T35,0
30705,6430888,OR2T4,0
30706,6430888,OR2T5,0
30707,6430888,OR2T6_OR2T6P_OR2T9,0
30708,6430888,OR2T8_OR2T8P,0
30709,6430888,OR2V1,0
30710,6430888,OR2V2_OR2V3,0
30711,6430888,OR2W1,0
30712,6430888,OR2W3_OR2W3P_OR2W8P,0
30713,6430888,OR2W5P_OR2W5,0
30714,6430888,OR2Y1,0
30715,6430888,OR2Z1_OR2Z2,0
30716,6430888,OR3A1,0
30717,6430888,OR3A2,0
30718,6430888,OR3A3_OR3A6_OR3A7_OR3A8P,0
30719,6430888,OR3A4P_OR3A4_OR3A5P,0
30720,6430888,OR4A15,0
30721,6430888,OR4A16,0
30722,6430888,OR4A47,0
30723,6430888,OR4A5,0
30724,6430888,OR4B1,0
30725,6430888,OR4C11_OR4C11P,0
30726,6430888,OR4C12,0
30727,6430888,OR4C15,0
30728,6430888,OR4C16,0
30729,6430888,OR4C3,0
30730,6430888,OR4C46,0
30731,6430888,OR4C5,0
30732,6430888,OR4C6,0
30733,6430888,OR4D10_OR4D10P,0
30734,6430888,OR4D1_OR4D3,0
30735,6430888,OR4D2,0
30736,6430888,OR4D5,0
30737,6430888,OR4D6,0
30738,6430888,OR4D9,0
30739,6430888,OR4E2,0
30740,6430888,OR4F15,0
30741,6430888,OR4F17_OR4F11P_OR4F18_OR4F19,0
30742,6430888,OR4F21_OR4F21P,0
30743,6430888,OR4F3,0
30744,6430888,OR4F4,0
30745,6430888,OR4F6_OR4F12,0
30746,6430888,OR4K1,0
30747,6430888,OR4K13,0
30748,6430888,OR4K15,0
30749,6430888,OR4K17,0
30750,6430888,OR4K2,0
30751,6430888,OR4K5,0
30752,6430888,OR4L1_OR4L2P,0
30753,6430888,OR4M1,0
30754,6430888,OR4N2,0
30755,6430888,OR4N4,0
30756,6430888,OR4P4_OR4P3P,0
30757,6430888,OR4Q3_OR4Q4,0
30758,6430888,OR4S1,0
30759,6430888,OR4S2_OR4S2P,0
30760,6430888,OR4X1,0
30761,6430888,OR4X2,0
30762,6430888,OR51A2,0
30763,6430888,OR51A4,0
30764,6430888,OR51A7,0
30765,6430888,OR51B2_OR51B1P,0
30766,6430888,OR51B4,0
30767,6430888,OR51B5,0
30768,6430888,OR51B6,0
30769,6430888,OR51D1,0
30770,6430888,OR51E1_OR51E1P_OR52A3P,0
30771,6430888,OR51E2,0
30772,6430888,OR51F1_OR51F1P,0
30773,6430888,OR51F2,0
30774,6430888,OR51G1_OR51G3P,0
30775,6430888,OR51G2,0
30776,6430888,OR51I1,0
30777,6430888,OR51I2,0
30778,6430888,OR51J1_OR51J1P_OR51J2,0
30779,6430888,OR51L1,0
30780,6430888,OR51M1,0
30781,6430888,OR51Q1,0
30782,6430888,OR51S1,0
30783,6430888,OR51T1,0
30784,6430888,OR51V1_OR51A12,0
30785,6430888,OR52A1,0
30786,6430888,OR52A4P_OR52A4,0
30787,6430888,OR52A5,0
30788,6430888,OR52B2,0
30789,6430888,OR52B4,0
30790,6430888,OR52B6,0
30791,6430888,OR52D1,0
30792,6430888,OR52E2,0
30793,6430888,OR52E4,0
30794,6430888,OR52E5,0
30795,6430888,OR52E6,0
30796,6430888,OR52E8,0
30797,6430888,OR52H1,0
30798,6430888,OR52I1,0
30799,6430888,OR52I2,0
30800,6430888,OR52J3,0
30801,6430888,OR52K1,0
30802,6430888,OR52K2,0
30803,6430888,OR52L1,0
30804,6430888,OR52M1_OR52M1P,0
30805,6430888,OR52N1,0
30806,6430888,OR52N2,0
30807,6430888,OR52N4,0
30808,6430888,OR52N5,0
30809,6430888,OR52R1,0
30810,6430888,OR52W1_OR52W1P,0
30811,6430888,OR56A1,0
30812,6430888,OR56A3_OR56A3P_OR56A6,0
30813,6430888,OR56A4,0
30814,6430888,OR56A5_OR56A5P,0
30815,6430888,OR56B1_OR56B1P,0
30816,6430888,OR56B4,0
30817,6430888,OR5A1_OR5A1P,0
30818,6430888,OR5A2,0
30819,6430888,OR5AC2,0
30820,6430888,OR5AK2,0
30821,6430888,OR5AN1,0
30822,6430888,OR5AP2,0
30823,6430888,OR5AR1,0
30824,6430888,OR5AS1,0
30825,6430888,OR5AU1,0
30826,6430888,OR5B12_OR5B12P_OR5B16,0
30827,6430888,OR5B17_OR5B20P,0
30828,6430888,OR5B2,0
30829,6430888,OR5B21,0
30830,6430888,OR5B3_OR5B13,0
30831,6430888,OR5C1_OR5C2P,0
30832,6430888,OR5D13,0
30833,6430888,OR5D14,0
30834,6430888,OR5D16,0
30835,6430888,OR5D18,0
30836,6430888,OR5F1,0
30837,6430888,OR5H1,0
30838,6430888,OR5H14,0
30839,6430888,OR5H2,0
30840,6430888,OR5H6,0
30841,6430888,OR5J2,0
30842,6430888,OR5K1,0
30843,6430888,OR5K2,0
30844,6430888,OR5K3,0
30845,6430888,OR5K4,0
30846,6430888,OR5L1,0
30847,6430888,OR5M1,0
30848,6430888,OR5M10,0
30849,6430888,OR5M11,0
30850,6430888,OR5M3,0
30851,6430888,OR5M8,0
30852,6430888,OR5M9,0
30853,6430888,OR5P2,0
30854,6430888,OR5P3,0
30855,6430888,OR5T1_OR5T1P,0
30856,6430888,OR5T2,0
30857,6430888,OR5T3,0
30858,6430888,OR5V1,0
30859,6430888,OR5W2_OR5W2P_OR5W3P,0
30860,6430888,OR6A2_OR6A1_OR6A2P,0
30861,6430888,OR6B1,0
30862,6430888,OR6B2_OR6B2P,0
30863,6430888,OR6B3_OR6B3P,0
30864,6430888,OR6C1,0
30865,6430888,OR6C2,0
30866,6430888,OR6C3,0
30867,6430888,OR6C4,0
30868,6430888,OR6C6,0
30869,6430888,OR6C65,0
30870,6430888,OR6C68,0
30871,6430888,OR6C70,0
30872,6430888,OR6C74,0
30873,6430888,OR6C75,0
30874,6430888,OR6C76,0
30875,6430888,OR6F1,0
30876,6430888,OR6J1_OR6J2,0
30877,6430888,OR6K2,0
30878,6430888,OR6K3,0
30879,6430888,OR6K6,0
30880,6430888,OR6M1,0
30881,6430888,OR6N1,0
30882,6430888,OR6N2,0
30883,6430888,OR6P1,0
30884,6430888,OR6Q1,0
30885,6430888,OR6S1,0
30886,6430888,OR6T1,0
30887,6430888,OR6V1,0
30888,6430888,OR6X1,0
30889,6430888,OR6Y1_OR6Y2,0
30890,6430888,OR7A10,0
30891,6430888,OR7A17,0
30892,6430888,OR7A5,0
30893,6430888,OR7C1_OR7C4,0
30894,6430888,OR7D2,0
30895,6430888,OR7D4_OR7D4P,0
30896,6430888,OR7E24_OR7E24P,0
30897,6430888,OR7G2,0
30898,6430888,OR7G3,0
30899,6430888,OR8A1,0
30900,6430888,OR8B12,0
30901,6430888,OR8B2,0
30902,6430888,OR8B3,0
30903,6430888,OR8B4_OR8B4P,0
30904,6430888,OR8B8,0
30905,6430888,OR8D1_OR8D3,0
30906,6430888,OR8D2,0
30907,6430888,OR8D4,0
30908,6430888,OR8G1_OR8G1P,0
30909,6430888,OR8G5_OR8G5P_OR8G6,0
30910,6430888,OR8H1,0
30911,6430888,OR8H2,0
30912,6430888,OR8H3,0
30913,6430888,OR8I2,0
30914,6430888,OR8J1,0
30915,6430888,OR8J3,0
30916,6430888,OR8K1,0
30917,6430888,OR8K3,0
30918,6430888,OR8K5,0
30919,6430888,OR8S1,0
30920,6430888,OR8U1,0
30921,6430888,OR8U3_OR5R1_OR5R1P,0
30922,6430888,OR8U8,0
30923,6430888,OR8U9,0
30924,6430888,OR9A2,0
30925,6430888,OR9A4,0
30926,6430888,OR9G4,0
30927,6430888,OR9G9,0
30928,6430888,OR9I1,0
30929,6430888,OR9K2,0
30930,6430888,OR9Q1,0
30931,6430888,OR9Q2_OR9Q2P,0
30932,6430892,OR2M3_OR2M3P_OR2M6,1
30933,6433547,OR1D2,1
30934,6435841,OR1D2,1
30935,6437774,OR1D2,1
30936,6438196,OR10H1,1
30937,6438196,OR10H1,1
30938,6438196,OR10H1,1
30939,6438196,OR10H1,1
30940,6441135,OR1G1_OR1G2,0
30941,6441135,OR1L3,0
30942,6441135,OR2B3_OR2B3P,0
30943,6441135,OR2G2,0
30944,6441135,OR2M4,0
30945,6441135,OR2T10,0
30946,6441135,OR2T34,0
30947,6441135,OR5AC2,0
30948,6441135,OR5B17_OR5B20P,0
30949,6443739,OR51E1_OR51E1P_OR52A3P,0
30950,6443739,OR51E2,0
30951,6443739,OR51I2,1
30952,6443739,OR51L1,0
30953,6443739,OR52A5,0
30954,6443739,OR52B2,0
30955,6443739,OR52D1,0
30956,6443739,OR52E8,0
30957,6443739,OR52L1,0
30958,6443739,OR56A5_OR56A5P,0
30959,6852393,OR10A2_OR10A2P,1
30960,6852393,OR10A3,0
30961,6852393,OR10A4_OR10A4P,0
30962,6852393,OR10A5_OR10A1,0
30963,6852393,OR10A6,1
30964,6852393,OR10A6,1
30965,6852393,OR10A6,1
30966,6852393,OR10A6,1
30967,6852393,OR10A6,1
30968,6852393,OR10A7,0
30969,6852393,OR10AD1_OR10AD1P,0
30970,6852393,OR10AG1,0
30971,6852393,OR10C1_OR10C2,0
30972,6852393,OR10D3,0
30973,6852393,OR10G3,0
30974,6852393,OR10G4,0
30975,6852393,OR10G6_OR10G6P,0
30976,6852393,OR10G7,0
30977,6852393,OR10G8,0
30978,6852393,OR10G9_OR10G10P,1
30979,6852393,OR10H1,0
30980,6852393,OR10H2,0
30981,6852393,OR10H3,0
30982,6852393,OR10H4,0
30983,6852393,OR10H5,0
30984,6852393,OR10J1,0
30985,6852393,OR10J3_OR10J3P,0
30986,6852393,OR10J5,0
30987,6852393,OR10K1,0
30988,6852393,OR10K2,0
30989,6852393,OR10P1_OR10P1P_OR10P2P_OR10P3P,0
30990,6852393,OR10Q1,1
30991,6852393,OR10R2,0
30992,6852393,OR10T2,0
30993,6852393,OR10V1,0
30994,6852393,OR10W1_OR10W1P,1
30995,6852393,OR10X1_OR10X1P,0
30996,6852393,OR10Z1,0
30997,6852393,OR11A1_OR11A2,0
30998,6852393,OR11G2,0
30999,6852393,OR11H1,0
31000,6852393,OR11H12,0
31001,6852393,OR11H2_OR11H2P,0
31002,6852393,OR11H4,0
31003,6852393,OR11H6,0
31004,6852393,OR11L1,0
31005,6852393,OR12D2,0
31006,6852393,OR12D3,0
31007,6852393,OR13A1,0
31008,6852393,OR13C2,0
31009,6852393,OR13C3,0
31010,6852393,OR13C4,0
31011,6852393,OR13C5,0
31012,6852393,OR13C8,0
31013,6852393,OR13C9,0
31014,6852393,OR13D1,0
31015,6852393,OR13F1,0
31016,6852393,OR13G1,0
31017,6852393,OR13H1,0
31018,6852393,OR13J1,0
31019,6852393,OR14A2_OR5AX1_OR5AX1P,0
31020,6852393,OR14C36_OR5BF1,0
31021,6852393,OR14I1_OR5BU1_OR5BU1P,0
31022,6852393,OR14J1_OR5U1,0
31023,6852393,OR14K1_OR5AY1,0
31024,6852393,OR14L1_OR14L1P_OR5AV1P,0
31025,6852393,OR1A1,0
31026,6852393,OR1A2,1
31027,6852393,OR1C1,0
31028,6852393,OR1D2,0
31029,6852393,OR1D5,0
31030,6852393,OR1E1_OR1E5_OR1E6_OR1E9P,0
31031,6852393,OR1E2_OR1E4,0
31032,6852393,OR1F1,0
31033,6852393,OR1F12P_OR1F12,0
31034,6852393,OR1G1_OR1G2,0
31035,6852393,OR1I1,0
31036,6852393,OR1J1,0
31037,6852393,OR1J2_OR1J3_OR1J5,0
31038,6852393,OR1J4,0
31039,6852393,OR1K1,0
31040,6852393,OR1L1_OR1L2,0
31041,6852393,OR1L3,0
31042,6852393,OR1L4_OR1L5,0
31043,6852393,OR1L6_OR1L7,0
31044,6852393,OR1L8,0
31045,6852393,OR1M1,1
31046,6852393,OR1N1_OR1N3,0
31047,6852393,OR1N2,0
31048,6852393,OR1Q1_OR1Q2_OR1Q3,0
31049,6852393,OR1S1,0
31050,6852393,OR1S2,1
31051,6852393,OR2A1,0
31052,6852393,OR2A12_OR2A12P,0
31053,6852393,OR2A14,0
31054,6852393,OR2A14_OR2A14P_OR2A6,0
31055,6852393,OR2A25_OR2A25P_OR2A27,0
31056,6852393,OR2A2_OR2A17P_OR2A2P,0
31057,6852393,OR2A4_OR2A10,0
31058,6852393,OR2A5_OR2A26_OR2A8,0
31059,6852393,OR2A7,0
31060,6852393,OR2AE1_OR2AE2,0
31061,6852393,OR2AG1_OR2AG3,0
31062,6852393,OR2AG2_OR2AG2P,0
31063,6852393,OR2AJ1_OR2AJ1P,0
31064,6852393,OR2AK2_OR2AK1P,0
31065,6852393,OR2AP1_OR2AP1P,0
31066,6852393,OR2AT4,0
31067,6852393,OR2B11,0
31068,6852393,OR2B2_OR2B9,0
31069,6852393,OR2B3_OR2B3P,0
31070,6852393,OR2B6,0
31071,6852393,OR2B8P_OR2B8,0
31072,6852393,OR2C1,1
31073,6852393,OR2C3_OR2C4_OR2C5P,0
31074,6852393,OR2D2_OR2D1,0
31075,6852393,OR2D3,0
31076,6852393,OR2F1_OR2F3_OR2F3P_OR2F4_OR2F5,0
31077,6852393,OR2F2,0
31078,6852393,OR2G2,0
31079,6852393,OR2G3,0
31080,6852393,OR2G6,0
31081,6852393,OR2H1_OR2H6_OR2H8,0
31082,6852393,OR2H2_OR2H3,0
31083,6852393,OR2J1_OR2J1P,0
31084,6852393,OR2J2,1
31085,6852393,OR2J2,1
31086,6852393,OR2J2,1
31087,6852393,OR2J3,0
31088,6852393,OR2K2_OR2AR1P,0
31089,6852393,OR2L13_OR2L14,0
31090,6852393,OR2L2_OR2L12_OR2L4P,0
31091,6852393,OR2L3,0
31092,6852393,OR2L5_OR2L11,0
31093,6852393,OR2L8,0
31094,6852393,OR2M2,0
31095,6852393,OR2M3_OR2M3P_OR2M6,0
31096,6852393,OR2M4,0
31097,6852393,OR2M5,1
31098,6852393,OR2M7,0
31099,6852393,OR2S2,0
31100,6852393,OR2T1,0
31101,6852393,OR2T10,0
31102,6852393,OR2T11,0
31103,6852393,OR2T29,0
31104,6852393,OR2T2_OR2T2P,0
31105,6852393,OR2T3,0
31106,6852393,OR2T33,0
31107,6852393,OR2T34,0
31108,6852393,OR2T35,0
31109,6852393,OR2T4,0
31110,6852393,OR2T5,0
31111,6852393,OR2T6_OR2T6P_OR2T9,0
31112,6852393,OR2T8_OR2T8P,0
31113,6852393,OR2V1,0
31114,6852393,OR2V2_OR2V3,0
31115,6852393,OR2W1,0
31116,6852393,OR2W3_OR2W3P_OR2W8P,0
31117,6852393,OR2W5P_OR2W5,0
31118,6852393,OR2Y1,0
31119,6852393,OR2Z1_OR2Z2,0
31120,6852393,OR3A1,0
31121,6852393,OR3A2,0
31122,6852393,OR3A3_OR3A6_OR3A7_OR3A8P,0
31123,6852393,OR3A4P_OR3A4_OR3A5P,0
31124,6852393,OR4A15,1
31125,6852393,OR4A16,0
31126,6852393,OR4A47,0
31127,6852393,OR4A4P,1
31128,6852393,OR4A5,1
31129,6852393,OR4B1,1
31130,6852393,OR4C11_OR4C11P,0
31131,6852393,OR4C12,1
31132,6852393,OR4C15,0
31133,6852393,OR4C16,0
31134,6852393,OR4C3,0
31135,6852393,OR4C46,0
31136,6852393,OR4C5,0
31137,6852393,OR4C6,1
31138,6852393,OR4D10_OR4D10P,1
31139,6852393,OR4D1_OR4D3,0
31140,6852393,OR4D2,0
31141,6852393,OR4D5,0
31142,6852393,OR4D6,1
31143,6852393,OR4D9,1
31144,6852393,OR4E2,0
31145,6852393,OR4F14,0
31146,6852393,OR4F15,0
31147,6852393,OR4F17_OR4F11P_OR4F18_OR4F19,1
31148,6852393,OR4F17_OR4F11P_OR4F18_OR4F19,1
31149,6852393,OR4F21_OR4F21P,0
31150,6852393,OR4F3,0
31151,6852393,OR4F4,1
31152,6852393,OR4F6_OR4F12,0
31153,6852393,OR4K1,0
31154,6852393,OR4K13,0
31155,6852393,OR4K15,0
31156,6852393,OR4K17,0
31157,6852393,OR4K2,0
31158,6852393,OR4K3_OR4K3P,0
31159,6852393,OR4K5,0
31160,6852393,OR4L1_OR4L2P,0
31161,6852393,OR4M1,0
31162,6852393,OR4M2B,0
31163,6852393,OR4N2,0
31164,6852393,OR4N4,0
31165,6852393,OR4P4_OR4P3P,1
31166,6852393,OR4Q3_OR4Q4,0
31167,6852393,OR4S1,0
31168,6852393,OR4S2_OR4S2P,1
31169,6852393,OR4X1,0
31170,6852393,OR4X2,1
31171,6852393,OR51A2,0
31172,6852393,OR51A4,1
31173,6852393,OR51B2_OR51B1P,0
31174,6852393,OR51B4,0
31175,6852393,OR51B5,0
31176,6852393,OR51B6,1
31177,6852393,OR51D1,1
31178,6852393,OR51E1_OR51E1P_OR52A3P,0
31179,6852393,OR51E2,1
31180,6852393,OR51F1_OR51F1P,0
31181,6852393,OR51F2,0
31182,6852393,OR51G1_OR51G3P,1
31183,6852393,OR51G2,1
31184,6852393,OR51H1_OR51H1P,1
31185,6852393,OR51I1,0
31186,6852393,OR51I2,1
31187,6852393,OR51J1_OR51J1P_OR51J2,0
31188,6852393,OR51L1,1
31189,6852393,OR51M1,0
31190,6852393,OR51Q1,1
31191,6852393,OR51S1,0
31192,6852393,OR51T1,0
31193,6852393,OR51V1_OR51A12,0
31194,6852393,OR52A1,1
31195,6852393,OR52A4P_OR52A4,0
31196,6852393,OR52A5,0
31197,6852393,OR52B2,1
31198,6852393,OR52B4,0
31199,6852393,OR52B6,0
31200,6852393,OR52D1,1
31201,6852393,OR52E2,1
31202,6852393,OR52E4,0
31203,6852393,OR52E5,0
31204,6852393,OR52E6,1
31205,6852393,OR52E8,1
31206,6852393,OR52H1,0
31207,6852393,OR52I2,0
31208,6852393,OR52J3,0
31209,6852393,OR52K1,1
31210,6852393,OR52K2,1
31211,6852393,OR52L1,0
31212,6852393,OR52L2P_OR52L2,0
31213,6852393,OR52M1_OR52M1P,1
31214,6852393,OR52N1,1
31215,6852393,OR52N2,0
31216,6852393,OR52N4,0
31217,6852393,OR52N5,0
31218,6852393,OR52P1_OR52P1P,1
31219,6852393,OR52R1,0
31220,6852393,OR52W1_OR52W1P,0
31221,6852393,OR56A1,0
31222,6852393,OR56A3_OR56A3P_OR56A6,1
31223,6852393,OR56A4,0
31224,6852393,OR56A5_OR56A5P,0
31225,6852393,OR56B1_OR56B1P,1
31226,6852393,OR56B4,1
31227,6852393,OR5A1_OR5A1P,1
31228,6852393,OR5A1_OR5A1P,1
31229,6852393,OR5A2,1
31230,6852393,OR5AC2,0
31231,6852393,OR5AK2,0
31232,6852393,OR5AK3P_OR5AK3,0
31233,6852393,OR5AL1_OR5AL1P,0
31234,6852393,OR5AN1,0
31235,6852393,OR5AP2,1
31236,6852393,OR5AR1,1
31237,6852393,OR5AS1,1
31238,6852393,OR5AU1,0
31239,6852393,OR5B12_OR5B12P_OR5B16,0
31240,6852393,OR5B17_OR5B20P,1
31241,6852393,OR5B2,0
31242,6852393,OR5B21,0
31243,6852393,OR5B3_OR5B13,1
31244,6852393,OR5C1_OR5C2P,0
31245,6852393,OR5D13,1
31246,6852393,OR5D14,1
31247,6852393,OR5D16,0
31248,6852393,OR5D18,1
31249,6852393,OR5F1,1
31250,6852393,OR5H1,0
31251,6852393,OR5H14,0
31252,6852393,OR5H2,0
31253,6852393,OR5H6,0
31254,6852393,OR5I1,1
31255,6852393,OR5J2,0
31256,6852393,OR5K1,0
31257,6852393,OR5K2,0
31258,6852393,OR5K3,0
31259,6852393,OR5K4,0
31260,6852393,OR5L1,1
31261,6852393,OR5M1,1
31262,6852393,OR5M10,0
31263,6852393,OR5M11,0
31264,6852393,OR5M8,0
31265,6852393,OR5M9,1
31266,6852393,OR5P2,1
31267,6852393,OR5P3,0
31268,6852393,OR5T1_OR5T1P,0
31269,6852393,OR5T2,0
31270,6852393,OR5T3,0
31271,6852393,OR5V1,0
31272,6852393,OR5W2_OR5W2P_OR5W3P,0
31273,6852393,OR6A2_OR6A1_OR6A2P,0
31274,6852393,OR6B1,1
31275,6852393,OR6B2_OR6B2P,0
31276,6852393,OR6B3_OR6B3P,0
31277,6852393,OR6C1,0
31278,6852393,OR6C2,0
31279,6852393,OR6C3,0
31280,6852393,OR6C4,0
31281,6852393,OR6C6,0
31282,6852393,OR6C65,0
31283,6852393,OR6C68,0
31284,6852393,OR6C70,0
31285,6852393,OR6C74,0
31286,6852393,OR6C75,0
31287,6852393,OR6C76,0
31288,6852393,OR6F1,0
31289,6852393,OR6J1_OR6J2,0
31290,6852393,OR6K2,0
31291,6852393,OR6K3,0
31292,6852393,OR6K6,0
31293,6852393,OR6M1,1
31294,6852393,OR6N1,0
31295,6852393,OR6N2,0
31296,6852393,OR6P1,0
31297,6852393,OR6Q1,1
31298,6852393,OR6S1,0
31299,6852393,OR6T1,1
31300,6852393,OR6V1,0
31301,6852393,OR6X1,0
31302,6852393,OR6Y1_OR6Y2,0
31303,6852393,OR7A10,0
31304,6852393,OR7A17,0
31305,6852393,OR7A5,0
31306,6852393,OR7C1_OR7C4,1
31307,6852393,OR7D2,0
31308,6852393,OR7D4_OR7D4P,1
31309,6852393,OR7D4_OR7D4P,1
31310,6852393,OR7D4_OR7D4P,1
31311,6852393,OR7D4_OR7D4P,1
31312,6852393,OR7D4_OR7D4P,1
31313,6852393,OR7D4_OR7D4P,1
31314,6852393,OR7D4_OR7D4P,1
31315,6852393,OR7D4_OR7D4P,1
31316,6852393,OR7D4_OR7D4P,1
31317,6852393,OR7D4_OR7D4P,1
31318,6852393,OR7D4_OR7D4P,1
31319,6852393,OR7D4_OR7D4P,1
31320,6852393,OR7D4_OR7D4P,1
31321,6852393,OR7D4_OR7D4P,1
31322,6852393,OR7D4_OR7D4P,1
31323,6852393,OR7D4_OR7D4P,1
31324,6852393,OR7D4_OR7D4P,1
31325,6852393,OR7D4_OR7D4P,1
31326,6852393,OR7D4_OR7D4P,1
31327,6852393,OR7D4_OR7D4P,1
31328,6852393,OR7D4_OR7D4P,1
31329,6852393,OR7E24_OR7E24P,0
31330,6852393,OR7G2,0
31331,6852393,OR7G3,0
31332,6852393,OR8A1,0
31333,6852393,OR8B12,0
31334,6852393,OR8B2,0
31335,6852393,OR8B3,0
31336,6852393,OR8B4_OR8B4P,1
31337,6852393,OR8B8,1
31338,6852393,OR8D1_OR8D3,1
31339,6852393,OR8D2,1
31340,6852393,OR8D4,0
31341,6852393,OR8G1_OR8G1P,0
31342,6852393,OR8G5_OR8G5P_OR8G6,0
31343,6852393,OR8H1,0
31344,6852393,OR8H2,1
31345,6852393,OR8H3,1
31346,6852393,OR8I2,1
31347,6852393,OR8J1,0
31348,6852393,OR8J3,1
31349,6852393,OR8K1,0
31350,6852393,OR8K3,1
31351,6852393,OR8K5,1
31352,6852393,OR8S1,0
31353,6852393,OR8U1,0
31354,6852393,OR8U3_OR5R1_OR5R1P,1
31355,6852393,OR8U8,0
31356,6852393,OR8U9,0
31357,6852393,OR9A2,0
31358,6852393,OR9A4,0
31359,6852393,OR9G4,0
31360,6852393,OR9G9,1
31361,6852393,OR9I1,1
31362,6852393,OR9K2,0
31363,6852393,OR9Q1,0
31364,6852393,OR9Q2,1
31365,6852393,OR9Q2_OR9Q2P,0
31366,7021479,OR1A1,1
31367,7160826,OR5AN1,1
31368,7160827,OR5AN1,1
31369,9834606,OR10A2_OR10A2P,0
31370,9834606,OR10A3,0
31371,9834606,OR10A4_OR10A4P,0
31372,9834606,OR10A5_OR10A1,0
31373,9834606,OR10A6,0
31374,9834606,OR10A7,0
31375,9834606,OR10AD1_OR10AD1P,0
31376,9834606,OR10AG1,0
31377,9834606,OR10C1_OR10C2,0
31378,9834606,OR10D3,0
31379,9834606,OR10G3,0
31380,9834606,OR10G4,0
31381,9834606,OR10G6_OR10G6P,0
31382,9834606,OR10G7,0
31383,9834606,OR10G8,0
31384,9834606,OR10G9_OR10G10P,0
31385,9834606,OR10H1,0
31386,9834606,OR10H2,0
31387,9834606,OR10H3,0
31388,9834606,OR10H4,0
31389,9834606,OR10H5,0
31390,9834606,OR10J1,0
31391,9834606,OR10J3_OR10J3P,0
31392,9834606,OR10J5,0
31393,9834606,OR10K1,0
31394,9834606,OR10K2,0
31395,9834606,OR10P1_OR10P1P_OR10P2P_OR10P3P,0
31396,9834606,OR10Q1,0
31397,9834606,OR10R2,0
31398,9834606,OR10S1,0
31399,9834606,OR10T2,0
31400,9834606,OR10V1,0
31401,9834606,OR10W1_OR10W1P,0
31402,9834606,OR10X1_OR10X1P,0
31403,9834606,OR10Z1,0
31404,9834606,OR11A1_OR11A2,0
31405,9834606,OR11G2,0
31406,9834606,OR11H1,0
31407,9834606,OR11H12,0
31408,9834606,OR11H2_OR11H2P,0
31409,9834606,OR11H4,0
31410,9834606,OR11H6,0
31411,9834606,OR11L1,0
31412,9834606,OR12D2,0
31413,9834606,OR12D3,0
31414,9834606,OR13A1,0
31415,9834606,OR13C2,0
31416,9834606,OR13C3,0
31417,9834606,OR13C4,0
31418,9834606,OR13C5,0
31419,9834606,OR13C8,0
31420,9834606,OR13C9,0
31421,9834606,OR13D1,0
31422,9834606,OR13F1,0
31423,9834606,OR13G1,0
31424,9834606,OR13H1,0
31425,9834606,OR13J1,0
31426,9834606,OR14A2_OR5AX1_OR5AX1P,0
31427,9834606,OR14C36_OR5BF1,0
31428,9834606,OR14I1_OR5BU1_OR5BU1P,0
31429,9834606,OR14J1_OR5U1,0
31430,9834606,OR14K1_OR5AY1,0
31431,9834606,OR14L1_OR14L1P_OR5AV1P,0
31432,9834606,OR1A1,0
31433,9834606,OR1A2,0
31434,9834606,OR1C1,0
31435,9834606,OR1D2,0
31436,9834606,OR1D5,0
31437,9834606,OR1E1_OR1E5_OR1E6_OR1E9P,0
31438,9834606,OR1E2_OR1E4,0
31439,9834606,OR1F1,0
31440,9834606,OR1F12P_OR1F12,0
31441,9834606,OR1G1_OR1G2,0
31442,9834606,OR1I1,0
31443,9834606,OR1J1,0
31444,9834606,OR1J2_OR1J3_OR1J5,0
31445,9834606,OR1J4,0
31446,9834606,OR1K1,0
31447,9834606,OR1L1_OR1L2,0
31448,9834606,OR1L3,0
31449,9834606,OR1L4_OR1L5,0
31450,9834606,OR1L6_OR1L7,0
31451,9834606,OR1L8,0
31452,9834606,OR1M1,0
31453,9834606,OR1N1_OR1N3,0
31454,9834606,OR1N2,0
31455,9834606,OR1Q1_OR1Q2_OR1Q3,0
31456,9834606,OR1S1,0
31457,9834606,OR1S2,0
31458,9834606,OR2A1,0
31459,9834606,OR2A12_OR2A12P,0
31460,9834606,OR2A14_OR2A14P_OR2A6,0
31461,9834606,OR2A25_OR2A25P_OR2A27,0
31462,9834606,OR2A2_OR2A17P_OR2A2P,0
31463,9834606,OR2A4_OR2A10,0
31464,9834606,OR2A5_OR2A26_OR2A8,0
31465,9834606,OR2A7,0
31466,9834606,OR2AE1_OR2AE2,0
31467,9834606,OR2AG1_OR2AG3,0
31468,9834606,OR2AG2_OR2AG2P,0
31469,9834606,OR2AJ1_OR2AJ1P,0
31470,9834606,OR2AK2_OR2AK1P,0
31471,9834606,OR2AP1_OR2AP1P,0
31472,9834606,OR2AT4,0
31473,9834606,OR2B11,0
31474,9834606,OR2B2_OR2B9,0
31475,9834606,OR2B3_OR2B3P,0
31476,9834606,OR2B6,0
31477,9834606,OR2C1,0
31478,9834606,OR2C3_OR2C4_OR2C5P,0
31479,9834606,OR2D2_OR2D1,0
31480,9834606,OR2D3,0
31481,9834606,OR2F1_OR2F3_OR2F3P_OR2F4_OR2F5,0
31482,9834606,OR2F2,0
31483,9834606,OR2G2,0
31484,9834606,OR2G3,0
31485,9834606,OR2G6,0
31486,9834606,OR2H1_OR2H6_OR2H8,0
31487,9834606,OR2H2_OR2H3,0
31488,9834606,OR2J1_OR2J1P,0
31489,9834606,OR2J2,0
31490,9834606,OR2J3,0
31491,9834606,OR2K2_OR2AR1P,0
31492,9834606,OR2L13_OR2L14,0
31493,9834606,OR2L2_OR2L12_OR2L4P,0
31494,9834606,OR2L3,0
31495,9834606,OR2L5_OR2L11,0
31496,9834606,OR2L8,0
31497,9834606,OR2M2,0
31498,9834606,OR2M3_OR2M3P_OR2M6,0
31499,9834606,OR2M4,0
31500,9834606,OR2M7,0
31501,9834606,OR2S2,0
31502,9834606,OR2T1,0
31503,9834606,OR2T10,0
31504,9834606,OR2T11,0
31505,9834606,OR2T29,0
31506,9834606,OR2T2_OR2T2P,0
31507,9834606,OR2T3,0
31508,9834606,OR2T33,0
31509,9834606,OR2T34,0
31510,9834606,OR2T35,0
31511,9834606,OR2T4,0
31512,9834606,OR2T5,0
31513,9834606,OR2T6_OR2T6P_OR2T9,0
31514,9834606,OR2T8_OR2T8P,0
31515,9834606,OR2V1,0
31516,9834606,OR2V2_OR2V3,0
31517,9834606,OR2W1,0
31518,9834606,OR2W3_OR2W3P_OR2W8P,0
31519,9834606,OR2W5P_OR2W5,0
31520,9834606,OR2Y1,0
31521,9834606,OR2Z1_OR2Z2,0
31522,9834606,OR3A1,0
31523,9834606,OR3A2,0
31524,9834606,OR3A3_OR3A6_OR3A7_OR3A8P,0
31525,9834606,OR3A4P_OR3A4_OR3A5P,0
31526,9834606,OR4A15,0
31527,9834606,OR4A16,0
31528,9834606,OR4A47,0
31529,9834606,OR4A5,0
31530,9834606,OR4B1,0
31531,9834606,OR4C11_OR4C11P,0
31532,9834606,OR4C12,0
31533,9834606,OR4C15,0
31534,9834606,OR4C16,0
31535,9834606,OR4C3,0
31536,9834606,OR4C46,0
31537,9834606,OR4C5,0
31538,9834606,OR4C6,0
31539,9834606,OR4D10_OR4D10P,0
31540,9834606,OR4D1_OR4D3,0
31541,9834606,OR4D2,0
31542,9834606,OR4D5,0
31543,9834606,OR4D6,0
31544,9834606,OR4D9,0
31545,9834606,OR4E2,0
31546,9834606,OR4F15,0
31547,9834606,OR4F17_OR4F11P_OR4F18_OR4F19,0
31548,9834606,OR4F21_OR4F21P,0
31549,9834606,OR4F3,0
31550,9834606,OR4F4,0
31551,9834606,OR4F6_OR4F12,0
31552,9834606,OR4K1,0
31553,9834606,OR4K13,0
31554,9834606,OR4K15,0
31555,9834606,OR4K17,0
31556,9834606,OR4K2,0
31557,9834606,OR4K3_OR4K3P,0
31558,9834606,OR4K5,0
31559,9834606,OR4L1_OR4L2P,0
31560,9834606,OR4M1,0
31561,9834606,OR4N2,0
31562,9834606,OR4N4,0
31563,9834606,OR4P4_OR4P3P,0
31564,9834606,OR4Q3_OR4Q4,0
31565,9834606,OR4S1,0
31566,9834606,OR4S2_OR4S2P,0
31567,9834606,OR4X1,0
31568,9834606,OR4X2,0
31569,9834606,OR51A2,0
31570,9834606,OR51A4,0
31571,9834606,OR51A7,0
31572,9834606,OR51B2_OR51B1P,0
31573,9834606,OR51B4,0
31574,9834606,OR51B5,0
31575,9834606,OR51B6,0
31576,9834606,OR51D1,0
31577,9834606,OR51E1_OR51E1P_OR52A3P,0
31578,9834606,OR51E2,0
31579,9834606,OR51F1_OR51F1P,0
31580,9834606,OR51F2,0
31581,9834606,OR51G1_OR51G3P,0
31582,9834606,OR51G2,0
31583,9834606,OR51I1,0
31584,9834606,OR51I2,0
31585,9834606,OR51J1_OR51J1P_OR51J2,0
31586,9834606,OR51L1,0
31587,9834606,OR51M1,0
31588,9834606,OR51Q1,0
31589,9834606,OR51S1,0
31590,9834606,OR51T1,0
31591,9834606,OR51V1_OR51A12,0
31592,9834606,OR52A1,0
31593,9834606,OR52A4P_OR52A4,0
31594,9834606,OR52A5,0
31595,9834606,OR52B2,0
31596,9834606,OR52B4,0
31597,9834606,OR52B6,0
31598,9834606,OR52D1,0
31599,9834606,OR52E2,0
31600,9834606,OR52E4,0
31601,9834606,OR52E5,0
31602,9834606,OR52E6,0
31603,9834606,OR52E8,0
31604,9834606,OR52H1,0
31605,9834606,OR52I1,0
31606,9834606,OR52I2,0
31607,9834606,OR52J3,0
31608,9834606,OR52K1,0
31609,9834606,OR52K2,0
31610,9834606,OR52L1,0
31611,9834606,OR52M1_OR52M1P,0
31612,9834606,OR52N1,0
31613,9834606,OR52N2,0
31614,9834606,OR52N4,0
31615,9834606,OR52N5,0
31616,9834606,OR52R1,0
31617,9834606,OR52W1_OR52W1P,0
31618,9834606,OR56A1,0
31619,9834606,OR56A3_OR56A3P_OR56A6,0
31620,9834606,OR56A4,0
31621,9834606,OR56A5_OR56A5P,0
31622,9834606,OR56B1_OR56B1P,0
31623,9834606,OR56B4,0
31624,9834606,OR5A1_OR5A1P,0
31625,9834606,OR5A2,0
31626,9834606,OR5AC2,0
31627,9834606,OR5AK2,0
31628,9834606,OR5AL1_OR5AL1P,0
31629,9834606,OR5AN1,1
31630,9834606,OR5AP2,0
31631,9834606,OR5AR1,0
31632,9834606,OR5AS1,0
31633,9834606,OR5AU1,0
31634,9834606,OR5B12_OR5B12P_OR5B16,0
31635,9834606,OR5B17_OR5B20P,0
31636,9834606,OR5B2,0
31637,9834606,OR5B21,0
31638,9834606,OR5B3_OR5B13,0
31639,9834606,OR5C1_OR5C2P,0
31640,9834606,OR5D13,0
31641,9834606,OR5D14,0
31642,9834606,OR5D16,0
31643,9834606,OR5D18,0
31644,9834606,OR5F1,0
31645,9834606,OR5H1,0
31646,9834606,OR5H14,0
31647,9834606,OR5H2,0
31648,9834606,OR5H6,0
31649,9834606,OR5I1,0
31650,9834606,OR5J2,0
31651,9834606,OR5K1,0
31652,9834606,OR5K2,0
31653,9834606,OR5K3,0
31654,9834606,OR5K4,0
31655,9834606,OR5L1,0
31656,9834606,OR5M1,0
31657,9834606,OR5M10,0
31658,9834606,OR5M11,0
31659,9834606,OR5M3,0
31660,9834606,OR5M8,0
31661,9834606,OR5M9,0
31662,9834606,OR5P2,0
31663,9834606,OR5P3,0
31664,9834606,OR5T1_OR5T1P,0
31665,9834606,OR5T2,0
31666,9834606,OR5T3,0
31667,9834606,OR5V1,0
31668,9834606,OR5W2_OR5W2P_OR5W3P,0
31669,9834606,OR6A2_OR6A1_OR6A2P,0
31670,9834606,OR6B1,0
31671,9834606,OR6B2_OR6B2P,0
31672,9834606,OR6B3_OR6B3P,0
31673,9834606,OR6C1,0
31674,9834606,OR6C2,0
31675,9834606,OR6C3,0
31676,9834606,OR6C4,0
31677,9834606,OR6C6,0
31678,9834606,OR6C65,0
31679,9834606,OR6C68,0
31680,9834606,OR6C70,0
31681,9834606,OR6C74,0
31682,9834606,OR6C75,0
31683,9834606,OR6C76,0
31684,9834606,OR6F1,0
31685,9834606,OR6J1_OR6J2,0
31686,9834606,OR6K2,0
31687,9834606,OR6K3,0
31688,9834606,OR6K6,0
31689,9834606,OR6M1,0
31690,9834606,OR6N1,0
31691,9834606,OR6N2,0
31692,9834606,OR6P1,0
31693,9834606,OR6Q1,0
31694,9834606,OR6S1,0
31695,9834606,OR6T1,0
31696,9834606,OR6V1,0
31697,9834606,OR6X1,0
31698,9834606,OR6Y1_OR6Y2,0
31699,9834606,OR7A10,0
31700,9834606,OR7A17,0
31701,9834606,OR7A5,0
31702,9834606,OR7C1_OR7C4,0
31703,9834606,OR7D2,0
31704,9834606,OR7D4_OR7D4P,0
31705,9834606,OR7E24_OR7E24P,0
31706,9834606,OR7G2,0
31707,9834606,OR7G3,0
31708,9834606,OR8A1,0
31709,9834606,OR8B12,0
31710,9834606,OR8B2,0
31711,9834606,OR8B3,0
31712,9834606,OR8B4_OR8B4P,0
31713,9834606,OR8B8,0
31714,9834606,OR8D1_OR8D3,0
31715,9834606,OR8D2,0
31716,9834606,OR8D4,0
31717,9834606,OR8G1_OR8G1P,0
31718,9834606,OR8G5_OR8G5P_OR8G6,0
31719,9834606,OR8H1,0
31720,9834606,OR8H2,0
31721,9834606,OR8H3,0
31722,9834606,OR8I2,0
31723,9834606,OR8J1,0
31724,9834606,OR8J3,0
31725,9834606,OR8K1,0
31726,9834606,OR8K3,0
31727,9834606,OR8K5,0
31728,9834606,OR8S1,0
31729,9834606,OR8U1,0
31730,9834606,OR8U3_OR5R1_OR5R1P,0
31731,9834606,OR8U8,0
31732,9834606,OR8U9,0
31733,9834606,OR9A2,0
31734,9834606,OR9A4,0
31735,9834606,OR9G4,0
31736,9834606,OR9G9,0
31737,9834606,OR9I1,0
31738,9834606,OR9K2,0
31739,9834606,OR9Q1,0
31740,9834606,OR9Q2_OR9Q2P,0
31741,10290825,OR1A1,0
31742,10290825,OR2M3_OR2M3P_OR2M6,0
31743,10290825,OR2W1,0
31744,10887971,OR2W1,1
31745,10887971,OR2W1,1
31746,10887971,OR5K1,0
31747,10887971,OR5M3,0
31748,10887971,OR8D1_OR8D3,0
31749,11064468,OR11A1_OR11A2,0
31750,11064468,OR5A1_OR5A1P,0
31751,11064468,OR5A2,1
31752,11064468,OR5AN1,1
31753,11064468,OR5AN1,1
31754,11094871,OR2W1,1
31755,11094871,OR5K1,0
31756,11094871,OR5M3,0
31757,11094871,OR8D1_OR8D3,0
31758,11253089,OR5AN1,1
31759,11277198,OR11A1_OR11A2,0
31760,11277198,OR5A1_OR5A1P,0
31761,11277198,OR5A2,1
31762,11277198,OR5AN1,0
31763,11470552,OR1A1,1
31764,11964245,OR1A1,0
31765,11964245,OR1A2,0
31766,12022011,OR11A1_OR11A2,0
31767,12022011,OR5A1_OR5A1P,0
31768,12022011,OR5A2,1
31769,12022011,OR5AN1,0
31770,12410118,OR11A1_OR11A2,0
31771,12410118,OR5A1_OR5A1P,0
31772,12410118,OR5A2,1
31773,12410118,OR5AN1,1
31774,12410118,OR5AN1,1
31775,12681285,OR51E2,0
31776,14434313,OR1D2,1
31777,16063567,OR11A1_OR11A2,0
31778,16063567,OR5A1_OR5A1P,0
31779,16063567,OR5A2,1
31780,16063567,OR5AN1,0
31781,16666688,OR51E1_OR51E1P_OR52A3P,0
31782,16666688,OR51E2,0
31783,16666688,OR51I2,0
31784,16666688,OR51L1,0
31785,16666688,OR52A5,0
31786,16666688,OR52B2,0
31787,16666688,OR52D1,0
31788,16666688,OR52E8,1
31789,16666688,OR52L1,0
31790,16666688,OR56A5_OR56A5P,0
31791,17972404,OR1D2,1
31792,21997287,OR2M3_OR2M3P_OR2M6,1
31793,21997288,OR10A2_OR10A2P,0
31794,21997288,OR10A3,0
31795,21997288,OR10A4_OR10A4P,0
31796,21997288,OR10A5_OR10A1,0
31797,21997288,OR10A6,0
31798,21997288,OR10A7,0
31799,21997288,OR10AD1_OR10AD1P,0
31800,21997288,OR10AG1,0
31801,21997288,OR10C1_OR10C2,0
31802,21997288,OR10D3,0
31803,21997288,OR10G3,0
31804,21997288,OR10G4,0
31805,21997288,OR10G6_OR10G6P,0
31806,21997288,OR10G7,0
31807,21997288,OR10G8,0
31808,21997288,OR10G9_OR10G10P,0
31809,21997288,OR10H1,0
31810,21997288,OR10H2,0
31811,21997288,OR10H3,0
31812,21997288,OR10H4,0
31813,21997288,OR10H5,0
31814,21997288,OR10J1,0
31815,21997288,OR10J3_OR10J3P,0
31816,21997288,OR10J5,1
31817,21997288,OR10K1,0
31818,21997288,OR10K2,0
31819,21997288,OR10P1_OR10P1P_OR10P2P_OR10P3P,0
31820,21997288,OR10Q1,0
31821,21997288,OR10R2,0
31822,21997288,OR10S1,0
31823,21997288,OR10T2,0
31824,21997288,OR10V1,0
31825,21997288,OR10W1_OR10W1P,0
31826,21997288,OR10X1_OR10X1P,0
31827,21997288,OR10Z1,0
31828,21997288,OR11A1_OR11A2,0
31829,21997288,OR11G2,0
31830,21997288,OR11H1,0
31831,21997288,OR11H2_OR11H2P,0
31832,21997288,OR11H4,0
31833,21997288,OR11H6,0
31834,21997288,OR11L1,0
31835,21997288,OR12D2,0
31836,21997288,OR12D3,0
31837,21997288,OR13A1,0
31838,21997288,OR13C2,0
31839,21997288,OR13C3,0
31840,21997288,OR13C4,0
31841,21997288,OR13C5,0
31842,21997288,OR13C8,0
31843,21997288,OR13C9,0
31844,21997288,OR13D1,0
31845,21997288,OR13F1,0
31846,21997288,OR13G1,0
31847,21997288,OR13H1,0
31848,21997288,OR13J1,0
31849,21997288,OR14A2_OR5AX1_OR5AX1P,0
31850,21997288,OR14C36_OR5BF1,0
31851,21997288,OR14I1_OR5BU1_OR5BU1P,0
31852,21997288,OR14J1_OR5U1,0
31853,21997288,OR14K1_OR5AY1,0
31854,21997288,OR1A1,0
31855,21997288,OR1A2,1
31856,21997288,OR1C1,0
31857,21997288,OR1D2,0
31858,21997288,OR1D5,0
31859,21997288,OR1E1_OR1E5_OR1E6_OR1E9P,0
31860,21997288,OR1E2_OR1E4,0
31861,21997288,OR1F1,0
31862,21997288,OR1F12P_OR1F12,0
31863,21997288,OR1G1_OR1G2,0
31864,21997288,OR1I1,0
31865,21997288,OR1J1,0
31866,21997288,OR1J2_OR1J3_OR1J5,0
31867,21997288,OR1J4,1
31868,21997288,OR1K1,0
31869,21997288,OR1L1_OR1L2,0
31870,21997288,OR1L3,0
31871,21997288,OR1L4_OR1L5,0
31872,21997288,OR1L6_OR1L7,0
31873,21997288,OR1L8,0
31874,21997288,OR1M1,0
31875,21997288,OR1N1_OR1N3,0
31876,21997288,OR1N2,0
31877,21997288,OR1Q1_OR1Q2_OR1Q3,0
31878,21997288,OR1S1,0
31879,21997288,OR1S2,0
31880,21997288,OR2A1,0
31881,21997288,OR2A12_OR2A12P,0
31882,21997288,OR2A14_OR2A14P_OR2A6,0
31883,21997288,OR2A25_OR2A25P_OR2A27,0
31884,21997288,OR2A2_OR2A17P_OR2A2P,0
31885,21997288,OR2A4_OR2A10,0
31886,21997288,OR2A5_OR2A26_OR2A8,0
31887,21997288,OR2A7,0
31888,21997288,OR2AE1_OR2AE2,0
31889,21997288,OR2AG1_OR2AG3,0
31890,21997288,OR2AG2_OR2AG2P,0
31891,21997288,OR2AJ1_OR2AJ1P,0
31892,21997288,OR2AK2_OR2AK1P,0
31893,21997288,OR2AP1_OR2AP1P,0
31894,21997288,OR2AT4,0
31895,21997288,OR2B11,0
31896,21997288,OR2B2_OR2B9,0
31897,21997288,OR2B3_OR2B3P,0
31898,21997288,OR2B6,0
31899,21997288,OR2C1,0
31900,21997288,OR2C3_OR2C4_OR2C5P,0
31901,21997288,OR2D2_OR2D1,0
31902,21997288,OR2D3,0
31903,21997288,OR2F1_OR2F3_OR2F3P_OR2F4_OR2F5,0
31904,21997288,OR2F2,0
31905,21997288,OR2G2,0
31906,21997288,OR2G3,0
31907,21997288,OR2G6,0
31908,21997288,OR2H1_OR2H6_OR2H8,0
31909,21997288,OR2H2_OR2H3,0
31910,21997288,OR2J1_OR2J1P,0
31911,21997288,OR2J2,0
31912,21997288,OR2J3,0
31913,21997288,OR2K2_OR2AR1P,0
31914,21997288,OR2L13_OR2L14,0
31915,21997288,OR2L2_OR2L12_OR2L4P,0
31916,21997288,OR2L3,0
31917,21997288,OR2L5_OR2L11,0
31918,21997288,OR2L8,0
31919,21997288,OR2M2,0
31920,21997288,OR2M3_OR2M3P_OR2M6,0
31921,21997288,OR2M4,0
31922,21997288,OR2M7,0
31923,21997288,OR2S2,0
31924,21997288,OR2T1,0
31925,21997288,OR2T10,0
31926,21997288,OR2T11,0
31927,21997288,OR2T29,0
31928,21997288,OR2T2_OR2T2P,0
31929,21997288,OR2T3,0
31930,21997288,OR2T33,0
31931,21997288,OR2T34,0
31932,21997288,OR2T35,0
31933,21997288,OR2T4,0
31934,21997288,OR2T5,0
31935,21997288,OR2T6_OR2T6P_OR2T9,0
31936,21997288,OR2T8_OR2T8P,0
31937,21997288,OR2V1,0
31938,21997288,OR2V2_OR2V3,0
31939,21997288,OR2W1,0
31940,21997288,OR2W3_OR2W3P_OR2W8P,0
31941,21997288,OR2W5P_OR2W5,0
31942,21997288,OR2Y1,0
31943,21997288,OR2Z1_OR2Z2,0
31944,21997288,OR3A1,0
31945,21997288,OR3A2,0
31946,21997288,OR3A3_OR3A6_OR3A7_OR3A8P,0
31947,21997288,OR3A4P_OR3A4_OR3A5P,0
31948,21997288,OR4A15,0
31949,21997288,OR4A16,0
31950,21997288,OR4A47,0
31951,21997288,OR4A5,0
31952,21997288,OR4B1,0
31953,21997288,OR4C11_OR4C11P,0
31954,21997288,OR4C12,0
31955,21997288,OR4C15,0
31956,21997288,OR4C16,0
31957,21997288,OR4C3,0
31958,21997288,OR4C46,0
31959,21997288,OR4C5,0
31960,21997288,OR4C6,0
31961,21997288,OR4D10_OR4D10P,0
31962,21997288,OR4D1_OR4D3,0
31963,21997288,OR4D2,0
31964,21997288,OR4D5,0
31965,21997288,OR4D6,0
31966,21997288,OR4D9,0
31967,21997288,OR4E2,0
31968,21997288,OR4F15,0
31969,21997288,OR4F17_OR4F11P_OR4F18_OR4F19,0
31970,21997288,OR4F21_OR4F21P,0
31971,21997288,OR4F3,0
31972,21997288,OR4F4,0
31973,21997288,OR4F6_OR4F12,0
31974,21997288,OR4K1,0
31975,21997288,OR4K13,0
31976,21997288,OR4K15,0
31977,21997288,OR4K17,0
31978,21997288,OR4K2,0
31979,21997288,OR4K5,0
31980,21997288,OR4L1_OR4L2P,0
31981,21997288,OR4M1,0
31982,21997288,OR4N2,0
31983,21997288,OR4N4,0
31984,21997288,OR4P4_OR4P3P,0
31985,21997288,OR4Q3_OR4Q4,0
31986,21997288,OR4S1,0
31987,21997288,OR4S2_OR4S2P,0
31988,21997288,OR4X1,0
31989,21997288,OR4X2,0
31990,21997288,OR51A2,0
31991,21997288,OR51A4,0
31992,21997288,OR51A7,0
31993,21997288,OR51B2_OR51B1P,0
31994,21997288,OR51B4,0
31995,21997288,OR51B5,0
31996,21997288,OR51B6,0
31997,21997288,OR51D1,0
31998,21997288,OR51E1_OR51E1P_OR52A3P,0
31999,21997288,OR51E2,0
32000,21997288,OR51F1_OR51F1P,0
32001,21997288,OR51F2,0
32002,21997288,OR51G1_OR51G3P,0
32003,21997288,OR51G2,0
32004,21997288,OR51I1,0
32005,21997288,OR51I2,0
32006,21997288,OR51J1_OR51J1P_OR51J2,0
32007,21997288,OR51L1,0
32008,21997288,OR51M1,0
32009,21997288,OR51Q1,0
32010,21997288,OR51S1,0
32011,21997288,OR51T1,1
32012,21997288,OR51V1_OR51A12,0
32013,21997288,OR52A1,0
32014,21997288,OR52A4P_OR52A4,0
32015,21997288,OR52A5,1
32016,21997288,OR52B2,0
32017,21997288,OR52B4,0
32018,21997288,OR52B6,0
32019,21997288,OR52D1,0
32020,21997288,OR52E2,0
32021,21997288,OR52E4,0
32022,21997288,OR52E5,0
32023,21997288,OR52E6,0
32024,21997288,OR52E8,0
32025,21997288,OR52H1,0
32026,21997288,OR52I1,0
32027,21997288,OR52I2,0
32028,21997288,OR52J3,0
32029,21997288,OR52K1,0
32030,21997288,OR52K2,0
32031,21997288,OR52L1,1
32032,21997288,OR52M1_OR52M1P,0
32033,21997288,OR52N1,0
32034,21997288,OR52N2,0
32035,21997288,OR52N4,0
32036,21997288,OR52N5,1
32037,21997288,OR52R1,0
32038,21997288,OR52W1_OR52W1P,0
32039,21997288,OR56A1,0
32040,21997288,OR56A3_OR56A3P_OR56A6,0
32041,21997288,OR56A4,0
32042,21997288,OR56A5_OR56A5P,0
32043,21997288,OR56B1_OR56B1P,0
32044,21997288,OR56B4,1
32045,21997288,OR5A1_OR5A1P,0
32046,21997288,OR5A2,0
32047,21997288,OR5AC2,0
32048,21997288,OR5AK2,0
32049,21997288,OR5AN1,0
32050,21997288,OR5AP2,0
32051,21997288,OR5AR1,0
32052,21997288,OR5AS1,0
32053,21997288,OR5AU1,0
32054,21997288,OR5B12_OR5B12P_OR5B16,0
32055,21997288,OR5B17_OR5B20P,0
32056,21997288,OR5B2,0
32057,21997288,OR5B21,0
32058,21997288,OR5B3_OR5B13,0
32059,21997288,OR5C1_OR5C2P,0
32060,21997288,OR5D13,0
32061,21997288,OR5D14,0
32062,21997288,OR5D16,0
32063,21997288,OR5D18,0
32064,21997288,OR5F1,0
32065,21997288,OR5H1,0
32066,21997288,OR5H14,0
32067,21997288,OR5H2,0
32068,21997288,OR5H6,0
32069,21997288,OR5J2,0
32070,21997288,OR5K1,0
32071,21997288,OR5K2,0
32072,21997288,OR5K3,0
32073,21997288,OR5K4,0
32074,21997288,OR5L1,0
32075,21997288,OR5M1,0
32076,21997288,OR5M10,0
32077,21997288,OR5M11,1
32078,21997288,OR5M3,0
32079,21997288,OR5M8,0
32080,21997288,OR5M9,0
32081,21997288,OR5P2,0
32082,21997288,OR5P3,0
32083,21997288,OR5T1_OR5T1P,0
32084,21997288,OR5T2,0
32085,21997288,OR5T3,0
32086,21997288,OR5V1,0
32087,21997288,OR5W2_OR5W2P_OR5W3P,0
32088,21997288,OR6A2_OR6A1_OR6A2P,0
32089,21997288,OR6B1,0
32090,21997288,OR6B2_OR6B2P,0
32091,21997288,OR6B3_OR6B3P,0
32092,21997288,OR6C1,0
32093,21997288,OR6C2,0
32094,21997288,OR6C3,0
32095,21997288,OR6C4,0
32096,21997288,OR6C6,0
32097,21997288,OR6C65,0
32098,21997288,OR6C68,0
32099,21997288,OR6C70,0
32100,21997288,OR6C74,0
32101,21997288,OR6C75,0
32102,21997288,OR6C76,0
32103,21997288,OR6F1,0
32104,21997288,OR6J1_OR6J2,0
32105,21997288,OR6K2,0
32106,21997288,OR6K3,0
32107,21997288,OR6K6,0
32108,21997288,OR6M1,0
32109,21997288,OR6N1,0
32110,21997288,OR6N2,0
32111,21997288,OR6P1,0
32112,21997288,OR6Q1,0
32113,21997288,OR6S1,0
32114,21997288,OR6T1,0
32115,21997288,OR6V1,0
32116,21997288,OR6X1,0
32117,21997288,OR6Y1_OR6Y2,0
32118,21997288,OR7A10,0
32119,21997288,OR7A17,0
32120,21997288,OR7A5,1
32121,21997288,OR7C1_OR7C4,0
32122,21997288,OR7D2,0
32123,21997288,OR7D4_OR7D4P,0
32124,21997288,OR7E24_OR7E24P,0
32125,21997288,OR7G2,0
32126,21997288,OR7G3,0
32127,21997288,OR8A1,0
32128,21997288,OR8B12,0
32129,21997288,OR8B2,0
32130,21997288,OR8B3,0
32131,21997288,OR8B4_OR8B4P,0
32132,21997288,OR8B8,0
32133,21997288,OR8D1_OR8D3,0
32134,21997288,OR8D2,0
32135,21997288,OR8D4,0
32136,21997288,OR8G1_OR8G1P,0
32137,21997288,OR8G5_OR8G5P_OR8G6,0
32138,21997288,OR8H1,0
32139,21997288,OR8H2,0
32140,21997288,OR8H3,0
32141,21997288,OR8I2,0
32142,21997288,OR8J1,0
32143,21997288,OR8J3,0
32144,21997288,OR8K1,0
32145,21997288,OR8K3,0
32146,21997288,OR8K5,0
32147,21997288,OR8S1,0
32148,21997288,OR8U1,0
32149,21997288,OR8U3_OR5R1_OR5R1P,0
32150,21997288,OR8U8,0
32151,21997288,OR8U9,0
32152,21997288,OR9A2,0
32153,21997288,OR9A4,0
32154,21997288,OR9G4,0
32155,21997288,OR9G9,0
32156,21997288,OR9I1,0
32157,21997288,OR9K2,0
32158,21997288,OR9Q1,0
32159,21997288,OR9Q2_OR9Q2P,0
32160,22713151,OR1D2,1
32161,22716858,OR2W1,1
32162,22716858,OR5K1,0
32163,22716858,OR5M3,0
32164,22716858,OR8D1_OR8D3,0
32165,44152188,OR11A1_OR11A2,0
32166,44152188,OR5A1_OR5A1P,0
32167,44152188,OR5A2,1
32168,44152188,OR5AN1,1
32169,53836233,OR1G1_OR1G2,0
32170,53836233,OR1L3,0
32171,53836233,OR2B3_OR2B3P,0
32172,53836233,OR2G2,0
32173,53836233,OR2M4,0
32174,53836233,OR2T10,0
32175,53836233,OR2T34,0
32176,53836233,OR5AC2,0
32177,53836233,OR5B17_OR5B20P,0
32178,54116156,OR5AN1,1
32179,54116156,OR5AN1,1
32180,54543965,OR5AN1,1
32181,54682930,OR10J5,0
32182,54682930,OR1A1,0
32183,54682930,OR2C1,0
32184,54682930,OR2J2,0
32185,54682930,OR2M7,0
32186,54682930,OR2W1,0
32187,54682930,OR51E1_OR51E1P_OR52A3P,0
32188,54682930,OR51E2,0
32189,54682930,OR51L1,0
32190,54682930,OR5P3,0
32191,58531255,OR2AG1_OR2AG3,1
32192,58531255,OR5K1,1
32193,66823518,OR5AN1,1
32194,66934567,OR1D2,1
32195,88369124,OR1A1,0
32196,88369124,OR1A2,0
32197,91343894,OR2AG1_OR2AG3,1
32198,91343894,OR5K1,0
32199,91691547,OR7D4_OR7D4P,0
32200,109374181,OR10A6,1
